5.241638209833639032e-03
2.334170503783978071e-03
9.017842036352290841e-03
1.015927823986144309e-03
3.466202755281396278e-03
1.677815522506592716e-03
3.938186759146764318e-03
3.645324760298440225e-03
1.942747034032991796e-03
3.997817277230681851e-03
1.293420348847550442e-03
5.823869613250399861e-03
1.273265341028629585e-03
4.008735266586124085e-03
1.429049808493576719e-03
5.529286679560616556e-03
1.054311732377850690e-03
2.589404862838098724e-03
8.234929771244271779e-03
2.614507632762233524e-03
1.750067457388052028e-03
6.164819405917325128e-03
1.262580699281111224e-03
5.996966754622001447e-03
5.118497992095176474e-03
7.524956225519708122e-03
1.334648719914621534e-03
1.386511744675361082e-03
6.625936173692742286e-03
2.520842843905812120e-03
6.229967761070020690e-03
9.210327063383845839e-03
2.825909935066889082e-03
9.043550466514518882e-03
7.178585786394998947e-03
3.112203091681668352e-03
9.426913969560919704e-03
7.952919782998762316e-03
9.188815753118497820e-04
1.854733929436281313e-03
4.112567927347829735e-03
3.483212860501371834e-03
2.904956252860289335e-03
1.589267163939775494e-03
1.990359167791091489e-03
7.526122265259945626e-03
3.890158799181485643e-03
5.007831047124081461e-03
3.437634367808538143e-03
5.371747153278099915e-03
8.076521845866730526e-03
9.918659242540302755e-04
3.916150743658787514e-03
1.756872169302667840e-03
6.191749823542140596e-03
1.706885753090270916e-03
1.604935427270169808e-03
3.065544024936262164e-03
8.758281266409272819e-03
3.164963122289639590e-03
1.622097629812331273e-03
4.873590510485023737e-03
2.091539441104226828e-03
1.765200391214739395e-03
2.739761259612396530e-03
8.388746661027842583e-03
2.840258993599570694e-03
1.436923834615783709e-03
8.393287959762279343e-03
4.850115234166710657e-03
1.834506380086290637e-03
6.268498117283052146e-03
8.387178880565017078e-03
4.459378538537143652e-03
8.039158465935770242e-03
2.578661889110532048e-03
2.128967321476342347e-03
8.778386041455202987e-03
8.932360368878504431e-03
4.867483530640003865e-03
9.742782920891788351e-03
5.259730224123815648e-03
2.841678782790911344e-03
7.870901399342836169e-03
1.897645718825688096e-03
5.857307143963905866e-03
5.440555841718734340e-03
5.154400450706623019e-03
2.156376917547395047e-03
9.071155783322555274e-03
2.281910226214749898e-03
3.833127315361514655e-03
6.745802104413110498e-03
2.632401150334251049e-03
6.905628889052988807e-03
6.860441069998913025e-03
1.921122538485946956e-03
2.308763930412628586e-03
4.104699698044682668e-03
7.853629130643680761e-03
1.999277565622418085e-03
1.890665888657497122e-03
3.142888127197955225e-03
3.403616212346401246e-03
8.156964665500077843e-03
2.648677208004400051e-03
7.284828109546032972e-03
9.886030955631421729e-03
9.229859063932678576e-03
7.245785223646564188e-03
2.407989232556195791e-03
3.365535950551419055e-03
1.510241472753038596e-03
5.656661233435519506e-03
1.289725759197609539e-03
5.143219138859418844e-03
4.452925807765461229e-03
4.830327814266361514e-03
1.747553792761778746e-03
9.929525318652505234e-03
1.828992904566128803e-03
1.010101629132255201e-03
1.130820791315088371e-03
1.204825662839876816e-03
1.816419369747765931e-03
2.923930989128471769e-03
1.557109531158424633e-03
2.250483401313489121e-03
5.652565886130048699e-03
1.730212526222504009e-03
2.472515528456810212e-03
5.590482345723424631e-03
5.864735900488869495e-03
1.740686387585011798e-03
1.142313578950689525e-03
2.663179974872881099e-03
1.937038255856002918e-03
3.418307739746428812e-03
6.016417005312878208e-03
6.676051287161242388e-03
1.269871115724820459e-03
7.768437757270980730e-03
2.731570201909017722e-03
4.234065608654087598e-03
3.744302587485426759e-03
2.095750115208959083e-03
6.197199746789753758e-03
2.253667777080402626e-03
3.674928311852707335e-03
8.664235868622013892e-03
5.099841020679040868e-03
9.201681942408952708e-03
1.928424316461353847e-03
1.301271637462542282e-03
2.303205890068783009e-03
9.047873427045972916e-03
1.994072502060655581e-03
1.533624063505126863e-03
9.946762054096922739e-03
6.741209064059550810e-03
9.209072459895516205e-03
1.006183585025819879e-02
8.802802958888895565e-03
7.784843270822534161e-03
3.071378876507418337e-03
2.731832328474859302e-03
6.675845722125229101e-03
1.530096810415111207e-03
3.223723035633832210e-03
6.638802546896972225e-03
3.591789670298375144e-03
2.225545544349298924e-03
7.048697192726528782e-03
5.616678413547373377e-03
1.792770984772051619e-03
2.977324565871497172e-03
5.398743001116599986e-03
6.368059071914041261e-03
2.572110608864274818e-03
2.345099933037799594e-03
1.926427841635468870e-03
4.482772281539849912e-03
2.175633220722123472e-03
4.274277166371638625e-03
2.587887678014843141e-03
1.572619319567807039e-03
4.417530442195892124e-03
2.543719718808316096e-03
1.270923114306732890e-03
4.834646717406363217e-03
1.574080465425744440e-03
3.909655311211977791e-03
3.546591881534478206e-03
3.288404355393184479e-03
6.642980941144930804e-03
2.667236468029517832e-03
3.970073346085033206e-03
8.996943280024035511e-03
2.023702870962036052e-03
7.480898181429610633e-03
2.340172472139333444e-03
7.280625622219129289e-03
2.060322468550001163e-03
4.920806517031721047e-03
8.089862970812860404e-03
1.070106392412738944e-03
2.662339735638303423e-03
1.075345106450126612e-03
7.128872920110843926e-03
2.054971928766823920e-03
6.787294093176887352e-03
1.909786953244678193e-03
5.573472353993870129e-03
5.891054934058830884e-03
1.188310618369454964e-03
1.049387503818189574e-03
3.783171493117119290e-03
8.862159430207967870e-03
2.398231937995723862e-03
3.913088427850099429e-03
1.452815319431239585e-03
2.473696011764291852e-03
3.314026560511075352e-03
1.159634814083605530e-03
1.118018913216430564e-03
4.570149798204248270e-03
3.976396748038405621e-03
4.778977507705985985e-03
7.576278132945671491e-03
1.662916613526261873e-03
3.419363746586257143e-03
2.333410244800941408e-03
1.809606231900475664e-03
1.612322497397426866e-03
5.891104989737437278e-03
4.815427371754773395e-03
4.281709613896166403e-03
5.223307658918442328e-03
5.618096062714162363e-03
2.338475009092956438e-03
6.109715365477230015e-03
1.803266893338347507e-03
1.679705495532788934e-03
2.070361340871624059e-03
5.884167171450785036e-03
6.044668824257352913e-03
5.721950268095944703e-03
1.691490500934675172e-03
4.842097023603044934e-03
1.321722669238838176e-03
4.077295665445368825e-03
4.016900588109844142e-03
4.107000483678921107e-03
6.904302179014292287e-03
6.275110732393590629e-03
1.913688322850089739e-03
7.749804627512832389e-03
6.936110836683565851e-03
1.467821186282540187e-03
1.199244566296819468e-03
4.832362308305867583e-03
1.275628816316201272e-03
1.029384493670400073e-03
1.222098770867662259e-03
9.502332266993648163e-03
9.688368965893170287e-03
3.253195784048345304e-03
1.617263124193990889e-03
2.352773619750925770e-03
1.191829130597772983e-03
1.787317728814076870e-03
5.929763173262356940e-03
8.912824934754197403e-03
9.273013896517769833e-03
2.179570581411089010e-03
2.010937677376777033e-03
6.072770274310084967e-03
3.788190674372497388e-03
1.858834357367975237e-03
1.469205413094157309e-03
6.511762248820893509e-03
7.011271371250191523e-03
4.973726470697862126e-03
3.826718720182917862e-03
5.340551996641444525e-03
8.017505440295280561e-03
1.570483773393801814e-03
6.494590235505547093e-03
2.030514047718958749e-03
6.419201625974346390e-03
4.610454794705886976e-03
3.463714324329049410e-03
3.932504952742450766e-03
2.001368403740487988e-03
5.671937823325928427e-03
4.217102556976010802e-03
1.660657274421706558e-03
1.712397867221253193e-03
2.469138125911624071e-03
7.680297230248234533e-03
2.066620464330983301e-03
3.052412753698125619e-03
5.314138223916031051e-03
4.307282509006901683e-03
2.627352076494397955e-03
1.047622767512787056e-03
5.362394276228010445e-03
2.951711612416311331e-03
4.758897210563503913e-03
6.813087322854677677e-03
9.732316829079646486e-03
2.617856730728686330e-03
5.204046842291665600e-03
7.759574416741297706e-03
8.839011003694233204e-03
7.344987263334299549e-03
4.681932744554247010e-03
2.961388154735422953e-03
2.164385986701539057e-03
4.072085040781088169e-03
8.508556168672923303e-03
1.759892270104909890e-03
5.556340212282272380e-03
8.350819902770115384e-04
7.861635180197104264e-03
2.241137812443662076e-03
4.632883780366884793e-03
1.228799870864465214e-03
3.030060690377193132e-03
3.303807099439596065e-03
1.784274196848141276e-03
8.347688963046205959e-03
6.398811677874196788e-03
6.332461803032776726e-03
5.646122161887662944e-03
8.932069974538591264e-03
2.068045897098550086e-03
3.302318140549318545e-03
2.087575250692442000e-03
4.964823670639263026e-03
7.674150879218376298e-03
9.246596200683418823e-03
5.038071110746955746e-03
9.094391372026649351e-03
8.881594020924097124e-03
5.277870465590509333e-03
1.521030245410945076e-03
1.114563507373190175e-03
3.016024500120821454e-03
2.806304933021173259e-03
2.310952002276813518e-03
2.334207319034935224e-03
1.532077021095734713e-03
1.440585781200318279e-03
6.545890786369712791e-03
2.526155513832525554e-03
4.376383746315853050e-03
1.511154144658808166e-03
9.505941516091118149e-03
5.462057891862596992e-03
8.653798923328133441e-03
2.292116711042038475e-03
2.880254349177548481e-03
7.879004197401427018e-03
1.567449512681005777e-03
2.038845260602985439e-03
1.248574401490799065e-03
3.453397572677357769e-03
8.946669452827991226e-03
2.007763266625153895e-03
9.680184861075184777e-03
4.759586933241787346e-03
6.842954358842431514e-03
1.811593142545710926e-03
3.123556803324055269e-03
1.478477426999694026e-03
2.952300084088528391e-03
2.278220167048957204e-03
8.167771527911080187e-03
8.168159264166228312e-03
2.157375838778671957e-03
8.390396179616010919e-03
9.016762461699887737e-03
1.678221081546406052e-03
2.723526810463963721e-03
2.316794298018068615e-03
4.781821550564325368e-03
5.372555286006443567e-03
6.639410123245851128e-03
5.153752691968334354e-03
2.368227284752058397e-03
4.084024616217314489e-03
3.045691035225530068e-03
1.927000473768714257e-03
1.369874373868434133e-03
3.173577636704818551e-03
8.099274402256764413e-03
8.876648167378688170e-03
5.461552222223347956e-03
1.131259253796836322e-03
7.985066050555166689e-03
2.207329277309882584e-03
1.768931734649700077e-03
2.073195466780173874e-03
7.431382238067744603e-03
1.025352929201163270e-03
1.009153724438016566e-03
2.917442092563921063e-03
1.167411396731707525e-03
5.816735249405526574e-03
7.415158876664905419e-03
3.621895148026600501e-03
3.958789564522395728e-03
5.908990894235702229e-03
1.265630636779560732e-03
4.630833261025505895e-03
6.976001013394831154e-03
6.335364253805717341e-03
4.211912957041121647e-03
5.442036751616789562e-03
7.083614378099420059e-03
2.248241635782176687e-03
1.668917736896690382e-03
1.889256831702663519e-03
8.004849024061582233e-03
4.529446961609474680e-03
2.165879065000355687e-03
7.329085746080209705e-03
8.436084329107137320e-03
1.779663246115739889e-03
9.919861753893369910e-03
1.739707517206096586e-03
1.487139482234559095e-03
3.052701670462449994e-03
2.239875835073325272e-03
5.490286913028051205e-03
3.411045062100017539e-03
6.968059210311004260e-03
1.623887995150857626e-03
1.567231809114347663e-03
2.834670350969334830e-03
1.721700797098361761e-03
2.365929110581886652e-03
9.198239516532875915e-03
6.072896969982928550e-03
2.537665320048371198e-03
6.936790347479170407e-03
9.805640727788458855e-03
9.693266018824000380e-03
2.707916108133106084e-03
9.409329008744117540e-03
1.972587850593559167e-03
1.704414105115210605e-03
3.083275455205788333e-03
6.050782692158428004e-03
6.333949843592596995e-03
4.438912608126777820e-03
1.237351887273483017e-03
8.188269926759257633e-03
6.791819571105256123e-03
4.646529846259985636e-03
8.023002659913370692e-04
2.571476578087874068e-03
8.114586276129424902e-03
2.226117552866835759e-03
1.218941027317948329e-03
1.693104850269998036e-03
1.942044100474022306e-03
4.828288614652318650e-03
7.454807300499121173e-03
1.545747380580699427e-03
2.104121335498687455e-03
8.676480840819336335e-03
4.681774942034880316e-03
3.304609515754901479e-03
3.563189223412056676e-03
9.234167791789451435e-03
1.765822836324383452e-03
9.856139087638073754e-03
2.334335818527982689e-03
9.043667933949957327e-03
1.476449035189311872e-03
1.844997174176524028e-03
6.043082574492660876e-03
4.397110453168370098e-03
8.195729568218840591e-03
7.369620777762111996e-03
5.029774694945945285e-03
3.783901438713726910e-03
1.513782822614945104e-03
5.360789844076339558e-03
2.688402067710167227e-03
7.995116141573985202e-03
1.660440734592783310e-03
1.894789829225671223e-03
5.827707075430016946e-03
2.372502170578515146e-03
2.046075889730049682e-03
3.475455644827304957e-03
8.572116964891324242e-03
2.327678401523817359e-03
2.163492356220931157e-03
3.392504892836048329e-03
1.891318651060495135e-03
2.161177546222898746e-03
4.755008720950741619e-03
2.187458400158532809e-03
1.936674575903631415e-03
1.944271209103126978e-03
2.357404142741366913e-03
2.490048085411350649e-03
3.701171422836089121e-03
2.792158795423254486e-03
3.324573222711312004e-03
1.134860720161035962e-03
5.100632547573155130e-03
4.569884752289929755e-03
6.416699350776884636e-03
9.292945770663550709e-03
9.238226490777247391e-03
1.371770050632459183e-03
1.489739612765410802e-03
2.381247384159834984e-03
6.312010563749194739e-03
3.218894118696653990e-03
7.626775321530656834e-03
2.411227689414413306e-03
8.354745799490394254e-03
2.294464051102417836e-03
4.506777939719963308e-03
9.941886608728555882e-03
1.324379490965716527e-03
5.258185951843267689e-03
5.184189047391707383e-03
5.246460037477756674e-03
2.317027897342544603e-03
6.040031802326246632e-03
2.401622231543013020e-03
3.004770691914300518e-03
4.620773092675161710e-03
4.905935406412011840e-03
2.551777280242843553e-03
4.568816444095217914e-03
2.449733152665303088e-03
7.743626616569044066e-03
4.845986329843021863e-03
9.333302793165864503e-03
9.533891247273666020e-03
5.836590049418144063e-03
3.426690255778415406e-03
5.873907795813019042e-03
2.037236285577886854e-03
3.133050219233600095e-03
3.908411987655483963e-03
1.526779751113747832e-03
1.025347126158761626e-02
1.254322554893679172e-03
1.522734187417010276e-03
6.280115690905564707e-03
8.350971831017708208e-03
1.968415923458504378e-03
6.205715117354794821e-03
2.170115047673736291e-03
3.289740523481587704e-03
7.651471565051340754e-03
1.252311250404648715e-03
8.703309532999546627e-03
1.553088772352494238e-03
2.104717936867317972e-03
1.099936560206268236e-03
1.898806240698796026e-03
4.030910336072593761e-03
1.161916245679887492e-03
5.438791879100375939e-03
1.545123842607607195e-03
7.120407422014128976e-03
5.595089568195306916e-03
2.455220163894658841e-03
1.559127449643782706e-03
1.522787256246974433e-03
8.712950944765589234e-03
5.301519940578372329e-03
5.827238655967631985e-03
5.049134023844565472e-03
4.948142578102823416e-03
2.770981305950727912e-03
1.865006605691720953e-03
6.098997830580826437e-03
2.217184011898607615e-03
3.949842381944761692e-03
1.654798411953448860e-03
2.157743533465580031e-03
1.648062982517734757e-03
6.521923346958229291e-03
9.571259764589079913e-03
2.245405504999459581e-03
2.690054444531583735e-03
7.795157655946355867e-03
2.086988344377982418e-03
1.914881499544892219e-03
3.052845213753477803e-03
4.360109626910122806e-03
2.041715681859084322e-03
1.243128957713818435e-03
2.817988554497284463e-03
5.932178829267862469e-03
4.884155878957871164e-03
2.505981456291357570e-03
4.356116990680490922e-03
1.907432192129999548e-03
6.057501743818510982e-03
1.076597147476944603e-03
2.886783720664609556e-03
2.612145387273635648e-03
6.132378603993917342e-03
3.957592777423880707e-03
8.893425981425229221e-03
6.083669673220345672e-03
8.153988830075127592e-03
3.335523353473173434e-03
7.817421759790662422e-03
1.524535678351888589e-03
1.359150698498806913e-03
1.482537009255351177e-03
3.379645821322000560e-03
9.130473416826150046e-03
2.008669378978897128e-03
4.712339347363734415e-03
8.239744309525592891e-03
1.665690530000605955e-03
4.448471287399502483e-03
1.696389766359299124e-03
7.035688016889533186e-03
5.753699999460882251e-03
2.127430891566617875e-03
5.100788026470065920e-03
4.855322187547628059e-03
1.503231108888101932e-03
4.077134470382796569e-03
1.675871947501369249e-03
3.809796233380986254e-03
6.496784316644780080e-03
1.277426642495668339e-03
1.424936914046542359e-03
1.990509529326333314e-03
3.042245032726972886e-03
6.811891156569365585e-03
3.492325112678588798e-03
2.395458665634575719e-03
3.842107384839340938e-03
3.557868622845889069e-03
1.323263369733893762e-03
6.178847710132728994e-03
5.014297251753115775e-03
1.199676710763935552e-03
1.961220041312135200e-03
9.595969638091225024e-03
4.213312953679805573e-03
2.036029798495809368e-03
9.226414701778727634e-03
1.664581903845853243e-03
1.063090597840946495e-03
5.047725552302588514e-03
1.355958940643510989e-03
1.637079386652384207e-03
1.783713101621899619e-03
8.229429439446833867e-04
3.344247276817871421e-03
1.509343477323220892e-03
2.146546751623857816e-03
2.913684084757343223e-03
5.261630398661412689e-03
4.289415323861060780e-03
5.691370470075514387e-03
1.218816817445991492e-03
2.159796539257278873e-03
9.071128762917730426e-04
1.702478634300655944e-03
7.041517805239805999e-03
4.610806480586941182e-03
2.004239094155662974e-03
5.677978536800453238e-03
4.933081601313041645e-03
1.139257263545764062e-03
1.044341416892659129e-03
5.285350736393981674e-03
8.403261142226305797e-03
4.994790903789852674e-03
3.971377665386639777e-03
2.599052957332024551e-03
4.595756992568813051e-03
6.468047650038640309e-03
6.541410538702921787e-03
2.749869028267739549e-03
4.128428410621931381e-03
5.897544355776069419e-03
4.596177809156944474e-03
3.618624916259114126e-03
1.850735257280589682e-03
9.775171238495420495e-03
1.908839125886507230e-03
8.949674196736246562e-03
1.619780752392647452e-03
4.460948555354404994e-03
5.286207072514047950e-03
6.157795031398950042e-03
1.797775656472612752e-03
3.306486540595426037e-03
2.580629111110200116e-03
4.659158667240216253e-03
1.337078958201165773e-03
6.146115328585288924e-03
6.563106540112144220e-03
8.065489133091748031e-03
2.584419158132387952e-03
5.799208674924345719e-03
5.321393822862785505e-03
4.016087156556486307e-03
6.299100523815373207e-03
4.936574384955380937e-03
5.394867687762554612e-03
3.820511643052650584e-03
4.968184972880977657e-03
7.901313378762236939e-03
4.776140054972234997e-03
4.388172549672669440e-03
4.865853353196428546e-03
7.409823573068432395e-03
2.227316188203733865e-03
3.041293954948369547e-03
7.893407696738075074e-03
3.031032801297716458e-03
5.710191859011077425e-03
8.480283666678908178e-03
1.377009373273701447e-03
5.474352492348445037e-03
3.136696352358663096e-03
1.481158061552050346e-03
6.053273547591408489e-03
4.442315538742260504e-03
3.265675524165345678e-03
1.175500977968378050e-03
5.413075046110597810e-03
2.430862298628905238e-03
1.551713643146465042e-03
4.121172109162383329e-03
2.469638072155681298e-03
9.884698297766763425e-03
4.315692080249879103e-03
2.073286791725846914e-03
3.113974458165125452e-03
2.204489189846092854e-03
9.268513769444890540e-03
7.402680478379611989e-03
9.581266314701252645e-03
8.748328682207406545e-03
5.430218281905128258e-03
2.097784578606019974e-03
1.478496032005918465e-03
2.787186699437364020e-03
2.791169141681520277e-03
8.995571730424520296e-03
3.212287679591612453e-03
3.314655497317907026e-03
1.924484019255150169e-03
1.977599457261157781e-03
1.009766346675303531e-03
1.944723209361731925e-03
9.391175661520100720e-03
2.606758695039656723e-03
9.503686424757790043e-04
2.774638610853624038e-03
7.196177463646553224e-03
2.260924069369895772e-03
1.287408426685211554e-03
1.558656759133093470e-03
7.530016625219143438e-03
8.785050429624586751e-03
9.326342290009968783e-03
5.259495472230598691e-03
1.644353331087428398e-03
5.099725593142197949e-03
1.902425259001649027e-03
8.445917763345734547e-03
7.873649028718898712e-03
4.177372804941587719e-03
1.698484156475295066e-03
6.145412908130970867e-03
6.680865650546104206e-03
1.623155210977923106e-03
3.963999148146581109e-03
6.576029290309792427e-03
7.078287710129866316e-03
1.451018276007880279e-03
4.122927637905334647e-03
1.143709888069293365e-03
4.338916230045350778e-03
3.923901889471565450e-03
2.959248726506654575e-03
1.845838153693000420e-03
2.365652438406393426e-03
1.801248067258920740e-03
3.174217194858953203e-03
3.393191186512476299e-03
3.501271600365305891e-03
8.213568876727824972e-03
9.385386667220382145e-03
2.383203976400884161e-03
2.160352581304096804e-03
1.707900470547929657e-03
6.204153228661140815e-03
6.550533754919130557e-03
2.690334990301039043e-03
3.949605975705546869e-03
5.108144120727884513e-03
9.298738418884948398e-03
4.819173084671405684e-03
1.255363066042649873e-03
9.388029732692898532e-03
8.012007780781992689e-03
9.242876652381893862e-04
4.088553319098493267e-03
3.186785288750809859e-03
4.565112363640507105e-03
4.001642924986186303e-03
2.309250346567605881e-03
9.247475838694433140e-03
5.789825281342973404e-03
4.690126576332718719e-03
6.137265746341642389e-03
1.217106384506940744e-03
3.976327852511215254e-03
9.533029736877908240e-04
6.019594213718316988e-03
6.522047918371584943e-03
2.932162884199140430e-03
3.072802741473533092e-03
6.415803919345869702e-03
8.716103956050706703e-03
1.440726199623955416e-03
5.196844108788072243e-03
7.140488407406235874e-03
8.587672132381060294e-03
8.746819337805886857e-03
3.146924916484588469e-03
8.350439201923066240e-03
1.282064752760042527e-03
3.204743762194539602e-03
1.499748862240780477e-03
1.132070477834346521e-03
4.011780737446978863e-03
2.166654269780548224e-03
6.103763051990162940e-03
2.741095769983806132e-03
9.526867910002439349e-03
5.131671826921096677e-03
3.128273397827942021e-03
7.702601369708006289e-03
2.199941982736121175e-03
8.328198106370959114e-03
2.129936552578226908e-03
2.238005145637189750e-03
2.456294603978941005e-03
4.981151904913841411e-03
7.647335739325248488e-03
1.033115864277102391e-02
1.976567483130570527e-03
6.575571574298080986e-03
2.662294738195831664e-03
7.705482114431275696e-03
1.191901924017935935e-03
2.615542941888993229e-03
6.414079372681744454e-03
3.805308818755212368e-03
5.886011475053694320e-03
2.707662098361320827e-03
2.864885776428936076e-03
1.431473003798675947e-03
2.327484895075385227e-03
5.228433308340241573e-03
5.346841252252302126e-03
5.441594036570206183e-03
4.506246863844437164e-03
7.751148506797369067e-03
4.915108827066572844e-03
6.490394929780082811e-03
5.607750910156529024e-03
5.586380352328279564e-03
4.212712544199087236e-03
5.298364445193121802e-03
2.645063736327630394e-03
2.431597761314425316e-03
2.659576590581442558e-03
3.562950061875562457e-03
3.678577726432159366e-03
5.308598036381871783e-03
2.308182557212678544e-03
4.327502390490216982e-03
1.583859519134822331e-03
7.835490992351791528e-03
6.795266289890321276e-03
3.242232740351640510e-03
6.739396655923240130e-03
7.511473889104398893e-03
6.602901478006175870e-03
1.935700428256155632e-03
9.552048749188741042e-03
9.625846568997716100e-04
6.020646267863491094e-03
6.248622785302241321e-03
3.387231098925694121e-03
2.791230538292404154e-03
1.111285758896783356e-03
7.873786254074630064e-03
5.531526963447676824e-03
8.872398100577716384e-03
5.024996238411382973e-03
1.144848907104509955e-03
2.004426260980718497e-03
9.440673785821912870e-03
2.126844480742527081e-03
1.273873430129584313e-03
2.006757412907920167e-03
2.286473985471285109e-03
7.934493968875690542e-03
7.895887819153801085e-03
1.898788864589833099e-03
1.607423111699737102e-03
9.638709454642358995e-03
5.369177619880403235e-03
1.818120609719604775e-03
2.578968987832146870e-03
2.340864152532199337e-03
1.382986694658248136e-03
7.318026726015359855e-03
4.674277225089574703e-03
8.671557130940346549e-04
4.689232617165426178e-03
5.004148590005113272e-03
2.550900976966773148e-03
2.089062902205572874e-03
4.777551254046070311e-03
2.001322106597996312e-03
1.920303783276666992e-03
5.971348226764939746e-03
2.004533465505151969e-03
1.262112771305754205e-03
1.685115802087248232e-03
1.644568881975126511e-03
7.478598175378646865e-03
1.751844867367789585e-03
1.642713738211432593e-03
6.823577451183955589e-03
5.548090768398420726e-03
6.894208255047103856e-03
1.478263752939312954e-03
1.498461385386834835e-03
9.306496172794885210e-03
4.654815631306742640e-03
9.197739845409183546e-03
6.920089144705005718e-03
7.451902075829708663e-03
1.288959258027399038e-03
3.343778947634245755e-03
7.563875348527593356e-03
2.111404614692868973e-03
2.000676765160133447e-03
2.636427958639484849e-03
1.675991409868328019e-03
3.822759014035202046e-03
9.604481111682126870e-03
4.450225077726558190e-03
5.263897839701267740e-03
6.157163372351023498e-03
3.160830990122102252e-03
1.398673382870088081e-03
6.263627601067122200e-03
8.012082804822542176e-03
6.680535849740064369e-03
1.819998246226337034e-03
3.249750131560624408e-03
1.184575604786239963e-03
1.281424989409951296e-03
4.759185037337926132e-03
2.649441508032910654e-03
5.253878291097738816e-03
1.411605366343992056e-03
6.800539492573921298e-03
2.384900835679337056e-03
9.761345772151357875e-03
2.068893709948729179e-03
1.158605928283750267e-03
3.062724373790308777e-03
3.622582316372274357e-03
2.891971772835340553e-03
9.106315303498382918e-03
4.192531383020257213e-03
4.030268147155621934e-03
1.004245686246927477e-02
2.687821556125398297e-03
7.610031467729217944e-03
5.197714238467952830e-03
1.318597666760499805e-03
6.040996599128517497e-03
5.425071090457384698e-03
4.213880961279841894e-03
5.686313151573449236e-03
1.281489724182895314e-03
6.747072355537862831e-03
9.902212923971920756e-04
2.868814318412865431e-03
2.467076920337708291e-03
2.571750797604621924e-03
2.330880155953692252e-03
9.702522625892322228e-03
2.504021871271798136e-03
1.418723319230523298e-03
1.425342132055628167e-03
3.226261971236605262e-03
4.263071497856258177e-03
1.373521905788385863e-03
1.631708901331652703e-03
2.667080032345352583e-03
8.129331659342264871e-03
8.078203100659998512e-03
9.619201739072182761e-03
7.023723690494524351e-03
4.791426769165212096e-03
7.158055529506546222e-03
4.505146423360965879e-03
5.324281582464878565e-03
2.545941940266105343e-03
2.187146967114598529e-03
1.964770589780735766e-03
3.600644038312081872e-03
4.050639941991177745e-03
8.442655741814297787e-03
6.039566691638222073e-03
1.606521835081684002e-03
3.656123760905676413e-03
4.919500675514103250e-03
7.384985702150674569e-03
4.134900364376464278e-03
3.348206405828359038e-03
1.997469111525090359e-03
2.198200004111579980e-03
2.738585963436753097e-03
5.978600639497674146e-03
4.359865911318410586e-03
2.754145509818608714e-03
4.382141584351416201e-03
1.558022944545650948e-03
6.382946645443574041e-03
7.237869711821111676e-03
3.139695985926313319e-03
3.934947979784738856e-03
1.656637657158144608e-03
9.679144506349556670e-03
2.678483747873302082e-03
5.343916705711460394e-03
8.492967870542940390e-03
1.297883959612058978e-03
2.669653934341510108e-03
1.931956671363714486e-03
4.310456654642930846e-03
1.478598013404314572e-03
7.464694329115468402e-03
3.945970738469407185e-03
5.258254140199532072e-03
6.006321003762861779e-03
3.721070403869268690e-03
1.888712098326692564e-03
4.161791906752133202e-03
3.997495745761003513e-03
2.333497462386795000e-03
4.598917550934824780e-03
1.610340257033352970e-03
3.064695262833518931e-03
1.337059844316633352e-03
9.158930860825954812e-03
2.212924455104061869e-03
4.917591704800492944e-03
1.762534938369818109e-03
5.706207348185792297e-03
2.241323194469061440e-03
9.533438217621377497e-03
4.181298224450182358e-03
2.192469838425707175e-03
1.469999608505314108e-03
2.292375839971484437e-03
2.307433796478188318e-03
2.180895764640816345e-03
1.352933604636126063e-03
5.600586062836001439e-03
3.171055804070821958e-03
3.469632743317030595e-03
7.610809515754060617e-03
3.798215775925857605e-03
1.512746569658830666e-03
3.214807478532464603e-03
2.171486271283253489e-03
8.136037754998597105e-03
5.174290143168943507e-03
6.542342517510660663e-03
4.207837033324015284e-03
2.006859252079492856e-03
4.239882200538985096e-03
5.616570032553180186e-03
8.547710051350736193e-03
5.773034920862030531e-03
7.525905124749482714e-03
1.979625817738757398e-03
2.375627355559658919e-03
8.113847946635456207e-03
4.248770451557022480e-03
3.176991564049535914e-03
3.592088494089704272e-03
2.163680390680061509e-03
1.841534517049821500e-03
1.963523034223265719e-03
9.434667836056268367e-03
4.676584187470533144e-03
9.568686037878530032e-03
5.148342386502178548e-03
3.748874720989202498e-03
1.399124711192070367e-03
5.816720901057989557e-03
1.757019582198899189e-03
1.114769341012855804e-03
1.675512880484972787e-03
1.409958718665418626e-03
2.899836000771365864e-03
6.471607299368367650e-03
1.039471649738648012e-03
8.912260487469216008e-03
4.738477576715220338e-03
7.193026785120069586e-03
3.016177556776102314e-03
4.430342851627588202e-03
3.985370572191504479e-03
5.589752422261704684e-03
2.884347635947651090e-03
5.247804286514458003e-03
9.014621031703201268e-03
1.512743408476369469e-03
2.207403920676914190e-03
2.035856261537500808e-03
5.167289180664631082e-03
2.215355569848519515e-03
7.097703873590471141e-03
1.339597153273810841e-03
3.125043360891503405e-03
1.176828239009291514e-03
5.819686039684351421e-03
4.885225107133715078e-03
4.996724717072046837e-03
6.632653019358508359e-03
8.600350665878638348e-03
2.678961720514965068e-03
7.476702414364540944e-03
5.272251132739173320e-03
9.471890382512958978e-03
5.390728168128706282e-03
2.243701243983153414e-03
4.119504656441095453e-03
3.034382125529210255e-03
6.903794798452052295e-03
4.271186844107344519e-03
6.956356539960101282e-03
6.129505329465097067e-03
8.922947807277901294e-03
1.597825070257007877e-03
1.694562749896816670e-03
1.954303312164239886e-03
1.960580016885910166e-03
3.103430937723950477e-03
4.593162574800302433e-03
4.383321434062844614e-03
6.024005081702494407e-03
1.716843825021451778e-03
8.731845816312663530e-03
1.608679677933617458e-03
2.002632234475827926e-03
7.454085541088681724e-03
1.549049727254720246e-03
2.107391900264560074e-03
3.078672594528928871e-03
6.302975296703525188e-03
1.395228272214438367e-03
3.525247578973655926e-03
2.283479744360585907e-03
2.305177882565114141e-03
3.640129281317356757e-03
3.069275748265314074e-03
2.298294410952843141e-03
1.128608412964643513e-03
5.590995851291316598e-03
2.470668390621182618e-03
1.827630818723071119e-03
3.958720266099726229e-03
1.569456121036075149e-03
3.423600146588887897e-03
2.625339783518687402e-03
2.446723485068024416e-03
2.563219030270594452e-03
2.571082292603824558e-03
4.017812926836390568e-03
1.528690689418840242e-03
2.383610460705785569e-03
7.248783023223210643e-03
2.969548577521494408e-03
4.546783719016936690e-03
1.650003896607874681e-03
3.152750045844027529e-03
8.885252607928519758e-03
1.473644529330117147e-03
6.247819864180265484e-03
2.769537676171396953e-03
5.209936825027777080e-03
7.517685404868983470e-03
2.081462096790222174e-03
8.998195140661888886e-03
2.980684605804529742e-03
5.786817464766292815e-03
6.177699310097246529e-03
4.712594755651505415e-03
3.768197337566276187e-03
6.943218820939046909e-03
2.451907394404813628e-03
6.442603675117720280e-03
7.751297812870682966e-03
2.374259977889810452e-03
8.328881381044345167e-03
6.797760355119141472e-03
2.351223727198513587e-03
3.438232543820238241e-03
1.893137846631366391e-03
2.363195524029109828e-03
2.834895543645223493e-03
2.880039987646980729e-03
6.427153666546036800e-03
2.094807977674409058e-03
1.451006627698554069e-03
1.195881516881875609e-03
1.550938973659962087e-03
2.899405797635813166e-03
1.037244156677944373e-03
1.674593484928934509e-03
5.272189823708563206e-03
4.480911818223353403e-03
4.860273247650792258e-03
2.662112145361599826e-03
3.379962778717169984e-03
1.844737377808388463e-03
9.322983352815162467e-03
3.164531119995206421e-03
3.116841471540220468e-03
2.561525757220947663e-03
4.696456311226911325e-03
3.316765673226967394e-03
4.013689794946788923e-03
5.244720125268264102e-03
6.067436122257614459e-03
8.682280192817718942e-03
8.255544120978838135e-03
6.859130987856417935e-03
2.846146498828426401e-03
8.206425270070283676e-03
1.322099353687853068e-03
1.886036056825798413e-03
4.246197363720704762e-03
4.340757366809213855e-03
4.897076411604096499e-03
2.274947932553435768e-03
3.792295129128701436e-03
1.411505755776255779e-03
2.336748488047176494e-03
5.774081649169783385e-03
1.313596855615389945e-03
2.389335498147742050e-03
3.411547874920453811e-03
3.148472394301951582e-03
2.546961531719338194e-03
8.689661718683953928e-03
5.361488675790799380e-03
5.844192452828448139e-03
8.905374503075961720e-03
7.449046386406325305e-03
5.658718153547490776e-03
7.361343903102444616e-03
9.360780801197992468e-03
3.819302144728623730e-03
3.275972056940769633e-03
7.961691913534137133e-03
5.964561731471864151e-03
2.457953695737285192e-03
3.002773759944309118e-03
1.540363859023207924e-03
4.818274998398600767e-03
3.968353492754851664e-03
8.544284256050643442e-03
3.666455677218064500e-03
2.112178089741047204e-03
3.346780855998796739e-03
8.425723643112562750e-03
2.080230819506481525e-03
3.234171531261383070e-03
6.213907989338282589e-03
7.449075030411545124e-03
3.019092007034381887e-03
8.824373657653089044e-04
5.136809288462999140e-03
2.621464304899584746e-03
4.669080007478941877e-03
7.235600442010443889e-03
8.226322740982172643e-03
3.647174585740913660e-03
1.906767687177176023e-03
3.154434890038560445e-03
2.112927162895630699e-03
7.418928230232275933e-03
4.766957018256499229e-03
1.213805683261354488e-03
5.032619294579778434e-03
1.738801027948503643e-03
2.995010301526736946e-03
1.308406216039428773e-03
5.972135632213660707e-03
3.896824482016125486e-03
3.864382276125853059e-03
2.929664333095746524e-03
1.800308168100439848e-03
5.626488290564645930e-03
7.989850522179280014e-04
3.679767983782873762e-03
2.088931535305478798e-03
3.250880103858243449e-03
2.592798291913941261e-03
2.603721634469821113e-03
9.735578740171994816e-03
8.927596538739934057e-03
1.367809040379072694e-03
2.049815330911987886e-03
1.843539364748731160e-03
5.393389239973548147e-03
4.349217362729200682e-03
3.940724249426186786e-03
1.887219977425951900e-03
7.385901986995766638e-03
9.458204782231369526e-03
4.135046748280308236e-03
2.993152508401150831e-03
2.318459164602367471e-03
1.562015378897343336e-03
1.650201694137674435e-03
2.377566549276486502e-03
4.413811226943412103e-03
4.335103704987235129e-03
2.142187094254617390e-03
1.541071816888959882e-03
7.047023814197533528e-03
9.562861852876984722e-04
7.359600393196007867e-03
4.392948954643501221e-03
3.250869107549779827e-03
3.618636068161549049e-03
2.955088090416107139e-03
4.678948323709646376e-03
6.575956313648487379e-03
1.818134662283132745e-03
1.239337240812485265e-03
5.938841376401908165e-03
8.117040871844286715e-03
4.311297463265019621e-03
3.725130593627855747e-03
4.315878063332752659e-03
4.116054652210442838e-03
3.895418857426455675e-03
5.344274119360782095e-03
8.299855176639007320e-03
2.842199430687369129e-03
2.044522946516041332e-03
7.484921925014154098e-03
9.849437081841199565e-03
1.430278170438877743e-03
7.719573138505030768e-03
1.961213683250698052e-03
2.125661643655762413e-03
1.012519339225412436e-03
6.671306973416486416e-03
2.347565987292326694e-03
1.254422431659699350e-03
2.891649097094770200e-03
1.552804995587469747e-03
3.265942604429766631e-03
6.515653775444541634e-03
1.427586230250641255e-03
3.999130058806386022e-03
7.934923782319722868e-03
1.432621349073259255e-03
1.218913408727002618e-03
4.746000028549637699e-03
9.660373740664973674e-03
7.848792918168602181e-03
6.939196442770413989e-03
5.915630761818790190e-03
3.549380875314035646e-03
2.673506581056991991e-03
9.609055575271929078e-03
1.519957882715874953e-03
6.029842255276873959e-03
1.878133709567573898e-03
9.682062964341198869e-03
7.734949692642993820e-03
1.059007070314537877e-03
2.972233325975122669e-03
2.196068336288999924e-03
4.159896580731261423e-03
3.450609460069138917e-03
6.935109788279426174e-03
3.795749969783260812e-03
4.208542176501654450e-03
8.046084920285204167e-03
6.213388992492720198e-03
2.697469151242170779e-03
3.172309742846105701e-03
1.025318251991119266e-03
1.793484597205247198e-03
8.823830766552750483e-04
4.500501364971687922e-03
3.072842543862817737e-03
9.602737585809007718e-04
2.804542277724408721e-03
1.008232256372858238e-03
7.129570287241716528e-03
1.895179209067230416e-03
9.216682022125223875e-03
4.637348850323273070e-03
7.178391581800194071e-03
1.907889703137837087e-03
3.728169653557419048e-03
8.888198533333752094e-03
9.120707421830107769e-03
4.320490118486625640e-03
5.321029381698682767e-03
2.080641941123346182e-03
2.995996343027525124e-03
9.502863468208155038e-04
2.083549849898120709e-03
1.963860150974507199e-03
7.895405271237540545e-03
6.087072063038371193e-03
2.216340763249656856e-03
3.098441329351878624e-03
1.589143898573034232e-03
2.403518871068040502e-03
2.983592177360108559e-03
5.047581937977232112e-03
4.731965470282362834e-03
2.748112445913898725e-03
7.659608684739277473e-03
1.447994897017391980e-03
2.499311356869434765e-03
3.310647990753775791e-03
6.484232174318626737e-03
7.961539281012173716e-03
1.540348398337162061e-03
5.866583219193831356e-03
7.304199421698246569e-03
4.592370376658529152e-03
4.924311162137265212e-03
1.753985063989971747e-03
1.561661512571739605e-03
4.609099474722353623e-03
8.806633816951401836e-03
1.027931085338478281e-02
1.353085721367651775e-03
3.705933874407652852e-03
8.042433704152422008e-03
7.609582641426247338e-03
1.832292339153878281e-03
2.761685309302151000e-03
2.237098904698615366e-03
3.630107059776661524e-03
1.427666888607002395e-03
4.160599250796658682e-03
2.400673324113248696e-03
2.481108507924815586e-03
2.260328049428742599e-03
9.216568138777646996e-03
3.018369270528151009e-03
1.786794410231371411e-03
4.991709147615723888e-03
5.139828536737195419e-03
2.396429215673302401e-03
3.396521224466323569e-03
5.706601739652673692e-03
6.787783571145802018e-03
1.575094052720839820e-03
2.533523590846020745e-03
8.063971788203051078e-03
9.187752797915966357e-03
7.168393203686441312e-03
7.001557501572009887e-03
4.489917383752503252e-03
4.076554046139591742e-03
2.260438113997253508e-03
9.283697550878692098e-03
1.642341672232910683e-03
2.196412839556011101e-03
3.415159212828970236e-03
4.124076439258156715e-03
6.205591451343210954e-03
1.593706143455787035e-03
1.656728341875106023e-03
2.722005651194426938e-03
3.235693842108674449e-03
1.440400006257062460e-03
3.060091206825503798e-03
6.627235035493450610e-03
3.294493988714437046e-03
5.020168090644063635e-03
7.649722260200275681e-03
8.689305110593910364e-03
7.921419910097827685e-03
6.031232344559597086e-03
3.113690714681918367e-03
2.275881035039453541e-03
7.586148710878599932e-03
3.642933976010288323e-03
5.698982873403316690e-03
9.188929164385264275e-03
9.557662379058265434e-03
7.391256460206106424e-03
4.428538333501707246e-03
7.218856844941242031e-03
5.138764362608443798e-03
7.270421249312942688e-03
8.039457962425451687e-03
9.517553985120844051e-03
4.626426634771139620e-03
3.392140091943200968e-03
2.691660688297396742e-03
2.665661649851114486e-03
7.028537421974191332e-03
2.099152917959705607e-03
1.315591780418439143e-03
1.185161762531466685e-03
2.039644423832687875e-03
6.026209635342999818e-03
8.282599467879510173e-04
2.734372267420230162e-03
7.904525517008412563e-03
1.949518549531624543e-03
1.430804589025501915e-03
2.447271184904068614e-03
1.081284992231301961e-03
4.477006009235900627e-03
2.155976846302525441e-03
2.659150302815209421e-03
2.380379527226559027e-03
2.113159279953908017e-03
9.182247026085995495e-03
9.449782302675393750e-04
6.145172073222298845e-03
2.498115661276323167e-03
3.542666734653326759e-03
6.589858817077234518e-03
3.561420527197530893e-03
1.908034905738993864e-03
2.348371706445460862e-03
2.372197645657454518e-03
6.400719725337827154e-03
1.609032950337023742e-03
2.041784182157489660e-03
2.720230946790643412e-03
1.664553417930193097e-03
6.487245535798956408e-03
3.327058506458945887e-03
7.772729581163716032e-03
4.337979356157292514e-03
8.552700479314043203e-03
6.613562863704356212e-03
6.821336380569067472e-03
1.002446038269522860e-02
3.322340727066806949e-03
1.744869819877696571e-03
3.613862686447462478e-03
9.783731799132985851e-03
3.070848986910305802e-03
1.394930186788740463e-03
2.270951726865195423e-03
7.086705613787391139e-03
2.179264699941779650e-03
2.584568061937673501e-03
6.689845106120728344e-03
1.777481563220765191e-03
7.180233625032939743e-03
3.643407343928639890e-03
7.512905319732594844e-03
5.187214129895771110e-03
1.488766094504405911e-03
2.296664704856351148e-03
1.646170360107117705e-03
6.070744916520445789e-03
4.363640581376605071e-03
3.581971432573860178e-03
1.682670091240439508e-03
8.057791394795477471e-03
4.816235763241775644e-03
8.838960212865829003e-03
1.188813901473814803e-03
5.064572967395654726e-03
1.027456398983409708e-02
4.934690262653199794e-03
7.338169582766345019e-03
3.397964139529421716e-03
4.195451283730658974e-03
6.104723204551862695e-03
8.319678931824498261e-03
2.772418558771053317e-03
7.251200008536171082e-03
8.693213249951060699e-04
1.717435565080268614e-03
9.055083122209955926e-03
9.539269505945875000e-03
8.137882464458108187e-03
1.961398413513148684e-03
3.374062416741090142e-03
1.576488096605391676e-03
5.099450675204659708e-03
4.008153574859928299e-03
2.456950372796111101e-03
5.898757967981607328e-03
2.312137325291970143e-03
1.347329077163960526e-03
8.153427057646829568e-03
2.140360860067392311e-03
4.285518351873900990e-03
1.776446584889391361e-03
3.816985773031389070e-03
1.543491690673322488e-03
8.435612949785268114e-03
4.901049996968904338e-03
7.797416538670890601e-03
4.615933084540058129e-03
4.121677620365509637e-03
1.945237319860849013e-03
1.915039164547397517e-03
3.565332883027059075e-03
3.770064337176796086e-03
2.012108158389969408e-03
3.544397555255467819e-03
4.801465570204492550e-03
5.777421983747287222e-03
4.652068020757548113e-03
1.675496921419917422e-03
2.701257856231859163e-03
8.255291757547963266e-03
6.352102236178531688e-03
5.302792508516524644e-03
2.872055765863000716e-03
1.731336652626939889e-03
1.629353690413625844e-03
3.714583429089970187e-03
2.263619566578837800e-03
1.128424650184240048e-03
5.233909796004229675e-03
1.750626791925762298e-03
4.142135794210943453e-03
4.774280626256136029e-03
9.324787728015466667e-03
7.839600383400292805e-03
1.262864552489760799e-03
1.646965563275243523e-03
2.194088646280349837e-03
8.315275088321600477e-03
3.347383176357030324e-03
3.966397756989467616e-03
9.506846724485967098e-03
5.524862615596322357e-03
2.185457011485558189e-03
2.463450884840145440e-03
4.869204404830739484e-03
9.417005727431166512e-03
1.424889303911457995e-03
8.637104833855482541e-03
2.033889815692837590e-03
4.345101714833089074e-03
1.937799706544987696e-03
6.986809973119362943e-03
4.125959764652730247e-03
1.377085831790881079e-03
4.445011916729366477e-03
2.824700471652214981e-03
5.491848810559384064e-03
9.769814289167218311e-04
6.781139685835208333e-03
5.135029869098702016e-03
2.755631598982719033e-03
3.733799956594896930e-03
6.640225304380481357e-03
9.963444404243583605e-04
2.645805091946872196e-03
5.646409716391605563e-03
1.266956395826733008e-03
6.612944082013653621e-03
1.628501232047766065e-03
5.311249865008424789e-03
9.607281551676668391e-03
3.721406276641043426e-03
2.530962717605941131e-03
9.760773450756599079e-03
6.603634157167380392e-03
6.175687082677544515e-03
3.641921857218549836e-03
1.686298228126623631e-03
3.937513294643465132e-03
2.557195849826107877e-03
8.648433774800557555e-03
2.168811524693963280e-03
4.135097571448942758e-03
6.185438619115093961e-03
9.463884597665082887e-03
8.816705993359768775e-03
1.476169653985128036e-03
2.880148276455747960e-03
6.357053380835763629e-03
2.535928961563706924e-03
3.535307201515638931e-03
1.854063725690483161e-03
6.269027331685690999e-03
8.856549463601894739e-03
7.761714510398961230e-03
1.203649509842481813e-03
2.330111767511533656e-03
1.012122278653615655e-02
5.364689825338506482e-03
7.015883752754653417e-03
5.016929900749405452e-03
5.215581697329647534e-03
2.087513050966444648e-03
1.831941380728906426e-03
6.164286622132394804e-03
6.674005518856496177e-03
5.812893431101817839e-03
3.157066615450379934e-03
6.108851286051512550e-03
9.252424849136194063e-03
8.514445061876037973e-03
2.570265249714463913e-03
7.378939491946786416e-03
1.931954463984280950e-03
3.471469676171417065e-03
5.834171898043753052e-03
2.093333225903450199e-03
1.611095220817326985e-03
2.621346367830131030e-03
6.409338975479822453e-03
1.899493804431716480e-03
7.282727871250995952e-03
2.109517705283298766e-03
2.569667941861592496e-03
6.318981516085486402e-03
1.946280447966915834e-03
4.688594280501877723e-03
8.574456509017964329e-03
9.253502389377820173e-03
2.763696120381194544e-03
2.617612071446202317e-03
9.868876460469655845e-03
6.560313044422155099e-03
1.757618940670091154e-03
3.024451872212093398e-03
3.093796816022662856e-03
1.521152408507289852e-03
1.029138150560618935e-02
8.005230490317202102e-03
8.499047742380159975e-03
1.462446345658530069e-03
6.398301421827837752e-03
1.339056816541434871e-03
1.297083041768042240e-03
4.774666451816667739e-03
5.780111507876406832e-03
2.983976175148801008e-03
3.265996999595307312e-03
2.043185836089996162e-03
6.293371190013411984e-03
4.584315633702721639e-03
3.053199420133462672e-03
2.627326800002848396e-03
6.111111064462883616e-03
1.598376365139681822e-03
9.206696425820325505e-04
2.031814682980705687e-03
3.328097815288939137e-03
4.007419726127781946e-03
1.844938219886834829e-03
2.474236060484308851e-03
8.445963033853308086e-03
2.372852524336036776e-03
3.574850841109151155e-03
6.488546790147486920e-03
2.794186804867561207e-03
1.976047893487341278e-03
8.896224281589561883e-03
2.054724548299598393e-03
6.066670112399394181e-03
9.283347452676681683e-03
3.509060082861246987e-03
1.592080657134997950e-03
1.823819512733599896e-03
4.953479350834608108e-03
1.268813781609722186e-03
8.478441131324533251e-04
1.710502538414382552e-03
1.797465278744471125e-03
4.891046491930639908e-03
2.873928024625504313e-03
2.167404010135328719e-03
5.116250329996680293e-03
3.623594789569162603e-03
4.270750338608686469e-03
4.184287757373878966e-03
1.068449487229903086e-03
4.888692551283864082e-03
5.207186370201804040e-03
2.631841711689728198e-03
2.392236909015503336e-03
4.859605851439100996e-03
5.739228515700890709e-03
3.049324799075629408e-03
5.033624399310395944e-03
2.387691838844369779e-03
2.467842155099175296e-03
1.381313932632706638e-03
8.446999028500960446e-03
1.893462619920000803e-03
3.163340190382355442e-03
5.002138068410528701e-03
4.168439295619457211e-03
9.212013047614854566e-03
9.775249145021900482e-03
3.492893955486086905e-03
3.552095461162039017e-03
2.534070191423793295e-03
1.155974529421385354e-03
6.510934010934910435e-03
9.184111773916724120e-03
2.833914028167143842e-03
5.782559612441787872e-03
7.274367170906096899e-03
4.594337574536118754e-03
7.838830391952222171e-03
1.578915262922075350e-03
2.124866799622279843e-03
9.335564478022112533e-03
8.460195870392595019e-03
8.341673815826343083e-03
4.531978119536919300e-03
1.516394146713313275e-03
7.702805677119586164e-03
5.655289211067089997e-03
5.021487779429427076e-03
4.021104167095919737e-03
1.912602027905441855e-03
2.632139723101069827e-03
2.366300595753051926e-03
6.972106669289220016e-03
2.043491219279116276e-03
6.692145148164975986e-03
7.948774703507020031e-04
6.393481364271364278e-03
1.858485261039459577e-03
4.019439613015828722e-03
3.813473404754438682e-03
4.802938563533695922e-03
8.096662012726456303e-03
3.786434432730696742e-03
2.498783079895689103e-03
1.529308860074844734e-03
8.062641563699412400e-03
2.761792130749704359e-03
7.722832154406862083e-03
5.493897698840101429e-03
7.276616122748340645e-03
5.515573590967501674e-03
4.495958074984828662e-03
9.116539671647844872e-03
5.210274916992212180e-03
8.967750064316298841e-03
5.900352947959651081e-03
2.339862602147029132e-03
5.362407214511308480e-03
4.405822610534076630e-03
2.279580887324092042e-03
9.258231810158695785e-03
1.806853062400537620e-03
4.077910365065389071e-03
5.572032130945420506e-03
1.955427060036225156e-03
8.194020822223728115e-03
4.437316303147531560e-03
8.184724606437566389e-04
3.696294253051835704e-03
1.249892403460570352e-03
6.133209963285358307e-03
1.998988516480216821e-03
7.352511491795632806e-03
4.704411627309976023e-03
4.505387787319653503e-03
9.579520769228711333e-03
3.437253884720811725e-03
9.115202124034427894e-03
1.661627856920170829e-03
1.808617726227915688e-03
6.796308651727952024e-03
9.117499360970584416e-03
1.820413352073860626e-03
3.602094352780347598e-03
4.693849287269428669e-03
2.049391763869772790e-03
7.534361284900350543e-03
1.688068698662946324e-03
1.438083089130621009e-03
4.322872321722265321e-03
4.877777889589863386e-03
2.112830182264813922e-03
4.104617240828604963e-03
1.603090716263241801e-03
5.420754722730854180e-03
1.287975494700435361e-03
6.622144257959287558e-03
2.305616487599250388e-03
6.646300956350914210e-03
6.764145184211390119e-03
4.579895250444183247e-03
3.906486836118423442e-03
3.314189874979885791e-03
1.907292061759415392e-03
9.082852546468157817e-04
1.331694922474838940e-03
2.151098446448501157e-03
5.324212408688843226e-03
3.662381108871216873e-03
2.969462308029492507e-03
1.279215864186776823e-03
9.159737677874760925e-03
8.053235681151418857e-03
1.983724582906355206e-03
8.092230827173146554e-03
1.300359929575659133e-03
2.524918557185399509e-03
2.091883810198159107e-03
1.023497888369922192e-02
1.147024255987294039e-03
7.080387237196067093e-03
4.738557980147602849e-03
7.747591676749322233e-03
6.986172770814326125e-03
3.543623843281911833e-03
2.445620335177079580e-03
3.288463276793470239e-03
7.143211115784975362e-03
7.450837863539320864e-03
6.694604005617721398e-03
3.804000798411273816e-03
2.940427926734601616e-03
6.249058111490999635e-03
1.849761237985075120e-03
1.447300216010532267e-03
3.129620296844156518e-03
9.395431971290078843e-03
9.235034630803100331e-03
4.482658084719545223e-03
1.357528457309010311e-03
1.708739299757390485e-03
6.145691746130027555e-03
8.311579787965421573e-03
3.026084633612742200e-03
2.376430231886238198e-03
1.789614089242802953e-03
9.258603233864111035e-03
5.498187769333095359e-03
1.887538306171584416e-03
2.982349911823239767e-03
4.229940051336480815e-03
8.518562312415729060e-03
3.292137202031821495e-03
3.872611144575246502e-03
1.303238496537484272e-03
5.524700361950553307e-03
8.324562232202436726e-03
3.001864889727893278e-03
9.081328065286894003e-04
1.392481652473216182e-03
2.056805978662828820e-03
1.896298821490344970e-03
2.268929532031732730e-03
7.731769569256806071e-03
8.161827656505674447e-03
5.045441323332984854e-03
4.051042911957816045e-03
7.079531962932591321e-03
3.350712094844328186e-03
4.643481326785298992e-03
2.643071232599098278e-03
7.534074924524690291e-03
8.150981038164880829e-03
1.384383849278243098e-03
9.258115142316995783e-03
2.939782315653931104e-03
3.878542619373086253e-03
2.302455686708450647e-03
6.644207530904104597e-03
9.803330726091538314e-03
3.901360539664687488e-03
9.026430516206883012e-03
7.254794329184638922e-04
1.777683582750063437e-03
6.895251671625987275e-03
4.274179121956123498e-03
2.555335060908743919e-03
5.010962784007554939e-03
1.962490618603095292e-03
2.632278782977836261e-03
6.677120478592341035e-03
1.859493472272278399e-03
6.112544417438792003e-03
1.621831479406169504e-03
3.690404249989742008e-03
1.354851037141510369e-03
4.723178675250698857e-03
1.597475300674479348e-03
9.415812814667044728e-03
1.814088187056810738e-03
9.712279876190712310e-04
5.701529305259970398e-03
4.583324269629788714e-03
1.219981231157570489e-03
1.129895029988643197e-03
7.849526284235372117e-03
7.123805487499574110e-03
2.657334462660287163e-03
9.877143623443652293e-03
9.380806961720182871e-03
7.943104584763018700e-03
3.921245105799872621e-03
2.521420608867335801e-03
2.379137644429828863e-03
4.227772646793174008e-03
8.145543197305506883e-03
3.220706169712199418e-03
2.462369179717274325e-03
5.813323009765220331e-03
1.348838796627112140e-03
2.274706575905652631e-03
3.960216895392619334e-03
5.396166948945085688e-03
4.575217482289105700e-03
1.556269474869673413e-03
1.755190244913270876e-03
1.326470171373119421e-03
3.021890811796408907e-03
2.932144059979012018e-03
1.151164480308240323e-03
7.210942165023342780e-03
1.689297668090495880e-03
1.775044773848600578e-03
4.479247700349030074e-03
4.057533265250795607e-03
1.038548105016574158e-02
1.785280098192593796e-03
5.742000960946825293e-03
8.265857144796712533e-03
1.843576096996094732e-03
4.219612256518998940e-03
1.852910807428388403e-03
2.337521509139003483e-03
9.369671931934159389e-04
1.183427186070964109e-03
3.025958858260823121e-03
2.254608913874914071e-03
6.938000487882291581e-03
9.468915208184595922e-03
1.930307950946236065e-03
2.473529837827706003e-03
5.508249546644459517e-03
5.914559498455450315e-03
4.286541089624428154e-03
5.205513225854099466e-03
8.040611323671099930e-03
7.362614191300192665e-03
5.040261627586174742e-03
9.149454484663093953e-03
2.884456222883378506e-03
3.422925405901643299e-03
6.772455644755875567e-03
8.435352223821791090e-03
1.972998846344828534e-03
3.429025489117745913e-03
1.310197969807497687e-03
1.972189630536342816e-03
1.901390369119694643e-03
4.749118803772628405e-03
3.976051200504194388e-03
2.681319862191354486e-03
6.411096778733978152e-03
5.215528078780463581e-03
9.538159048712926968e-03
8.618596017993767136e-03
2.525867377685079608e-03
1.772502636318963902e-03
1.947215712155504676e-03
3.364404370435689594e-03
1.585414174539800198e-03
9.069988125038237758e-03
9.434462314769603841e-03
2.500146806231786159e-03
3.410184960652786618e-03
2.023845768247539180e-03
1.010938313526848001e-03
4.812534088484582764e-03
2.285244174610249514e-03
2.130432079143137168e-03
3.074440043290781015e-03
7.151720961293892009e-03
1.976640852378243936e-03
7.365064787559091886e-03
5.006885559266219254e-03
4.183430910197278793e-03
4.588051963075878703e-03
1.905781602187721835e-03
1.897890621359621475e-03
1.053670424886138032e-03
1.544744315616968997e-03
5.438858550179743317e-03
2.612281739401829412e-03
7.911274716106217117e-03
3.780842255001282213e-03
4.746327457479902756e-03
3.355339997627386668e-03
3.669635234521306973e-03
8.273449744192566940e-04
7.605303519687111810e-03
7.992825664398548607e-03
6.179001611000109820e-03
6.170902319849609283e-03
1.870360756479927909e-03
1.552142327599717597e-03
6.724793011494588010e-03
5.095273499397642153e-03
1.393077643354001527e-03
3.339824021634627167e-03
2.436234068486919056e-03
2.503238512144906856e-03
1.671183029599072455e-03
7.557946108629561358e-03
3.845441447346773130e-03
8.734117033237676509e-04
3.187150674523847507e-03
2.573487063544364385e-03
1.876587531323728811e-03
6.515507594951236957e-03
1.285356500740635673e-03
3.215082134703593081e-03
2.101326426431912066e-03
2.879562239677576838e-03
6.731709742029395177e-03
9.776086924265056655e-03
1.869480057249020815e-03
1.348561888356362070e-03
4.117033039364506423e-03
5.188306005896951498e-03
2.186612926775383103e-03
5.820235055776860553e-03
4.196379265048099869e-03
1.138829976844021961e-03
1.678532305263532708e-03
5.918319618807788007e-03
5.927472739006765107e-03
2.803398750499414699e-03
2.273221382610103938e-03
4.811494745531070399e-03
1.906617972502928004e-03
8.284513935418721942e-03
7.276901857622900330e-03
7.258453896915743712e-03
1.251046089072002611e-03
9.131925067957406134e-03
5.904623641044708972e-03
6.541922670749626342e-03
6.337306233800042710e-03
3.224845299979889508e-03
2.116283602698150121e-03
4.760707262129210138e-03
4.878221533883793370e-03
1.196763976966804758e-03
8.567198440376401838e-03
8.431348037474388143e-03
6.510899395165533655e-03
1.510179295668510023e-03
9.717892792859169487e-03
7.013789795669264290e-03
1.686741839154935491e-03
5.542451099698572636e-03
4.105703161769789881e-03
3.046797147510917070e-03
6.827650872574805158e-03
7.693227148306615651e-03
9.422957857967168699e-03
6.751089904543519996e-03
2.042989957099599491e-03
2.085777102316237978e-03
1.395547498597161842e-03
3.883688736678029066e-03
9.166650999452956305e-03
2.271626823472962242e-03
4.777662910648726793e-03
4.422291609276771465e-03
5.008547525506341913e-03
4.435517216536490927e-03
1.613288842459687997e-03
2.230792851672045059e-03
1.773343707370883798e-03
1.961246886631340218e-03
2.356825651792325300e-03
1.166154011668991703e-03
8.850110839818159034e-03
4.526972582132345567e-03
9.133139112111436642e-04
7.139183391005554657e-03
8.121503092054524128e-03
4.585905333111639330e-03
7.886207266657053322e-03
9.350082600374868755e-03
5.672560685952836301e-03
2.276888116948528901e-03
1.499880535117203029e-03
2.854417917592940585e-03
7.381150885075101267e-03
7.027722289116264051e-03
6.877149495090116409e-03
7.683887992718466814e-03
3.182151221499782742e-03
4.469475930694495960e-03
2.893937021808500824e-03
3.480422672863236425e-03
2.244027161653497880e-03
2.770900374889615197e-03
5.496402128336585341e-03
4.281372026358183300e-03
8.792692434122405948e-03
1.378329832339545129e-03
5.824413886886618472e-03
3.812589555500427684e-03
1.692174172521502791e-03
4.628378235909403823e-03
1.486135904710035593e-03
8.882524234494473467e-03
8.879420205039468758e-03
9.235506695746348652e-04
3.358212325310107153e-03
7.668436608556685775e-03
1.545303307909110142e-03
3.407502091689647815e-03
2.769916528440500431e-03
4.967715169565640326e-03
6.349883384506239958e-03
5.435057276230408421e-03
3.186485742357199336e-03
4.186865606350087879e-03
7.219434422579809954e-03
2.738542830292128513e-03
3.397705244731088255e-03
2.046426606286960801e-03
1.860768773308824151e-03
5.981535070787356509e-03
4.601596250506119652e-03
6.577283075406394411e-03
6.510751765008806688e-03
8.862231155241940758e-03
4.540643848821889102e-03
8.975206793077082634e-03
9.668960322715546007e-03
7.596957625618397901e-03
4.454131317371958637e-03
6.975613328904714527e-03
5.689489435943139925e-03
7.926912190946768313e-03
3.059785631665819239e-03
9.120729257396742104e-03
1.290230056017808730e-03
3.263447971244725753e-03
6.257470610292464354e-03
5.998481964287432841e-03
3.846184388732968879e-03
6.377102517496388567e-03
1.899824512119402701e-03
2.998148716774806134e-03
3.426247752832078247e-03
9.629515470728247347e-04
3.135643236688163450e-03
9.160084979299841501e-03
8.060816835637484717e-03
1.964176635394428681e-03
9.227394393039267673e-03
3.821707720590389150e-03
1.480910335220969034e-03
1.689108177159782649e-03
3.329447774082027779e-03
9.809606236446999361e-03
2.728719276705860591e-03
1.921287200138889874e-03
1.634761990437539475e-03
7.201867893293187502e-03
2.268504641553981127e-03
5.364099706165763662e-03
1.832775076462438407e-03
4.820699135092086293e-03
1.247199288423404568e-03
3.261598944984033834e-03
1.887292762230790254e-03
4.622652379927465888e-03
4.195650843297133066e-03
1.692018009580902255e-03
4.768558823398889000e-03
7.768950561695911299e-03
6.360992608065207769e-03
4.479639660142659824e-03
3.438763527738077693e-03
4.139628048764657474e-03
3.969457691592405760e-03
2.870908897381445335e-03
4.511067019427035182e-03
6.319148935719305984e-03
6.385901317560695872e-03
2.870464338804788133e-03
5.430620535949402632e-03
3.192730169500864260e-03
5.072898399651607979e-03
1.308428735667237133e-03
9.767764434265562706e-03
5.101034741926894003e-03
3.214988101897478523e-03
2.642291580888240458e-03
9.106919651413346653e-03
5.872384977079097776e-03
4.883589635917017641e-03
7.566798962014658486e-03
7.048369058285942554e-03
2.222580885043457834e-03
5.634716224087682121e-03
3.015750280231474078e-03
5.523653755953474194e-03
2.007192066431653238e-03
2.898454727487660351e-03
8.516182330057811556e-03
2.276530040973912331e-03
2.320687469085645424e-03
9.863403090860776989e-03
3.322945051592174435e-03
1.950108654662090473e-03
1.763293805020953522e-03
2.130746030066774360e-03
3.636854381771041991e-03
1.095866371107584144e-03
3.541519061922457530e-03
9.179094440339843203e-03
2.821031145300876685e-03
1.145126058626360927e-03
5.147154687863288169e-03
6.377920418302852890e-03
1.482904893413902487e-03
2.945598206330789053e-03
1.676622810079575259e-03
9.102243073539935739e-03
7.421028951878979804e-03
5.403058885653078298e-03
4.985757635451382869e-03
4.276472379374730327e-03
2.926170366332030322e-03
1.835855344048163609e-03
2.346812243328523333e-03
2.254981298128142485e-03
1.948879810340015508e-03
6.541655173394207365e-03
5.763113268401770690e-03
4.971339047630441224e-03
8.802305526632251548e-04
2.999693339908059489e-03
2.958099058818610197e-03
1.592796181057084311e-03
1.930444871182295484e-03
6.176611200630109134e-03
7.703887049833969825e-03
1.149198354761189322e-03
6.715746277975579923e-03
1.999417637570511871e-03
2.951636366019514714e-03
4.139357899595688499e-03
8.131879100506103283e-03
1.921002560583726570e-03
2.105100180945860665e-03
9.945671229393871632e-03
4.352015031904767767e-03
3.231714830092259367e-03
2.177262531888910640e-03
1.726175662360209147e-03
3.387621699103476013e-03
5.373827925525685896e-03
9.173407862316976247e-03
6.392230225443031044e-03
5.187772757736651419e-03
7.591482792979173735e-03
1.330356295046000205e-03
2.740351590106603584e-03
9.334569365592081808e-03
6.727618289915217147e-03
1.075455368198785164e-02
1.241650914682697815e-03
6.705830391524818940e-03
2.026880994964246410e-03
2.003214112873023117e-03
6.873551911874822493e-03
2.417488293238743806e-03
5.703326290687789693e-03
5.490924063063415059e-03
6.164892330304330703e-03
2.615259385552730353e-03
6.442757816223382630e-03
1.995725621477633521e-03
8.836314884541276657e-03
1.319489464729236942e-03
2.642787072797916741e-03
6.507866637023786323e-03
2.901820911264067510e-03
3.949614100603324879e-03
5.796164784587892402e-03
2.772552789908844240e-03
9.320478789268459713e-03
3.113556572127652508e-03
1.404556013921761694e-03
6.537528409106293896e-03
4.670885330318987061e-03
2.295251752387444770e-03
3.304931791172835247e-03
1.709443460436557531e-03
9.049029256860951012e-03
7.449819269582255710e-03
3.312396540867736452e-03
3.794632632176036385e-03
7.786450554750218300e-03
3.061451662721688914e-03
8.492892227949362660e-03
6.425616357273311943e-03
1.525677504501197351e-03
1.522464241990719846e-03
5.826395851012378460e-03
1.775482817583702013e-03
3.960877228136412340e-03
3.733869127291113317e-03
1.956481619869476860e-03
1.747584821014365811e-03
3.825125360637348509e-03
8.834404449955642752e-03
5.213249433717129580e-03
6.110130252109618847e-03
2.027007713041218892e-03
1.338769597361107264e-03
6.909069856205084584e-03
2.970652032495338726e-03
8.053897798457360091e-03
5.083486808169632686e-03
5.205701727018332767e-03
8.788467568424985360e-03
8.251394036242931836e-04
6.732053830025036545e-03
4.408984386112696843e-03
1.369451599437893248e-03
5.394218532279223405e-03
4.345075309617548939e-03
3.398375383154133775e-03
4.171067514750682707e-03
1.078407930068767855e-03
3.516690051341782655e-03
7.172835090528532388e-03
1.621630965270222467e-03
4.130847661204990924e-03
4.115876533480436993e-03
1.266742594971111396e-03
3.995184878964152912e-03
5.790058166484963673e-03
5.168248521137666293e-03
7.737508288834421370e-03
9.005945033087643312e-03
4.662226619627281993e-03
2.702886124859481091e-03
1.186788064483670609e-03
4.805506172727513903e-03
2.356167976529082581e-03
7.243471977472685716e-03
4.181064102011723682e-03
3.623375020433465977e-03
4.654588987315270640e-03
1.379377795896481089e-03
2.448376749700864261e-03
2.411264614505588110e-03
5.644522247899860269e-03
8.198525228377682994e-03
6.335345467376950548e-03
7.537856116472871175e-03
1.784652115202673426e-03
6.980605553989823603e-03
6.668421680346576716e-03
6.954075943316019581e-03
2.729640901204532198e-03
3.160913032591609970e-03
4.328252583035504739e-03
4.943218837246842259e-03
3.697006702050213180e-03
7.694559019010065344e-03
5.473369266463522752e-03
6.232642751919726179e-03
4.118272227798142407e-03
4.123502812387896781e-03
7.861653454640498556e-03
3.667216677095259687e-03
2.915665342996673608e-03
5.726381222775315562e-03
4.103448003988355644e-03
1.269916905714412597e-03
1.755730476202720320e-03
1.642216429886622989e-03
1.822578785035090798e-03
1.023862379264882209e-02
1.868285412702699834e-03
1.831212864264917693e-03
2.671258380986378436e-03
5.237480585973430455e-03
1.714391644678257614e-03
1.742860224430166447e-03
9.324937957838662708e-03
8.273926426100548098e-03
1.403382430542921520e-03
2.122012734139439721e-03
2.853654397188417312e-03
4.276124111728448612e-03
3.121703960499459460e-03
6.131643353393899203e-03
1.884014154786273036e-03
7.667500893713628980e-03
1.695465597529391367e-03
3.724524877853269134e-03
1.551408213242235282e-03
7.252484393872186616e-03
2.391877354654431409e-03
1.736479876209311678e-03
1.028806476883499868e-03
3.858738487816783941e-03
6.568528673273775834e-03
4.713640981351227555e-03
4.290987665334367041e-03
2.428817863058992110e-03
2.554039048783488669e-03
3.389999832398861088e-03
4.216552032549796339e-03
4.194982529499038243e-03
8.052018972475533456e-03
5.916357204544645670e-03
6.131573543786056520e-03
9.982621554216843107e-03
7.705674570141790580e-03
9.713780225032974660e-04
1.914164347801136081e-03
4.173739849045396584e-03
9.127003402161073392e-03
1.174076328012418034e-03
2.669213575400447049e-03
4.576643472060928572e-03
3.399273799054873882e-03
2.878286985259075580e-03
6.331953576939153977e-03
7.451884191820499354e-03
3.165096201308667707e-03
1.886041760030995797e-03
8.500440317361721704e-03
5.297874572007976735e-03
5.440056439457411838e-03
2.919393454514264494e-03
3.457041314245353804e-03
8.711975732258427562e-04
5.208961032009900606e-03
7.053764912172967930e-03
3.002103324117655781e-03
5.536174462685031390e-03
1.482204432392704961e-03
1.457669086649252856e-03
6.274095914112410265e-03
2.438428394514777046e-03
6.162216816515863477e-03
6.029491880440968066e-03
6.117333956137826004e-03
6.159882811200435154e-03
1.786830382973399623e-03
5.933964656235688091e-03
5.553254395262404060e-03
2.369015972405528418e-03
9.339247215767239318e-03
1.758801556575915288e-03
1.660731473401446875e-03
4.605901734962791066e-03
1.187272713960002730e-03
6.468168667019609519e-03
2.077169620949243217e-03
1.555157814661335940e-03
3.192791204499515791e-03
3.100619929906310579e-03
2.378637618635257890e-03
1.743132420891911919e-03
4.440307344230435063e-03
9.093947077961232750e-03
2.681041431172051515e-03
2.113814012206476165e-03
3.108190127110967409e-03
6.265067251328354861e-03
4.761866386492274832e-03
5.443438690999878073e-03
1.652467430890402263e-03
3.285341448557278343e-03
4.505213675926086903e-03
1.839234764882020272e-03
1.263300751615569883e-03
1.692389341615340922e-03
6.695076277359546246e-03
9.203065033295447853e-04
1.693318760138941021e-03
2.635605238773933851e-03
7.077647066202494286e-03
6.992973150994646024e-03
9.087000400207934092e-03
1.502851303179824488e-03
7.294372663039659990e-03
1.254469711532771098e-03
2.281913978308600360e-03
9.327500611780946069e-03
2.224310485028906104e-03
2.425363532501696208e-03
9.290154500704153606e-03
8.825905907025102803e-03
1.548011659001263677e-03
6.073908871613103999e-03
1.600936002249015496e-03
5.178877717516239265e-03
1.836525817125322143e-03
3.366686026956777766e-03
2.354596404957979075e-03
7.591345856816224952e-03
2.494487730896997966e-03
4.437199959226922896e-03
2.331537996528452485e-03
7.302387577330765253e-03
5.150793830562334918e-03
2.953335227225699269e-03
2.044458512729905274e-03
3.849035529556611018e-03
2.625080190650701945e-03
9.095481901845028222e-03
4.183318717557543004e-03
5.929569265413547029e-03
1.710856793267617141e-03
8.973735749572419804e-03
1.865641177186907855e-03
5.431722629885473580e-03
9.568408844821961771e-04
2.091599224490010324e-03
8.221115379159931943e-03
1.150755688565418926e-03
1.855646319075548827e-03
3.063198746994078188e-03
4.159293050099484995e-03
1.984245860329698907e-03
5.809058284415425863e-03
7.840921677980075555e-03
2.767756546260277586e-03
6.797859351984130924e-03
5.175937224405260245e-03
1.511691763158768721e-03
7.752464606221606477e-03
5.595773308356448081e-03
6.738869679774881979e-03
9.009315654492099784e-03
5.292466772804942446e-03
4.465177305613036475e-03
6.075658075743244416e-03
3.013114228073071610e-03
2.584487416129487534e-03
3.428512930633879734e-03
4.370877118417423879e-03
6.380397345382500703e-03
1.296930899420503528e-03
2.235107170981603074e-03
2.389394377841230939e-03
1.473931119625840856e-03
5.515510289608700246e-03
5.575585152269984038e-03
7.114440573542343479e-03
8.365171147489856504e-03
3.561951711595022323e-03
5.498653612829558848e-03
7.422615904363044116e-03
4.726562454607390051e-03
1.587333693631961130e-03
6.175887397605933984e-03
5.337691583181662994e-03
1.274556966333810319e-03
4.116102786712710557e-03
8.576246427248156168e-03
2.940639677700288349e-03
4.559401195241619131e-03
5.273266509584048981e-03
3.098925387334054357e-03
3.328429721457209015e-03
4.478469986798239155e-03
5.877924661314901794e-03
6.747263357838439307e-04
1.560966471210291275e-03
2.802281612429840564e-03
6.232154580079005829e-03
1.438305567834566659e-03
3.522260485756498541e-03
8.892485188289143277e-03
7.340982377442489826e-03
1.300192495569664443e-03
3.487541137343144922e-03
4.529459106849377872e-03
3.974183302873609061e-03
5.932876629450981910e-03
8.696861865569428807e-03
2.315965627661556100e-03
1.258061420190362094e-03
9.507605386061580843e-03
2.224308295604304417e-03
2.204618057172326971e-03
5.960752229311892109e-03
5.783946739890348521e-03
1.676959894965333615e-03
9.805161013743481785e-03
8.187213135817619780e-03
3.014669543048933715e-03
2.004337834174284034e-03
3.307724488505259415e-03
6.552689578130349579e-03
2.105126372289891322e-03
4.178425934087423230e-03
1.828960571439674793e-03
4.999606222309878160e-03
6.611187733190467680e-03
5.022901888341564126e-03
4.198421102922154230e-03
1.701106807156963635e-03
1.432069077738034333e-03
5.604763174829537585e-03
1.470602588295283689e-03
1.369735515920050568e-03
5.148899963466370237e-03
3.305587664206478902e-03
4.912332478099207950e-03
2.730072260769337601e-03
3.205424439555979842e-03
1.847820628968869627e-03
6.393000076929298246e-03
1.973718079078969675e-03
9.051571347793248637e-03
4.721498260533242737e-03
3.443725098552902295e-03
4.097547904171112976e-03
9.138377233592063706e-03
2.616710027945445827e-03
1.280106376886699839e-03
2.976205686787644113e-03
4.569728071427468438e-03
7.556234409244454511e-03
3.467807655397395477e-03
2.114475787341313882e-03
3.637557005524988483e-03
3.319182686371577144e-03
7.937033211326861848e-03
3.397776637747340969e-03
5.261533223321649896e-03
4.932912971397180810e-03
1.903849269831619714e-03
6.482989003572777256e-03
5.993933606581030964e-03
1.645185622533102722e-03
3.111446748313189976e-03
5.375669354068790366e-03
5.822899535480426797e-03
2.900087207838944817e-03
6.772806234981339213e-03
2.303230333740121337e-03
2.761473790836468760e-03
2.138433820018784560e-03
2.530183049056010207e-03
3.248864375258488525e-03
2.698677413241588538e-03
8.023262955704220378e-03
1.378175423668072126e-03
2.506536865239468795e-03
2.187747960414457033e-03
5.637825401929814906e-03
9.887904829356570710e-03
7.822810431503103568e-03
5.239740970407018306e-03
7.048858658914594622e-03
2.465420447006554452e-03
5.070749996695298606e-03
6.753012360454873492e-03
5.840504571784649844e-03
3.883984409202179567e-03
9.274898068061037879e-03
7.488024575541106119e-04
7.100349921055170224e-03
7.025857966151229268e-03
7.780247465525422582e-03
1.597877714596807226e-03
1.706929429529759675e-03
1.299395186136175547e-03
4.106834368173692233e-03
5.506460868794933912e-03
9.387815390897807921e-03
8.175364212147186171e-03
5.215926698551091173e-03
6.140601257603770652e-03
3.487640354341351584e-03
9.688059348532951365e-03
9.237430843818754053e-03
5.454902021784538771e-03
5.997634463437335334e-03
1.604408713295667199e-03
6.130132238251560783e-03
7.083199078120164076e-03
3.008101508074892926e-03
3.305803073666047608e-03
2.243569976632770260e-03
9.710826837558469288e-03
3.594557968346057380e-03
2.129095291143526941e-03
1.123671345211249692e-03
3.774286820986601145e-03
2.128874645687657639e-03
7.739732542356715997e-03
7.085327409779122732e-03
8.205546927427944531e-03
9.148071854963251912e-03
7.362791450775439152e-03
4.648266882129912375e-03
8.144476988787438532e-03
6.933946390070053374e-03
1.980555375897153410e-03
2.310131689349952978e-03
3.164324094085039715e-03
4.083952743692548584e-03
8.989737524905971368e-04
1.315304117201009527e-03
2.002264918406064000e-03
5.127786336516934607e-03
6.891417464905298662e-03
2.830940155922566197e-03
3.503898579806243897e-03
2.012701456837065993e-03
3.381496528797482692e-03
4.182296129426389154e-03
2.036665830370563979e-03
2.368799693673400396e-03
2.147889404898108145e-03
2.762113816552661059e-03
7.165895911921394551e-03
5.948813562579842798e-03
4.141205207086982344e-03
6.666166146341138271e-03
1.787523808235716698e-03
1.931843032035061164e-03
4.467442102919469242e-03
2.597171329785714911e-03
1.518863723736298826e-03
8.636974503935381658e-03
4.027670688199672284e-03
3.354500540496075690e-03
2.964079026461661527e-03
2.041234737943388965e-03
3.200814860023354358e-03
5.570335682832938673e-03
2.235751409423232527e-03
9.170991521031686411e-03
3.351695375063299884e-03
2.276228989935975139e-03
3.583861881392908996e-03
3.570710027521184059e-03
1.603935059171174814e-03
5.267499164405905696e-03
5.559375251497217230e-03
6.310286950560985847e-03
2.825057335206593127e-03
3.074985007165315348e-03
8.994686792009588122e-03
3.913871054907210913e-03
2.171317085835668299e-03
1.276343350972173078e-03
2.087792119925088730e-03
3.127717626971201863e-03
3.408640507803046248e-03
1.519162495704007038e-03
4.229834317332516191e-03
4.173821006241711443e-03
1.694739704652861029e-03
3.229135145834354306e-03
7.136601666940932398e-03
1.900668818892370469e-03
2.815548179147003838e-03
1.152451120522612373e-03
9.138013200689793294e-03
4.924392827124719069e-03
3.896875127645782998e-03
2.619487354277583169e-03
3.782890128134224275e-03
4.014024714928709700e-03
3.120266609749446259e-03
2.235282189657078998e-03
1.568384059046424358e-03
8.986491862019854032e-03
3.526781740186881071e-03
2.252751930842205718e-03
3.294310586812516060e-03
4.051450084387630407e-03
2.726384374994738485e-03
4.896198778697103370e-03
5.981766026549620481e-03
1.369492958067151586e-03
1.928158158566169005e-03
4.150306801738194371e-03
2.551646648566835950e-03
1.889483359469571258e-03
3.197795542070967778e-03
3.544844158655565368e-03
1.424646790869394828e-03
1.351744047254019050e-03
5.637416706339925046e-03
4.209710790906638980e-03
1.921027431979102727e-03
1.269912411285528632e-03
1.025912414474454415e-02
3.983662280693972199e-03
2.476663913460828287e-03
1.166333176944169686e-03
2.516696971157450155e-03
5.052576775848232477e-03
1.600426293159915459e-03
5.501287185470871838e-03
8.497533943173892976e-03
8.347784684873323438e-03
3.143504342232509782e-03
7.889656468074726647e-03
3.461002539829242854e-03
9.426948626827257732e-03
2.537259868665027972e-03
5.115008074794544571e-03
7.170166918325881003e-03
5.546378404357945810e-03
1.523493428376948827e-03
8.751471634251457160e-03
7.321635559213615467e-03
2.778561625491090918e-03
2.267231079706138151e-03
4.586676694958528692e-03
8.430235456825177845e-03
3.681177165667392885e-03
9.255710368533871281e-04
7.120552091643996689e-03
1.941658051813740767e-03
8.739490113173055061e-03
1.631986829675598607e-03
6.045788576141773035e-03
7.668263556628859140e-03
6.204818224735344015e-03
3.513986023916794085e-03
1.141179239422924607e-03
1.555289703181173509e-03
1.828901381852913403e-03
3.778729136779438239e-03
9.172589134417355808e-03
9.053019776867820764e-03
1.953549514347552134e-03
5.423108550525016468e-03
1.321535649779912586e-03
3.668577927697837509e-03
2.115972463433089031e-03
9.826861909772751161e-03
7.521618013974367550e-03
2.260555717372374641e-03
7.300103475067418191e-04
9.739768773016146963e-04
2.447608197799314676e-03
4.709772090583014270e-03
1.417180524435016336e-03
1.842887234182404672e-03
1.887142278332333816e-03
6.241258724515964113e-03
6.762380272541680323e-03
1.459607547754799770e-03
2.728479687416056169e-03
1.339766647722545351e-03
4.521701176918553958e-03
7.389683974181368575e-03
1.662713039379672825e-03
5.043818909913404432e-03
7.793456837061304640e-03
1.261232728909641347e-03
4.738705431695919637e-03
2.029350652391308588e-03
6.194429723214656125e-03
4.480556867302865065e-03
3.215297236868550589e-03
2.658486247792857683e-03
5.264722006689748907e-03
1.724815425802224845e-03
1.086150333044507039e-03
3.613797510767109353e-03
2.662183201241776105e-03
2.944610898340344236e-03
1.315210135232414059e-03
4.233214226170360986e-03
6.702994089822799685e-03
4.303973138897186287e-03
1.066794720274481150e-03
5.413110536827317465e-03
8.467400708269659862e-03
5.780874892100157716e-03
5.296221708404422190e-03
3.829908041405401167e-03
6.685575312646905785e-03
3.044172798662808134e-03
1.069860072228962997e-03
3.105684986035542328e-03
2.751376189384257230e-03
1.864903741123776718e-03
2.418840443341385531e-03
1.313179744694746229e-03
6.667838072974019772e-03
5.984658718670184466e-03
2.109638081737673539e-03
2.371805204635212688e-03
2.023682732101566607e-03
6.638005245233582347e-03
5.062694142833222208e-03
5.983008910034333210e-03
3.167222636458370301e-03
6.697390807087366671e-03
7.147838828833473317e-03
2.778204056550969032e-03
8.118799966624994785e-03
5.921914292937536552e-03
9.443200709349116023e-04
2.079005845362212179e-03
2.214724051221768526e-03
3.436147632085767914e-03
5.962591445999053386e-03
3.044513540902588338e-03
7.182052365389253110e-03
3.050507015279063216e-03
3.606892490017907758e-03
6.940363356532135153e-03
1.642862566590693775e-03
8.372550022743997095e-03
5.245048367618130800e-03
3.904282714037604456e-03
8.964231942947216425e-03
2.074380619121527283e-03
6.125159949595422940e-03
1.757961303964209430e-03
5.377777631801269539e-03
2.853770941230775442e-03
1.638270030018081384e-03
1.356604271743201695e-03
5.773546524557909322e-03
2.016239174425932430e-03
2.134493757618009455e-03
6.586733168426396959e-03
5.265348875592521655e-03
1.314362202797369952e-03
4.965900794049476000e-03
1.677468256640054362e-03
8.966329962051058922e-03
3.365648919296552674e-03
4.150440626343871765e-03
5.622592210386865089e-03
5.151299435839029606e-03
7.492340576785818870e-03
1.536105528734010850e-03
1.512799441309290545e-03
7.605725841001663087e-03
8.854058251208359390e-03
3.275633742903151339e-03
2.160808249588547485e-03
4.188470386951571173e-03
2.065858609509155230e-03
1.856718453396326600e-03
3.438028640867083451e-03
7.557931706129917930e-03
3.807130157406375844e-03
1.636666547315855993e-03
6.030324867769749388e-03
3.343336801053841019e-03
8.591179389268037078e-03
5.460525558609385238e-03
7.589714391480760144e-03
6.255473591312388920e-03
3.429136820585843362e-03
9.031863378348922722e-03
4.695230451895097620e-03
2.891743496527658403e-03
7.952159896741405401e-03
6.820095799515826784e-03
2.740299645584272532e-03
3.836512726950088489e-03
3.212015957399102194e-03
2.230203667025516031e-03
4.320451489513297411e-03
2.968272208909140952e-03
4.099968622859603146e-03
2.132122123299973714e-03
2.910816085706015299e-03
3.564319194610110833e-03
1.760713974519283968e-03
1.009011425111723363e-02
1.769081078262808165e-03
2.855677657165296181e-03
3.073586113420223413e-03
2.114429547116045312e-03
1.649753302229234157e-03
2.340798663427603055e-03
5.631367648970164036e-03
9.355740471932407626e-03
3.227748723448154583e-03
1.658851544683674715e-03
2.239749410648265038e-03
9.175245290549253335e-03
2.874523234038400994e-03
3.835418318833327088e-03
6.905172974880144712e-03
8.809556059261151179e-03
6.232685756948844712e-03
4.702652429902035719e-03
9.253989611324918430e-03
3.389998286570447029e-03
4.137528437509196966e-03
6.246489942219065825e-03
2.719410508676015168e-03
6.719262720062983349e-03
7.310381113477607863e-03
2.880338064090079246e-03
7.735935251438753706e-03
6.063310922140682097e-03
8.388284678494823884e-03
1.041959238088452540e-02
1.551189265466661150e-03
8.672540051027730068e-03
2.879010158623769057e-03
5.205568501962602387e-03
2.308857234177914136e-03
8.071297609476307811e-03
2.343852418143006766e-03
3.309151649752063544e-03
8.030828871888280596e-03
7.577741028767744080e-03
1.375926270756220801e-03
1.262922437286468844e-03
3.745139069829744611e-03
1.463155078600032136e-03
8.077749038908515686e-03
1.978381336583693619e-03
6.120214121079667682e-03
5.588200467621026735e-03
1.710548484875745560e-03
3.502310052473652825e-03
6.607844677777959495e-03
2.193846586710422163e-03
7.897962689565565797e-03
8.630897039562504536e-03
1.809154511379396611e-03
5.974095556809406321e-03
3.240170677430988157e-03
3.306966701345541264e-03
2.970258485121627691e-03
1.242910486263995064e-03
5.755991733923166397e-03
9.013401200615148504e-03
1.179002983170753319e-03
2.312044309248476731e-03
3.070248987177319304e-03
4.408543484175142697e-03
1.141460131621995812e-03
1.946784632428248674e-03
6.577828238219435471e-03
8.363369206310205736e-03
2.024424568082249139e-03
2.026844754010617700e-03
5.544816845134033223e-03
8.985835688083535638e-03
1.748315660165803819e-03
4.648135002901763319e-03
2.703302798733452517e-03
1.499055528448286654e-03
2.689140903877628580e-03
8.270174275542092543e-03
3.163094230692433013e-03
1.980061696887490830e-03
1.607459771687382282e-03
9.839349174835137525e-04
5.024867416421368443e-03
2.900843680123282951e-03
6.051236925245203138e-03
9.274500121456765193e-04
8.403769648971732426e-03
4.298022973293763593e-03
9.192394985883187153e-03
8.527520471473067423e-03
2.631605783323818105e-03
2.397799131575611455e-03
8.158531926490283914e-03
3.733166603175422371e-03
7.833975323012824787e-03
6.051273831441299732e-03
9.739673348230855517e-04
2.426521371286606988e-03
6.590228763199583450e-03
2.976379633725280936e-03
1.263491395480179254e-03
1.693153992422600455e-03
1.952293815589998009e-03
2.638199416864565362e-03
6.143747694647795632e-03
2.145980333428853561e-03
1.464555241778436661e-03
6.239699680878937893e-03
5.199578138240062465e-03
6.753507537948587325e-03
8.551905971031430881e-03
1.503678382143309880e-03
5.219995916179623330e-03
2.356446233122892406e-03
2.677199991755232523e-03
8.672831888464609812e-03
4.959945737129663190e-03
9.807793280828800732e-04
7.442161460840462234e-03
7.249235324805000311e-03
5.364121404151687283e-03
3.038816284960436064e-03
3.418221450896455522e-03
2.235515940439142778e-03
8.104956327404990238e-03
6.834736557109597280e-03
2.952625763220125942e-03
2.447547013467663186e-03
5.568560436228692234e-03
6.861924456880722639e-03
2.066141220404154634e-03
5.719941639115416060e-03
3.369264358856817378e-03
4.501958933261282839e-03
1.633751588150945608e-03
2.325647864286092045e-03
8.162304022266298614e-03
5.980113627699054635e-03
2.283496837756804777e-03
3.202138789786056206e-03
3.016831824657453635e-03
4.484506397014044118e-03
1.239173141112126205e-03
3.754093081458350495e-03
3.652549195566360141e-03
6.114065087411954535e-03
3.788133572094344072e-03
4.716670420467557537e-03
7.707928328680420729e-03
1.661383021055572650e-03
1.446472822395794122e-03
4.251376931070352180e-03
4.600957763705983139e-03
5.880728782012300399e-03
1.862468207592520800e-03
9.446658780940248371e-03
3.707575768585939964e-03
7.317488327309302522e-03
1.261610664045309874e-03
1.656405831502730935e-03
8.182677942515976036e-03
2.076056724584699267e-03
3.285369329999229121e-03
1.547535598115604410e-03
1.773407946443753946e-03
4.229511857641036349e-03
4.505781281200268301e-03
2.527362965855069112e-03
2.609632005638650755e-03
2.917944640412965286e-03
8.564588007545241924e-03
7.574377366773309833e-03
1.013364266853395389e-03
5.354609205545469292e-03
3.224056770494005721e-03
5.420553987789242592e-03
7.821728712429198982e-03
4.561306722104556052e-03
2.327476830086922140e-03
6.512787769751362393e-03
1.865301429963008538e-03
1.237166798228155062e-03
2.903372864356851702e-03
4.465508845464392050e-03
2.990621738960291993e-03
9.910148109822613377e-03
3.527490132298867053e-03
2.519699005726304224e-03
8.173632226876916679e-03
4.654739406521724021e-03
3.341532456685613727e-03
2.153808907060097283e-03
3.081447440759487247e-03
4.713006792257183088e-03
6.107995301196570033e-03
2.260833650672335743e-03
4.526254711711962322e-03
2.638940163821096654e-03
7.144830563485030789e-03
6.705798835243550332e-03
8.571613109406657841e-03
2.384576027946932325e-03
1.883785405843370862e-03
8.746776269577705588e-04
3.831653211768174146e-03
2.731646869528214956e-03
8.588224750139750868e-03
2.749651769556190131e-03
7.419480747379048405e-03
2.532178729979163868e-03
5.904491365729069852e-03
1.267717911380416250e-03
2.660485880157885570e-03
1.315454299795053555e-03
5.443597690230152220e-03
1.340237399257657083e-03
4.169762395545841341e-03
1.197665746784512368e-03
2.447897155899663064e-03
3.356096913343924182e-03
7.951853273258631047e-03
3.310826815219367059e-03
1.476011184423397940e-03
2.160804154736071722e-03
5.356215081661725233e-03
4.858549071533217051e-03
9.146801840232431785e-03
2.045791573811839119e-03
6.942900181753817838e-03
2.937627469998394317e-03
8.548897284724302909e-03
3.289411748564186663e-03
4.148307300090981961e-03
2.038729488465584796e-03
1.003909531811873063e-02
9.245330155123562821e-03
9.155640573197178569e-03
5.183597986820396089e-03
2.445248461665919595e-03
5.029075560077078504e-03
2.399938516071416835e-03
4.895699673035163943e-03
2.174349599309253166e-03
1.630335748288511567e-03
1.254674202638763518e-03
2.943734171646149485e-03
3.988477245209960664e-03
2.192589913423374261e-03
3.058506540872026752e-03
4.637299929232105433e-03
2.261803816452916290e-03
3.700246664826972905e-03
4.522056045152156312e-03
1.627716141992643526e-03
1.208674382226357629e-03
2.016619820646365843e-03
8.836820242752471341e-03
1.335355014085472464e-03
5.190199477672279710e-03
4.817104986386994657e-03
6.278674197188304461e-03
2.086372196031966234e-03
3.707334995938069058e-03
8.682585626647951887e-03
2.881379077046716114e-03
6.810642124160597166e-03
7.466997303951151965e-03
4.498633033013853949e-03
4.014681587655694918e-03
1.300356097669915683e-03
3.983290045505010792e-03
3.445423714423050641e-03
1.497462080520790091e-03
4.420119074637818626e-03
1.415971805911074447e-03
7.962276879220225173e-03
1.167646838007872345e-03
6.229758259564623438e-03
9.840537822149868913e-03
5.274505615790249166e-03
8.316473970685267850e-03
6.764617141884530713e-03
8.390794144254610024e-03
4.834042397250086325e-03
2.165348935092941112e-03
2.712971831158591390e-03
2.127714517479931469e-03
2.015512352443532378e-03
5.381795000771984021e-03
1.498642777517684467e-03
2.514183176396364225e-03
2.756990491805534193e-03
1.722815534924155255e-03
5.813917312518884078e-03
9.518657210094092977e-03
3.363133198863727490e-03
6.337693269981586712e-03
3.112206038442582624e-03
5.251809283427917932e-03
1.124501383054270351e-03
1.476877818924478281e-03
2.323891765882270602e-03
1.343805108920478322e-03
5.828015954812605474e-03
7.171883785754921622e-03
2.155419485578269866e-03
3.650717463080628035e-03
4.017562362269938570e-03
3.789956684256082058e-03
9.320332709727412873e-03
7.879214423175776374e-03
5.142574858505295082e-03
5.897781159008363278e-03
1.572886483797809876e-03
3.669108022176469780e-03
2.884819742448517001e-03
6.551561629727481115e-03
8.564329764303890008e-03
3.424067663202822777e-03
8.360441243478455853e-03
1.831553599214456787e-03
2.435237385574677040e-03
1.823774461462505372e-03
1.749821908922641073e-03
5.482155705653680294e-03
3.920849051469955590e-03
5.178994258028115499e-03
2.012362174554503842e-03
3.474115449479236659e-03
2.196009891727280193e-03
6.202805501634321358e-03
2.739848925193554170e-03
2.988326013423330506e-03
1.922762066437296155e-03
3.285682841858800392e-03
2.038815574769163065e-03
2.544975309767546351e-03
3.617483145313528901e-03
4.587231206439971662e-03
6.766009772386541790e-03
1.015471895953899001e-02
1.959361088670004240e-03
3.780534333564167931e-03
5.191890909778703114e-03
9.158333389219300291e-03
8.525893327022120854e-03
4.323090962223784077e-03
5.772315853350640236e-03
3.862795564962242818e-03
1.903932605571840610e-03
7.149860501828901420e-03
2.444801498582691544e-03
5.445879808818653370e-03
7.339653903432243748e-03
2.263987119137094578e-03
2.527544574124304579e-03
7.723330655645861860e-03
5.434739972567191775e-03
2.896962773599556697e-03
3.695395751351246167e-03
8.702665181407161915e-03
6.044424231967146510e-03
5.424905575644164979e-03
1.707737387549237464e-03
4.581221077215286153e-03
1.670836648963751640e-03
3.275434264670174477e-03
7.946411651601915233e-03
8.418521391346779625e-03
6.640749134162245160e-03
7.131365168677220381e-03
3.128616830733906874e-03
4.807305262184160231e-03
2.840199697719813197e-03
1.787053315011004730e-03
7.933441479659443518e-03
2.727536434067928325e-03
5.316300779953210889e-03
7.865520121678629822e-03
4.456784841141425701e-03
5.338442643059312931e-03
3.081523722381055222e-03
6.848559901025995725e-03
3.186701941906862519e-03
2.396874767565003103e-03
4.493941267020323815e-03
1.850347668654621488e-03
1.413538496394314099e-03
1.895119981603754890e-03
4.072466478415746535e-03
5.082401657035936354e-03
1.551441377228555442e-03
4.867157437430958203e-03
3.863816832614463438e-03
1.674327282406550162e-03
4.508995688490131243e-03
9.225788758098860121e-03
2.282943223116233773e-03
6.299428429294602616e-03
4.020029193923815858e-03
2.722810934183257647e-03
1.455264224044061899e-03
2.839744843238910937e-03
1.800069463444851567e-03
9.358893204682638967e-03
2.064641400599038622e-03
1.148541944981365612e-03
3.476356688761323907e-03
2.834921137206036258e-03
1.435935144674948399e-03
1.143928486098887923e-03
2.654043032120946988e-03
6.020377412702064730e-03
9.305554081259287879e-04
2.663733503402718108e-03
3.218466593476530194e-03
1.083409091040685862e-03
1.265825155225428367e-03
5.186359510193269337e-03
5.645340411679416678e-03
1.861845576773198205e-03
6.995956850563721241e-03
5.458862885240679461e-03
3.027037648714861126e-03
9.590785172393746089e-03
7.988984562122060026e-03
9.192002513120722459e-03
9.305135741293784138e-03
2.197852492962419288e-03
8.861944991810533079e-03
1.656530839457023667e-03
2.413578188318813225e-03
2.598605003042562221e-03
3.472205064172332288e-03
4.762019191096289114e-03
1.626891776292593026e-03
2.573374188508612166e-03
3.877220608704630769e-03
2.196110895970820355e-03
1.304146743524730451e-03
2.958856563913150276e-03
1.391461194630313689e-03
5.053750709306667303e-03
7.926459476168254414e-03
1.182190173294306486e-03
2.844593019593162891e-03
2.875776759392868059e-03
8.738052366693690662e-04
1.654858163314641044e-03
8.297371047428753199e-03
1.317184407655491718e-03
6.816409190114568022e-03
1.651448363546328263e-03
2.594217683008279499e-03
2.207133823455033773e-03
5.599959054325482320e-03
6.114687253325984048e-03
8.700264661552969611e-03
9.331696890432198896e-03
2.446654394082899489e-03
7.166810695841614384e-03
1.997784068930262384e-03
9.665076203293578028e-03
1.973823152876080702e-03
3.144129053009257421e-03
4.785072453911193811e-03
2.077269040799899127e-03
5.145533473895795747e-03
4.908599185356150169e-03
9.090623904949801659e-03
4.729987885843042750e-03
4.933791675139047837e-03
1.715518798393949555e-03
7.806429287193413511e-04
2.765030681686024387e-03
2.682298342692676814e-03
2.861628047837470705e-03
1.828288405353266973e-03
8.174007756829469382e-03
2.142251049518669077e-03
6.151909556639722707e-03
5.794361761773511935e-03
3.311337122632805954e-03
3.884150203470408333e-03
6.021529025420220907e-03
3.041028333103876387e-03
2.305900546649325682e-03
2.523431004700408490e-03
2.003511802062641050e-03
1.274988725526812793e-03
7.190233586974707422e-03
4.239115836794186791e-03
6.555276440752233827e-03
1.470430950479447319e-03
5.063325573649203257e-03
5.510099896519980722e-03
2.056901008065494321e-03
4.552213238767688179e-03
1.334256436709003405e-03
9.001336057509180116e-03
1.904841559527945677e-03
1.992676927673409960e-03
6.049561320008393223e-03
1.488292251739328385e-03
1.641617686145081887e-03
2.110918869297118486e-03
2.923227383438710501e-03
1.902357473210100364e-03
1.340038041910273422e-03
9.379504719846384203e-03
4.873335375956584781e-03
1.333446350893287800e-03
2.361988886523897456e-03
1.803546993087354160e-03
1.789600628706132426e-03
1.101410798328495691e-03
1.742281582019058203e-03
3.435625458562203711e-03
8.985207908188984349e-03
3.762274736588439462e-03
2.387254288679558235e-03
1.310442645099617592e-03
3.168052584150394049e-03
3.869121693126892358e-03
4.388131481026351539e-03
2.660998753286958340e-03
7.617276874555574742e-03
1.182430060543604791e-03
2.028303644376818794e-03
2.159535900869010219e-03
7.877539456394777248e-03
6.776246709981191552e-03
2.722435466695055043e-03
6.789985481803486114e-03
2.033023569263489767e-03
3.070679117538322161e-03
2.090164076771728122e-03
2.719557510173730569e-03
6.227868627252776748e-03
1.277059883566762600e-03
2.795302928621090123e-03
3.334336146055674743e-03
6.555075720987303331e-03
2.027821881283751668e-03
1.018225399247529167e-02
6.930504703037248734e-03
3.907712673445264649e-03
4.638998387365480050e-03
5.721514700762783331e-03
1.875228916685120657e-03
5.579169794713572869e-03
1.742559182002875739e-03
3.131119931259465292e-03
4.275546353189007415e-03
4.741655186394584665e-03
1.820932008207051291e-03
4.294202351821652108e-03
6.072888246481117878e-03
1.935423615660206978e-03
2.381348200241301116e-03
6.615269797819418179e-03
8.101062131077184716e-03
3.623086951535960023e-03
2.198741122766767822e-03
4.825170452605947666e-03
6.516695611396962871e-03
1.444123419433372430e-03
2.180673825307467492e-03
9.430283334314290902e-03
3.194227670741210841e-03
8.008724781613834470e-03
4.157716577000832199e-03
4.701198189675376282e-03
6.701008522808603318e-03
3.029876471769151879e-03
7.899194845578709490e-03
5.781368587996455616e-03
6.859973895895779550e-03
5.899784508245897556e-03
1.358392410005274022e-03
2.097814850403434232e-03
4.130563358554280307e-03
5.013642883730102563e-03
1.093520874348420874e-03
2.982859600438914766e-03
1.941980150795587657e-03
3.961112806452990465e-03
6.063411041777474163e-03
2.720039776783015565e-03
1.407387299802054671e-03
7.085187065090902889e-03
2.030094477444424356e-03
6.514614252036119574e-03
3.301315807774105396e-03
1.989754843160347793e-03
2.648142085072250490e-03
2.369126126952457272e-03
5.150636101863719819e-03
5.704517736915480988e-03
2.012982699154132124e-03
5.080859398843734151e-03
1.881385912311133498e-03
7.967785058196258374e-03
8.929207129867548776e-03
1.343921116069018637e-03
5.227301234597005186e-03
1.935243537547221048e-03
5.913309116716910716e-03
7.567939363643928427e-03
2.161518808603285317e-03
4.842814578301921080e-03
5.322669677218245382e-03
4.208035442527689567e-03
1.023581297802048833e-03
1.395606306913336949e-03
1.780449204300485087e-03
1.818470508407227758e-03
8.905704502957294266e-03
1.687808728338055508e-03
2.036891067587317562e-03
2.829021400372709952e-03
3.304969738390503738e-03
5.839854822654630406e-03
4.540602636609400097e-03
1.955216787114903709e-03
2.859591594629870386e-03
2.136947362954582340e-03
6.937529096896246673e-03
4.951075559186510558e-03
9.792213531541364008e-03
4.614078902469931007e-03
1.734347413162676179e-03
4.539067596480198495e-03
6.551809938147775195e-03
7.185961347568619109e-03
7.719255529625568615e-03
2.642232363851153634e-03
9.691106748188255821e-03
3.718814919052148161e-03
5.402434629789401414e-03
4.930759819648782710e-03
2.636028185151062346e-03
3.808175757763199859e-03
4.681541079840150985e-03
1.691542385592285187e-03
2.005248221120289019e-03
4.617100671636981124e-03
8.374095685889294816e-03
8.498649014069871183e-04
3.672484917784827902e-03
7.451938013264415572e-03
9.008920799766817131e-03
1.369937998934299753e-03
1.005958603392781425e-03
3.445886730127264638e-03
8.834599709135661921e-03
2.558273657539723855e-03
1.968709835652880137e-03
2.121884868481153843e-03
4.168834907962083725e-03
2.986628893394397376e-03
2.421182212458691720e-03
2.194471398700290152e-03
7.218953003535642440e-04
8.108395498739612989e-03
1.205170223634891838e-03
3.046616283603344622e-03
6.178527916640847925e-03
3.946067579401387262e-03
2.292328427884667962e-03
5.884570729015770052e-03
9.408032873442067137e-03
2.177582973663651396e-03
9.152847173058954733e-03
4.482570390453358838e-03
9.352231659442376485e-03
5.768856264759594614e-03
5.205714641951807858e-03
5.321436213149504692e-03
1.960907546853259305e-03
2.704169659252832203e-03
9.407545483977763912e-03
1.727949788731414490e-03
8.439038938553276165e-03
3.162633834423255082e-03
7.420982453481607746e-03
8.106716916284598465e-03
9.251223444402045804e-03
2.133529712519629130e-03
2.249499591065087789e-03
7.891300978623505763e-04
8.403394249313416928e-03
2.396187847286007557e-03
1.156870713064314573e-03
2.028496252827883487e-03
4.506811350697550317e-03
5.928930507184080115e-03
1.197679292093082031e-03
1.125927084288344190e-03
2.369264639936825151e-03
1.938111017693675041e-03
6.672292678013466358e-03
3.850259943473499820e-03
4.388883723408963482e-03
6.830603353459665378e-03
8.629425665360424338e-03
1.115008005661589485e-03
2.573102086000715952e-03
1.205189963704423727e-03
9.995363538601517717e-04
2.248116903177034553e-03
6.037957046219606314e-03
2.657655452117956008e-03
3.390749115823451284e-03
1.415558365275848118e-03
8.212405134763792885e-03
6.954449302498381946e-03
9.287977695347897095e-04
4.747194122388190447e-03
6.652221549810771392e-03
1.797663198449447322e-03
5.696281668877214988e-03
4.049298161945962503e-03
2.204376042656795709e-03
4.558465061977927391e-03
3.123719693531543887e-03
5.586528344236636918e-03
2.775554724071222640e-03
4.210226890673038000e-03
2.940713726528685484e-03
1.975405678039000336e-03
2.925475582191514046e-03
3.103586273888583012e-03
3.383849778861860828e-03
7.688162662988847970e-03
1.652548642110612722e-03
2.024107338049217775e-03
4.307291945029392832e-03
3.130344205936733560e-03
1.759908170576961542e-03
2.886478442044964048e-03
4.374817909399740870e-03
9.633915984330809409e-04
3.390278404250842911e-03
4.999405973477731753e-03
1.296369573260281816e-03
3.146876914884353445e-03
9.148851871650894637e-04
5.034223554012896319e-03
3.036717133012574454e-03
2.011019229866932521e-03
2.204311032116485717e-03
1.833391279721057919e-03
4.766659516435614238e-03
2.257320414895481846e-03
5.240436716028087742e-03
6.907301889692790166e-03
3.129903947154089386e-03
2.627168722127344938e-03
2.046306738947235339e-03
2.444803981757160544e-03
7.905932753639674168e-03
6.687982525269565992e-03
6.257793920193625500e-03
1.644496633864552925e-03
6.603300557895999678e-03
1.790854180103212435e-03
2.750207041424436536e-03
2.471723044541510560e-03
9.292887304756274796e-04
4.143038276133362632e-03
7.990718508306430753e-03
6.598245369463105921e-03
2.450330822377774082e-03
3.757624388572242732e-03
7.630974213260697733e-03
6.172945107578238846e-03
5.171983902204702228e-03
4.213942037799024362e-03
6.888062439551020065e-03
7.579209825343304063e-03
5.970961968164414414e-03
3.172282908010828646e-03
5.375268612547029479e-03
4.793548006877852360e-03
2.047996666370847669e-03
9.254326339007055285e-03
2.581445179725537324e-03
7.663948813185056906e-04
4.308016929364088740e-03
3.043247709009930854e-03
2.253217568631537323e-03
5.912080750827632819e-03
3.677904844654294493e-03
8.492082390359607241e-03
3.040956635734204903e-03
5.296721768170008400e-03
4.049991052781137281e-03
1.240887203683782927e-03
3.676293182446499497e-03
3.141711878724022522e-03
2.628011639871208512e-03
1.853790873579790012e-03
4.561805383637543981e-03
5.261122575656961356e-03
4.119854379526066007e-03
7.009703237487193046e-03
2.378410716834263028e-03
1.182353687363951050e-03
6.913026306168112631e-03
1.088924426455211217e-03
1.371912655066690650e-03
2.088811401623118322e-03
4.915358166110318089e-03
1.669556258452294713e-03
4.404080172856575728e-03
5.087445868247679817e-03
4.465099929045339075e-03
4.548663435024590668e-03
2.139124731202967158e-03
1.403116681238137558e-03
6.056268532593826748e-03
2.384318903414054790e-03
8.018334783084623413e-03
6.744676454301542362e-03
1.135766011730887605e-03
4.055362254155461289e-03
6.353365952044302475e-03
2.204275642338588900e-03
3.046900977991933053e-03
6.179281670644020362e-03
3.833524195715333309e-03
3.526264759764734507e-03
2.059416807326155258e-03
1.213174558488573120e-03
7.869035189719496542e-04
3.041664069178484902e-03
2.357247812413184283e-03
1.461027778626577001e-03
4.087369286821726511e-03
7.080150306764124851e-03
8.210011170883296794e-03
7.138983475760247825e-03
3.448428517135458497e-03
1.779227472527154970e-03
4.700039577478759729e-03
5.571074234494472963e-03
2.740656510103068461e-03
4.392420422065775737e-03
4.458408488332623980e-03
5.366319970287631962e-03
8.037299088847859110e-03
2.926076187484634265e-03
2.499230836107775751e-03
2.515746880912546161e-03
1.352385969336766455e-03
9.762444004266141589e-03
7.959130967378134219e-03
1.587599734485037762e-03
2.706320332706558390e-03
3.576194368043825005e-03
2.483551506712025278e-03
2.833783817623260204e-03
7.298740052079387419e-03
6.734396732077538479e-03
4.182185927526432985e-03
2.138105397316025953e-03
1.939536052080787984e-03
6.845621445839314770e-03
1.453576542753578235e-03
2.708484277364850423e-03
2.120515133832203900e-03
2.441334399581691385e-03
3.445930679124559800e-03
4.299593002787939142e-03
1.865858112476580103e-03
3.528026455980247996e-03
7.728751692458746443e-03
3.876633347380218329e-03
4.090734521541679151e-03
9.558432401464032543e-03
2.612054089184167802e-03
7.921381337194683542e-03
2.875673620800282739e-03
2.781193915287508492e-03
1.946263532335229876e-03
2.082325881203383154e-03
6.298480183315393645e-03
9.377833779853798207e-03
1.963707799033269970e-03
6.641175883193095077e-03
1.743509814533323894e-03
2.570665784776246347e-03
2.639947800241627864e-03
2.405036913854661368e-03
2.045418311625763624e-03
3.986167071351643873e-03
1.337377653656067911e-03
8.280134547135083525e-03
2.711336628228953188e-03
3.028107587450384712e-03
1.274090035203386288e-03
6.821155629017403021e-03
6.900134165997310991e-03
3.194058001325741220e-03
8.417025389836610763e-03
9.428705175763250207e-03
8.235595686950179101e-03
1.497927096928883348e-03
9.197888709164140156e-03
5.732737875098476224e-03
2.494332077127483366e-03
1.108925328957531542e-03
9.263783739379058673e-04
8.502931079312811558e-03
5.355747370641479425e-03
1.212779705557243039e-03
2.997480915782830494e-03
2.199232346493846385e-03
3.258255724899278023e-03
6.369910103669159523e-03
1.568489986801481842e-03
9.142203572593233032e-03
1.477005062134548359e-03
1.852376461547103684e-03
7.161980463072403422e-03
1.919786476255826591e-03
6.525663210782895601e-03
6.072788620892918647e-03
2.825870143756413315e-03
4.644968236237120331e-03
1.090954956864429587e-03
2.873091280590143060e-03
2.151253535150723754e-03
1.731746232700862205e-03
4.711714599654619889e-03
3.451639605990753507e-03
8.341194305347016461e-03
3.373723844539775266e-03
2.451068101000633895e-03
4.795308865179033313e-03
5.585468125619236050e-03
2.203551186541090508e-03
5.704275774407048874e-03
7.134079418959993202e-03
6.211163410091090006e-03
3.369656109396436307e-03
3.473024761268505602e-03
4.898818609273973383e-03
5.386272431741319019e-03
2.171068311928017226e-03
2.451627046646965430e-03
8.628091190968138063e-03
1.927741505461419208e-03
3.236157291389588596e-03
6.045201273244642237e-03
5.051730816786569739e-03
2.528435322008444099e-03
4.597630062244372970e-03
4.303179819412094459e-03
2.293807598936137369e-03
6.549230997394007298e-03
3.890068053152732647e-03
3.157078378332192625e-03
4.497247896673469206e-03
1.832024703255545183e-03
3.180594246990400484e-03
4.839370566975014637e-03
1.602265477881025836e-03
2.700099347526428717e-03
2.647060377536888595e-03
6.265739751204733171e-03
9.033073075359247459e-03
6.523622809814069723e-03
8.436622794390326915e-04
5.811101903986404769e-03
3.566424231511201599e-03
1.685960845384181731e-03
2.264692798490387533e-03
3.433349447109368228e-03
8.401500414661162291e-03
1.772968245909274914e-03
2.872334752870883950e-03
7.917291990081811587e-03
3.673366929338351891e-03
1.837764713173594810e-03
2.912048900650669910e-03
1.224645286610766921e-03
9.056491324695185516e-03
3.514657637291839984e-03
5.173985021518633098e-03
3.438540660215368399e-03
2.377013271249867922e-03
8.343183395107790778e-03
8.519006287053600482e-03
1.437568063059254829e-03
3.089190384621881558e-03
3.705319860383029899e-03
9.164813747287711698e-03
2.147445731974498805e-03
4.600535800288278569e-03
8.790915068607241256e-03
4.774684136885571847e-03
6.856931955711368905e-04
3.327202064829198024e-03
7.633007102118175707e-03
1.413705373688054368e-03
2.884823238306916636e-03
1.175734610657470014e-03
1.941977430038834950e-03
5.992400622419563963e-03
1.652720013060735753e-03
1.316333275793554920e-03
2.697147998347317142e-03
1.859447102484202731e-03
3.143084514822333184e-03
1.544738022140476662e-03
3.544415013164639930e-03
3.044404680184835659e-03
1.722694495663518784e-03
4.299778026580654972e-03
7.164774405236020577e-03
3.344723005905742876e-03
2.375842245251798442e-03
1.313009761538897879e-03
2.916684796273543746e-03
6.840805048274879036e-03
7.621540313513497714e-03
6.814912608774134628e-03
9.509646032040800639e-03
2.319945794583741592e-03
7.170413802033891171e-03
8.432220515151378840e-03
2.450477829547573379e-03
2.776485136031517191e-03
3.227337499681061112e-03
1.790366783058386629e-03
5.358708740000489058e-03
5.406999310451704281e-03
2.401174961044519416e-03
1.196875180986373263e-03
7.624269682134535847e-03
6.678220496188947038e-03
8.314815246006948893e-03
2.396926880249377473e-03
2.850072143501494477e-03
6.469944668120244935e-03
3.099395817128838132e-03
4.376044528808049373e-03
2.818699153406757380e-03
1.782966553916240328e-03
3.319283617780901217e-03
1.764250542598488469e-03
1.980251089344490720e-03
9.828021399067494480e-04
3.656398820210888731e-03
2.637931188689134239e-03
3.036157859317553144e-03
4.058632559841256204e-03
3.590626854338791092e-03
1.524363771700172881e-03
4.264609331858631655e-03
2.453894245753477765e-03
4.706982190284679686e-03
8.988917231961823795e-03
1.576856357585029907e-03
7.451139398788747537e-03
3.686235984834120884e-03
3.759774012697736541e-03
7.146989504384766018e-03
2.011385869428576091e-03
1.876588504743628618e-03
1.114582696467736594e-03
3.875010829032389959e-03
3.287813294699275073e-03
5.916206631980532385e-03
8.563424860812705874e-03
7.706947148042560432e-03
4.033712513563939700e-03
6.835788720499563417e-03
7.176592449287464738e-03
1.056731740373256789e-02
2.488135844093993312e-03
1.806975558653895440e-03
3.572275918648682054e-03
6.914532217550026748e-03
3.708703240652131729e-03
9.365744704401999035e-03
3.256744489915521998e-03
1.757427928206742145e-03
3.094803443582181107e-03
2.380220503733156481e-03
3.345151865345047555e-03
5.258166395379192809e-03
3.357351102942659343e-03
9.718435817248386246e-03
2.145490670432947770e-03
7.964928615637037468e-03
3.529285032498732932e-03
3.811800896205979824e-03
5.467357586274590453e-03
1.756402380931693964e-03
1.986295154468699017e-03
5.039550084872694222e-03
5.469268055997875827e-03
5.943983997647337911e-03
1.979409657534174794e-03
2.542567318620648012e-03
1.708668497985633191e-03
3.724316275568612285e-03
3.249727212296330253e-03
2.442332846218841710e-03
2.285533246981427680e-03
3.402063651000417077e-03
2.147744216951783837e-03
2.000077541002614513e-03
7.470209740047159194e-03
1.190647960484545603e-03
5.433853263818789504e-03
2.259857752241056436e-03
1.110721735074400715e-03
1.760494390337710539e-03
9.287524171607566825e-03
4.432142672753245499e-03
1.563937221243166852e-03
1.304600584235775370e-03
7.400637587842279035e-03
9.142027698253873610e-03
4.970457536701096066e-03
9.793953861102919212e-03
4.683224947209196215e-03
7.017117531797945756e-03
3.290796384031312305e-03
1.458613561146353873e-03
5.699059948751018095e-03
5.748649897999109741e-03
1.321016495220449010e-03
2.354594506805478445e-03
1.608500518240698523e-03
1.805474250781692559e-03
1.809737426106758015e-03
9.634437167285878761e-03
2.026194029218564025e-03
2.994872294340661205e-03
3.219009950852891322e-03
5.413159610692903217e-03
3.367293380392491313e-03
2.252976949140601901e-03
2.870376480825913811e-03
5.885036159782725852e-03
2.622997728058466121e-03
5.661992869874416662e-03
5.139352688947903744e-03
1.417691080591161352e-03
2.588975632940934343e-03
2.838107971102877235e-03
1.379838792383493006e-03
4.693203742242350006e-03
6.358429458235953166e-03
4.478716088438305931e-03
1.848318891326700434e-03
1.390922078178515476e-03
8.304963674162679083e-03
2.423077445109415515e-03
5.197863654237125028e-03
2.211916089788175561e-03
9.514873171020277881e-03
1.952997391751597894e-03
2.312269432782168652e-03
2.299811753025163621e-03
1.872315558818995031e-03
1.809181758571043637e-03
1.529878629354832929e-03
6.111569955950602387e-03
1.924537932005329285e-03
9.313834116890970863e-03
9.602121505375930260e-04
7.365321352786386236e-03
2.372450179599308422e-03
2.069178059454801835e-03
9.070877646831815300e-03
2.354618320795710904e-03
5.935245622332510629e-03
7.014810226764503671e-03
1.559748022898391207e-03
3.311513647220250788e-03
1.450927768481256354e-03
1.149471579074456571e-03
8.128793824280581767e-03
6.385204244629623209e-03
8.583742214070638060e-03
4.138743724016352363e-03
1.934136975251582111e-03
1.319264799780319776e-03
2.360857742382978935e-03
2.756713533072367543e-03
8.160786502596637654e-03
4.699939415695545894e-03
1.285872171438943307e-03
4.935180771152170714e-03
4.754708617683363510e-03
6.180933805693782090e-03
7.538235477670656402e-03
6.791685204061664698e-03
4.951966625910271015e-03
2.949814686227172564e-03
4.500873625152177274e-03
1.748136915995117825e-03
8.038629545311858429e-03
4.996881430481030922e-03
3.972500182016102180e-03
3.182515195876940879e-03
2.474541475998523390e-03
4.009047467952374724e-03
4.029621455429541893e-03
1.618815117891253194e-03
1.591467266596655180e-03
9.649554426682110941e-03
2.256763849956971296e-03
5.845810511847846988e-03
6.742227064390480737e-03
8.165394856808512458e-03
1.949196784498636236e-03
1.779258635143717059e-03
2.905893459895649011e-03
1.638037236901895193e-03
1.151876622042526891e-03
7.558280100635502222e-03
1.868984254458834178e-03
9.316255691164902070e-03
8.025294145048404368e-03
8.971459236028114792e-03
5.085395341584494563e-03
4.214586414743266840e-03
9.528044543838362634e-03
3.081375093096516086e-03
5.420426938443087886e-03
4.195308453461346621e-03
3.566544805680527987e-03
6.123794403369809888e-03
3.561558126481487001e-03
9.749846521445316994e-03
6.913572941447669595e-03
7.363127316945919723e-03
1.904877404353102566e-03
7.472423685230992346e-03
2.361303439702051171e-03
5.471407250226248756e-03
3.706781921998949549e-03
6.730769661994569567e-03
3.009105237248460660e-03
2.537007642358263780e-03
8.329964635024739855e-03
9.146021429740576513e-04
1.962895259740266712e-03
2.514821821776133670e-03
8.682348152431983157e-04
9.566226170058485245e-03
3.172429745573976737e-03
1.847206985322662979e-03
9.290877501436400118e-04
2.285038973742839485e-03
8.958607997245016108e-03
1.143293862048250578e-03
3.581804121687044620e-03
1.607422162746402570e-03
5.112910407281724863e-03
5.104551005460691501e-03
2.347793819029800073e-03
3.915842164675252708e-03
2.430591139187336311e-03
6.359873364623269340e-03
5.086084042915807457e-03
4.441411098780159543e-03
3.870137590675118248e-03
3.505711192963076404e-03
5.499617651481946562e-03
3.656304968388897694e-03
1.300493583795899865e-03
8.396918165467625456e-03
1.993682024301005745e-03
4.397364673850250733e-03
1.128909698218898703e-03
2.761942162289462988e-03
9.293096861653263319e-03
9.025485410813223475e-03
9.617634869445446100e-03
3.805085959241830650e-03
6.906108946503139098e-03
8.510333322802890454e-03
2.707374829845212751e-03
2.500113118662284414e-03
1.957781617697080135e-03
9.419963648053062549e-03
5.678271143940863928e-03
4.366390832292862609e-03
4.010185095937632282e-03
1.998135180701958447e-03
9.556903384723140771e-03
8.996004079963142164e-03
3.015179976426766474e-03
3.089193695921510149e-03
3.593862442134031394e-03
2.798068852773533989e-03
9.677041412754976840e-03
6.625927118592539640e-03
2.380554720500915010e-03
2.615728290983028795e-03
2.938687955113846242e-03
1.667335325442222908e-03
6.429944110904783558e-03
1.170488471174734989e-03
3.850712241913592081e-03
2.394708815695632299e-03
8.756232296498847904e-04
1.440533166979040321e-03
9.759190527020454239e-03
3.685065979249014731e-03
4.891680097053291432e-03
2.552797669035989248e-03
2.585152983971868677e-03
9.730826578349730666e-03
1.561038982833107703e-03
2.330885324518068655e-03
5.131899321329698622e-03
1.161560134865320150e-03
1.686171847686592125e-03
2.583609862134119035e-03
1.390602973002647534e-03
1.023049383132891999e-03
3.770257284588817304e-03
3.375560146407644360e-03
1.519568300469301570e-03
3.086953114707004665e-03
3.553958495420121450e-03
4.480873323453361118e-03
3.983881294572783581e-03
7.353095756004247516e-03
1.290813060077139040e-03
8.359387917138912799e-03
8.605667365926248508e-03
2.952542621160938064e-03
3.532068298370694658e-03
6.355021739445297288e-03
1.096768116217917586e-03
1.918545749400483742e-03
3.844441340580827086e-03
2.168251369949838071e-03
1.428204359158644424e-03
2.172453056903065130e-03
3.937286806325382242e-03
7.853967251559595963e-03
5.782912061971489867e-03
1.606613939587650097e-03
9.697359927743558206e-03
9.609912064261434683e-03
9.425717761461258754e-03
9.980907547252140105e-03
5.753901514194588451e-03
2.564127961884298586e-03
8.473796260062529256e-03
4.465359473553754711e-03
5.607162439883362111e-03
4.768041044551888860e-03
4.399627233133199949e-03
5.506828362811687014e-03
8.672468254769022736e-03
2.896762553794065935e-03
1.699367450264520785e-03
2.674728928377838495e-03
9.008155524624401542e-03
6.554937475093246257e-03
4.864255270152150271e-03
2.418792111589790263e-03
3.661396290627619982e-03
8.348072774893619541e-03
4.605555031838564663e-03
4.666021228008182878e-03
1.018432891656420765e-02
2.310016091644369850e-03
2.148795117000421723e-03
3.669416768936946231e-03
5.316932244886671613e-03
2.788812980983585918e-03
1.854516016826908203e-03
2.664752320132194891e-03
8.460258782559265667e-04
5.714748011504068928e-03
1.899529523042458798e-03
3.605452299911918526e-03
4.198882404313993011e-03
6.036909358226565624e-03
1.107100021041551498e-03
3.437892952942513645e-03
8.168627266358075706e-03
7.401998979956329536e-03
6.358042227636511584e-03
6.366261774099424113e-03
2.110316427997327351e-03
3.139385008326730543e-03
1.469685737072998644e-03
9.945573521937599998e-03
4.156887434662605990e-03
1.133968707784963189e-03
6.252579228683052825e-03
2.495385051987279203e-03
8.643645724726384955e-03
1.926703150804736416e-03
2.734592290492975260e-03
2.324249805119167969e-03
1.286240938977126647e-03
1.192707578139992142e-03
1.568474126570814416e-03
9.292912131279543186e-03
1.617595990494385180e-03
6.187892099476883720e-03
1.648715232486011595e-03
5.556741567376908067e-03
8.548321913767562702e-03
1.218495462494622889e-03
6.172671790578810117e-03
9.312747069229928773e-03
2.754792070803797118e-03
1.191972069581554187e-03
1.167642976275918166e-03
2.007375227621514997e-03
3.570175934186950537e-03
2.132439739349506827e-03
3.869009942578820194e-03
5.298968818908199319e-03
1.238690766874700217e-03
2.791070959152670145e-03
1.323482430594642364e-03
2.130187824837177692e-03
1.935320824846091308e-03
1.768669690914801990e-03
1.884739224307186399e-03
1.384196162750028162e-03
7.978043111396299070e-03
1.039515371802476147e-03
2.877243678524529780e-03
1.415650220461617563e-03
5.024623155095100588e-03
3.306074314868743917e-03
1.726897865574443525e-03
2.759325687360424627e-03
2.323191149163099899e-03
4.623819400197917706e-03
3.274062455367660572e-03
7.825596788169880691e-03
1.857521300220871816e-03
1.729906726103201025e-03
4.218666864427234042e-03
2.564536769176076203e-03
2.056720124679454857e-03
8.591018755218504666e-03
1.809103009555518542e-03
1.876175826006021286e-03
1.157789315257918943e-03
5.134895738707942470e-03
4.425492431699611443e-03
1.497483916724314489e-03
8.954345604234338618e-03
8.134688006100251542e-03
1.210414215001013021e-03
1.957968959624067744e-03
3.581115103178371395e-03
6.099202940104210373e-03
1.454020394524165819e-03
4.470373715800061293e-03
5.157141926434537227e-03
1.169843808382343758e-03
4.684073182409616461e-03
6.465491907176145261e-03
5.861841740190759827e-03
8.242937063380894810e-03
8.072307819624814987e-03
5.381426329746570245e-03
2.379014032628375304e-03
9.782201684009800974e-03
4.890424235334374370e-03
2.225962565170103158e-03
5.794889374645293204e-03
5.966659594260289440e-03
4.158912290794389288e-03
2.218047875169955937e-03
9.169454552518630300e-03
2.887218794592340265e-03
6.418705773155361158e-03
8.735172489061519829e-03
9.533440818345874368e-03
7.748931625465178483e-03
7.001834782042650439e-03
6.933273654885651130e-03
2.866501052362754355e-03
1.779476465414578726e-03
6.268494694751512719e-03
2.952031629800446096e-03
7.924681730404151483e-03
2.195128995574333226e-03
2.096842919086135994e-03
4.628179965550834225e-03
6.310543966870029407e-03
3.300347916248056943e-03
5.714104131109747423e-03
7.982061217322988095e-03
8.896669944060815044e-03
1.488543940729732552e-03
6.110962526247857955e-03
1.065870209856106246e-03
5.594681326167598792e-03
5.080273068115347297e-03
2.444655361458489447e-03
8.693204097485246820e-03
5.127611223608958407e-03
1.827385373816030594e-03
1.349348332015638504e-03
8.274436349587008244e-03
7.146899992143422066e-03
9.289070110024333360e-03
4.539919254070320237e-03
6.803571671700097030e-03
4.438177147651652804e-03
4.426464335331076021e-03
3.972646237731000500e-03
7.756645333972544444e-04
2.709658892803701834e-03
3.721168865879215075e-03
9.111976238392479298e-04
4.130792679131692173e-03
2.594153507047107510e-03
4.140077889692657040e-03
1.971374230398567108e-03
5.044710351416530417e-03
5.946919999776808380e-03
5.292929462048954689e-03
9.720035941288281828e-03
2.878441897631461160e-03
1.103827148528968138e-03
1.479598315561033188e-03
9.410067902414796792e-03
9.936615187473396386e-04
1.038497129277805853e-02
3.344803191642856891e-03
3.033209830727906856e-03
8.703647144842525246e-03
2.382171759513091944e-03
6.779183748912164312e-03
4.625390676469063114e-03
2.136390474818139831e-03
1.902794866285983022e-03
2.799366614585387103e-03
4.104361710158204758e-03
1.373421903207106649e-03
3.340956030977483560e-03
7.438327157062663009e-03
1.026038803046848413e-02
9.831823995900563357e-03
1.030453579508914738e-02
2.097985054149646266e-03
2.215924488273509924e-03
2.318916239799388972e-03
6.356430383844601656e-03
3.157852077268871478e-03
9.477122323829523243e-03
2.326487539039696472e-03
2.899089383582044259e-03
8.345594599962230953e-04
6.790240699793368556e-03
3.428382839802023713e-03
1.262071270365573272e-03
3.739792953238692003e-03
3.059451428523650082e-03
5.451903318681537887e-03
2.605295469577652463e-03
3.204922834320813631e-03
7.332160577631377518e-03
4.765566913063524687e-03
3.825695354779019147e-03
4.547324853725069095e-03
7.939984020530988992e-03
7.496595734276790407e-03
4.611796429030784461e-03
1.405960726280575980e-03
4.809662515213909001e-03
4.614076018680628166e-03
4.622399274865329408e-03
1.751409415837715602e-03
6.967685493483757701e-03
7.603713886754037178e-03
4.657845751505452353e-03
6.476675847698254787e-03
2.197591554514598342e-03
7.203600406126718300e-03
1.038617540026264517e-03
1.592988767022920481e-03
6.210191715229700440e-03
1.016599361809524156e-03
1.633445449815251315e-03
3.429977114468927245e-03
4.237103486346967783e-03
4.701930774171257481e-03
2.172431910335679076e-03
7.933096553723040234e-03
4.468327637645390718e-03
8.720666053844108173e-03
1.843672237196084147e-03
1.927072283664493096e-03
4.126134746659807818e-03
5.592755648614547090e-03
9.504772255320458659e-04
1.784227115777620339e-03
3.915102669496767218e-03
1.399522065470488238e-03
5.665796096271082105e-03
7.103527061785902888e-03
2.439052795060308969e-03
1.438590794176936461e-03
2.919602438197653818e-03
4.188601244041505016e-03
1.814145429263394442e-03
2.663785605083381948e-03
1.875837101469558224e-03
8.213239730638286201e-04
5.878590091487868874e-03
7.225394161267486778e-03
2.402033657782487799e-03
9.307666645276095607e-03
1.495139756783995643e-03
2.891284719696947912e-03
6.455419280033633869e-03
7.212472194577200860e-03
8.949414559773077871e-03
2.461051000627587082e-03
7.652881860868849563e-03
9.096520826354141664e-03
2.092582652012245359e-03
1.821073042582800009e-03
2.998657994051781052e-03
1.004496670441292969e-02
5.305104181609643713e-03
2.481585537208992696e-03
7.664992444378298728e-03
9.529460040476249536e-04
6.384985115610241138e-03
3.537220370019737714e-03
2.711305014583379868e-03
1.242047076681972000e-03
3.711927112947993254e-03
4.616245386303003198e-03
2.171507364622442954e-03
1.640941627242967129e-03
3.321728232209240038e-03
9.249736692499947732e-03
2.049351480805973631e-03
1.124362142133752528e-03
3.666915428823924478e-03
4.035432973328037347e-03
2.936636749074591265e-03
1.256992985654824648e-03
1.379392482834349877e-03
4.985324037079281664e-03
6.197933459873475326e-03
2.687571093893270906e-03
9.140692695130320233e-03
2.438384061353415441e-03
3.738480501114836013e-03
3.846128570000897050e-03
3.821822700448871974e-03
1.882981408949494211e-03
2.180301094624457516e-03
5.137310464034062010e-03
6.572101143768840914e-03
4.806336305813970963e-03
3.067504794855247571e-03
2.777745130896003105e-03
2.067648017722079935e-03
2.965131946730330172e-03
9.449958030925003499e-03
4.236774932395983781e-03
1.548329028052246488e-03
8.687738494949099471e-03
7.784474233151169806e-03
1.564376807462236098e-03
1.948982737655895062e-03
6.128377309148300665e-03
2.438892156817370517e-03
1.459614677647924890e-03
7.650422141565455143e-03
2.950876226128723231e-03
8.145478909588386648e-03
5.108786745517607426e-03
2.364715999609839220e-03
2.217252001501936014e-03
1.179822058394734436e-03
1.679451778123796724e-03
3.765362159252517819e-03
3.269188313407762544e-03
5.255698340756146877e-03
1.930492851023432295e-03
1.488880281621467400e-03
2.465884681372658600e-03
4.152591371129881782e-03
1.651085332284447623e-03
5.302859249926938565e-03
6.079182552629994532e-03
7.019177957370277381e-03
1.918444060664253187e-03
7.806031331673670467e-04
2.949283506055231166e-03
8.129868052990088176e-03
7.110387798805803752e-03
1.349382927740161268e-03
8.064155684707413965e-03
3.492486979259769569e-03
3.307227498989007489e-03
9.714250283475108633e-03
4.201013401913487703e-03
3.373135096881990473e-03
3.906932495705136774e-03
1.336120364840185076e-03
1.127067263093404310e-03
6.078450101187647669e-03
4.449017707317516612e-03
3.202117319531697960e-03
8.221505402728337270e-03
1.951234091320039462e-03
1.753092392673362291e-03
8.675262220539478597e-03
9.305975875972009523e-03
8.169564003442798383e-04
5.045104548790846008e-03
4.912987964341637530e-03
7.796870096575689302e-03
3.051163121337722821e-03
3.924355955113222050e-03
2.055702141409051532e-03
8.339281443236425465e-03
5.473336250666338901e-03
1.328535871931963309e-03
1.351841881018494814e-03
6.933081620701146523e-03
3.372423664343795514e-03
3.638960674365906110e-03
1.520852576081311181e-03
6.167967111699717078e-03
7.354807245965785598e-03
1.739898926923267447e-03
1.173015161854111185e-03
3.947250186530995748e-03
1.929516716880208885e-03
2.219187058491666874e-03
5.187634304377478078e-03
3.467344521966291178e-03
1.265961586777849309e-03
3.170496870409782522e-03
1.846818306966778456e-03
1.991883742600491364e-03
8.195140575413185913e-03
1.791848274179287529e-03
7.038704184068690639e-03
8.041531081009068577e-03
1.120260948472016731e-03
9.212108220357164909e-03
2.693605031062780344e-03
9.158550934075693206e-03
1.353179185702442283e-03
9.635254432427523691e-03
5.025079539777807525e-03
9.666954929191856659e-04
7.559018366951414380e-03
2.608153249830117738e-03
1.999055977406193757e-03
1.984422810107288552e-03
6.141093807180753039e-03
2.365110185499179514e-03
1.913415583934808184e-03
1.000374057552219339e-03
1.503800644594933435e-03
8.713704046688211524e-03
3.088328953718689519e-03
3.234116072868461252e-03
7.981798089010857730e-03
8.813794223779019416e-03
3.115983321046176310e-03
1.071833473277914806e-03
2.164310633229925979e-03
3.419399872093215401e-03
2.627322154285989010e-03
4.987609110518118581e-03
3.180859353359764916e-03
8.155939805743632476e-03
1.099827418911543094e-03
1.720559322468717071e-03
5.026541300960260875e-03
6.870187360897707374e-03
2.589685123153950136e-03
1.914174590347430920e-03
4.376860735408895017e-03
1.634963660820008217e-03
5.615433517953727187e-03
8.773922678800530513e-04
5.768279134946081507e-03
2.607734125078021731e-03
2.687240932267370101e-03
6.372023782128821007e-03
1.549440028693583769e-03
7.263678378718442866e-03
3.253173188919160526e-03
6.103824864389424502e-03
1.730574902363034469e-03
8.868293257415046926e-03
3.263615846869038530e-03
7.303837943121083490e-03
5.743655261326814643e-03
5.745044995219525212e-03
7.949972989148439834e-03
1.030022525850379095e-03
1.561750745881049836e-03
3.100358527585663632e-03
1.761789609345029879e-03
2.415365423335635257e-03
2.559485301199715575e-03
2.682706344657978352e-03
8.408919624056088865e-03
3.508238139588963113e-03
8.972654461943986581e-03
3.741411367860854233e-03
7.440260737040379005e-03
7.694525757849793139e-03
5.071468657979043629e-03
1.736226030779826606e-03
5.319768416019821783e-03
1.871512496427356776e-03
9.691654224440428983e-03
8.154416755454448398e-03
1.357447591138372534e-03
9.560782608337569863e-03
4.097787817919425202e-03
1.806463354113370910e-03
3.568326092721982572e-03
6.333510189709177715e-03
7.622809581642412541e-03
3.095683699788129035e-03
4.588515807078927602e-03
4.669359270604662472e-03
6.905913399928242935e-03
6.649756210554708807e-03
6.844560526823464594e-03
2.122248323985818398e-03
2.539777378659900751e-03
1.802368681410607782e-03
8.349545137457560842e-03
1.604367663419785893e-03
7.776092404090987308e-03
1.410017848790619342e-03
1.144051547910254155e-03
2.012500056984417151e-03
7.020926625173059404e-03
3.472352184865430420e-03
7.344401888299092671e-03
9.541789131411692465e-03
1.787475974322155249e-03
1.626801039573238985e-03
4.436383224647563045e-03
1.466064544333784206e-03
2.580159928636837838e-03
4.397190658049877215e-03
8.604716699795050133e-03
3.825433820658673875e-03
9.288966131309773014e-03
9.188225675165955647e-03
2.126871326834108185e-03
3.608039464252514421e-03
8.114727982665326245e-03
6.202290764223633221e-03
7.696518895438664472e-03
2.190338795140889770e-03
7.928321135443063342e-03
1.625765420038457511e-03
4.990814704423666634e-03
6.600704561700349200e-03
7.971364513179706943e-03
1.924572434180694264e-03
2.205695125019815385e-03
1.671982693965355909e-03
1.639602299622721585e-03
3.237882295085205489e-03
1.441796673695084057e-03
2.458699589951201126e-03
2.545833635477954930e-03
4.721644366342920077e-03
2.553958590724859923e-03
7.641110857732970156e-03
6.262968467226040677e-03
3.458542675685082751e-03
9.570702326293884649e-03
3.003223699051779747e-03
1.478375906721683718e-03
8.052174535160699226e-03
6.530342140042216283e-03
5.389684888804817560e-03
6.637533262869014898e-03
2.322477648343273041e-03
4.618692399956089711e-03
2.392289591964282848e-03
7.334803525274942448e-03
8.958957869822172654e-03
9.336538404459977791e-03
5.340120647469345783e-03
3.283857729194958157e-03
1.600115986791811936e-03
7.459010233696467852e-03
8.422571121619440437e-03
8.664945370802649288e-03
1.454511639245679956e-03
7.234980674254442440e-03
9.212257605587408082e-03
3.257447780568766427e-03
9.102343768022224529e-03
8.510083836406071023e-03
4.134522092134176874e-03
7.951108855665835196e-03
7.101368514434056381e-03
5.112048162200050379e-03
1.957332689214551745e-03
8.630817511607062967e-03
3.594499762164714719e-03
1.910103724935123017e-03
6.981553001674663597e-03
1.959017178745081200e-03
5.309181935930844601e-03
2.950195832373290594e-03
8.581747614968151736e-03
4.410973175156556250e-03
6.260783254488814370e-03
7.619568896391504600e-03
2.705366997425832313e-03
1.723772829813867945e-03
1.306125740928303081e-03
9.733370152815949000e-03
2.437800343309426410e-03
1.475237196815294650e-03
3.553794066762791352e-03
2.128294442764261645e-03
2.512421062018199962e-03
1.423967571382641229e-03
1.391800688498520677e-03
6.633730751103747783e-03
8.117358180367873280e-03
1.669024176516184553e-03
4.945336437766569351e-03
5.289447640315119575e-03
8.109364184583432722e-03
2.596208615599468125e-03
4.075864858890177952e-03
2.307264472183285803e-03
1.464832785548524346e-03
2.230791297833346724e-03
5.605893331800084617e-03
4.500535322994176496e-03
2.098382000485104343e-03
7.066260283967930322e-03
3.245833272469008345e-03
9.396099751086678734e-03
7.258105373829906205e-03
1.663813135000228541e-03
7.897468285596651733e-03
2.026847018142135387e-03
1.207296392451185328e-03
1.983016058177993445e-03
1.580040982321238244e-03
8.916305796051408189e-04
6.621006984811633744e-03
3.042757478857255598e-03
4.838003364154148250e-03
2.002863635283004713e-03
2.219994672047974869e-03
2.107852956015921712e-03
5.895445203931962488e-03
5.401725534791001863e-03
2.721405493114223157e-03
1.112911467459974223e-03
2.354495048350122802e-03
2.104999813502810881e-03
7.866131387676247172e-03
2.662870101508908825e-03
1.246984940418613668e-03
8.189690599093975287e-03
2.572589050205544708e-03
2.218894354314644799e-03
3.616574309159447179e-03
2.984775767779143489e-03
2.676191524925763086e-03
3.147128152788244201e-03
6.283132619389673532e-03
2.101038910886158552e-03
9.405265317656834323e-03
2.218114297285665899e-03
5.599549973405847786e-03
2.025212966951141745e-03
2.545268483208767106e-03
8.645560036754285430e-03
1.737971003472979330e-03
1.986507637951905048e-03
6.158057001594153396e-03
9.405191651680095549e-03
4.925093630907840039e-03
3.586269269814794207e-03
4.686673322347196385e-03
1.507632316548563473e-03
3.107739112696317977e-03
5.318582188694834581e-03
2.729090556451178526e-03
8.000592633222558536e-03
3.687826823143018108e-03
1.488580167965473326e-03
2.723578476860610831e-03
1.600468342208557354e-03
8.042689230175134596e-03
1.889842173448885547e-03
9.702549265415841631e-03
8.624673693037078481e-03
1.977155872206164035e-03
1.861508512966908533e-03
1.622359782176210821e-03
1.102315280445884376e-03
4.871780416474609174e-03
1.185904926115589810e-03
1.612389906370489175e-03
9.480491772077416501e-03
3.002174582951980340e-03
3.069592021926919809e-03
4.714149893680774292e-03
6.777203736546243140e-03
4.605325712185258206e-03
1.892928860632373846e-03
3.309719945000466363e-03
2.331844928968014943e-03
4.675999780536415143e-03
4.125295405936700230e-03
2.212952713994941964e-03
5.362667211123544643e-03
1.486539121828743754e-03
3.704087954186422588e-03
1.594204387106385248e-03
3.200235636218328513e-03
5.677030690880290921e-03
5.632367274339845215e-03
2.880561026296224979e-03
2.074709619757969005e-03
6.467345776529921306e-03
2.616652366008654935e-03
1.965086339018083574e-03
2.505301988328060593e-03
1.352649192509582533e-03
2.248728556984610095e-03
4.448349315408821336e-03
1.611063618041959442e-03
4.109578725421766075e-03
2.115751137355142801e-03
1.641889683658240805e-03
1.485290934423372667e-03
2.246192086917061809e-03
4.712232019003437071e-03
3.319765755787486977e-03
2.804725242060468124e-03
1.183144668711067328e-03
1.811504365229021094e-03
1.975084640262993012e-03
1.720648300072023188e-03
5.113627856064459701e-03
4.790014716929469341e-03
1.112036517259168498e-03
1.326990089335012158e-03
1.727424857302207063e-03
4.290019698481556398e-03
8.633800075075994535e-03
2.782512218879049006e-03
2.268860652842262168e-03
7.157897320190455617e-03
7.744459102942311771e-04
3.032046521905841074e-03
2.812229730436686254e-03
2.262145928409489606e-03
2.120461847478652493e-03
9.591171930236100721e-03
2.878365365195981011e-03
4.664409770503110536e-03
2.265631219604596382e-03
1.234407617615876276e-03
2.467975840087622587e-03
3.577701266801742563e-03
2.668701696729766648e-03
1.720071014723861119e-03
4.272964917758425435e-03
7.353333643825513827e-03
2.420778142086096527e-03
2.198487902503764701e-03
4.971837311394737904e-03
5.898627334053907836e-03
1.924535571718768902e-03
6.632626223829626681e-03
4.710249040902945647e-03
4.142472358792646109e-03
2.126813572560365406e-03
7.551091926063237605e-03
2.203195778497306790e-03
8.475725687531125707e-03
8.091801875719822207e-03
6.080948047278263852e-03
4.691192731907829760e-03
3.602711402702954945e-03
2.116836817824235828e-03
4.667182988410609190e-03
5.082301211685440016e-03
2.355425658130457650e-03
5.450493629444023644e-03
1.717398064408688857e-03
5.160454285942978579e-03
2.514979928518652243e-03
4.921634363575075680e-03
4.190132636359684623e-03
5.343136988799349757e-03
9.588322632597859330e-03
2.971523902855524504e-03
8.284803280041368873e-03
9.659086286950923196e-04
2.326219716396167245e-03
7.821071548095349241e-03
4.865421323883217103e-03
2.640115484942117882e-03
1.789016903210991719e-03
2.578604758938844894e-03
1.503931984246218182e-03
4.780498233205211431e-03
2.505281452106026489e-03
2.503176822680661627e-03
1.069955929316787624e-03
5.356234873992661745e-03
1.535539484024326523e-03
1.796484092768602363e-03
7.864008513624960728e-03
4.274129711995040826e-03
4.823258641044484395e-03
1.499535914705844245e-03
9.602697065736536322e-03
2.376456878380893076e-03
1.155615844001004096e-03
2.050278355763857606e-03
6.529780389151648191e-03
4.477280234413194733e-03
1.555138458900517592e-03
7.377490863735736148e-03
5.206468980804823329e-03
3.654073800634837811e-03
3.292931603334370988e-03
3.097020753921634999e-03
2.279887135862414607e-03
4.077425231898551550e-03
5.034857206194625831e-03
2.586994057017740802e-03
2.050324908907923821e-03
1.000956301785487466e-02
6.730180263897519825e-03
2.675117670136390683e-03
3.937741005651650833e-03
6.305185285045186716e-03
2.557019101652119233e-03
6.415818324518446185e-03
8.944109708509097312e-03
5.706055112720142056e-03
2.576748077531895199e-03
1.609944144096689313e-03
9.630344638603311608e-03
9.398422920467896374e-03
4.459326015553284790e-03
4.395949847720032749e-03
7.153012883355307563e-03
5.116595144301126427e-03
4.151805148454867922e-03
5.468253092642445107e-03
1.690083185592185277e-03
1.976216808170580194e-03
3.758233957305902664e-03
8.439449517921825128e-03
2.124810272548598687e-03
4.961629359482661039e-03
1.543725343954963167e-03
1.589565277422527474e-03
9.827781656586757897e-03
8.418619373040933662e-03
7.430011277282197457e-03
9.134215234102694911e-03
2.128528291179747171e-03
4.967087900779940460e-03
4.127829352560789984e-03
1.228484502539595180e-03
3.075666746680456518e-03
4.171820990889923628e-03
7.468585831660046193e-03
1.959362563823504027e-03
5.973880189032275065e-03
3.893408225847931180e-03
5.837245547606444152e-03
4.605382056739482782e-03
2.355365024060609297e-03
3.034603669561523713e-03
8.719125366933797028e-03
2.152137243936703449e-03
7.742658218236651325e-03
5.185782501054683746e-03
1.408749364068688330e-03
6.613443592428668721e-03
4.543474518272296210e-03
8.281049197072124640e-03
1.548580987191004428e-03
5.679677088207946319e-03
1.776755512501814946e-03
2.262097941833716291e-03
4.632707336923527069e-03
2.189050806425738797e-03
1.923504406295263201e-03
1.558208420536455431e-03
3.616111121392726578e-03
7.434198698629530463e-03
7.817109947213018994e-03
7.954458937256528653e-03
1.049621404588278826e-03
3.672890580277366358e-03
8.855800665413816539e-03
9.595182247104708934e-03
7.294843623036741196e-04
2.094809550969670055e-03
6.122103118194265406e-03
1.418137202221523684e-03
1.610770131077119294e-03
4.870095293301496438e-03
2.918089742572680008e-03
1.560104030202633888e-03
4.121627772482048917e-03
5.497275797850354612e-03
1.249945108821606593e-03
2.092412778492906515e-03
1.777218126862810952e-03
8.908741752037846462e-03
5.723055808002468214e-03
1.916480628331268012e-03
2.528839347490124088e-03
6.304907968005048734e-03
6.666679231652582541e-03
9.761009106841501970e-03
5.031354699869941549e-03
5.094633643669731551e-03
5.356944085726933133e-03
6.605202886101884698e-03
5.859306869256611025e-03
9.054994707566238477e-03
5.472399777937618157e-03
7.625201730378325382e-03
6.253177309058961970e-03
2.551032725626629048e-03
1.132306420194327057e-03
8.822250399062429166e-03
2.976984877503334546e-03
1.582243002553056395e-03
4.271568930835580383e-03
2.266396468417627985e-03
7.673925309794884901e-03
6.506798339723266281e-03
4.518172854952168943e-03
1.705472645287351525e-03
2.730657937422994314e-03
2.709564058401033385e-03
7.133743998664647187e-03
1.108099867375611199e-03
7.291270216063671164e-03
7.722456160701692343e-03
8.375033833616537388e-03
1.975780504981919025e-03
6.385501781187442015e-03
7.317769510913485140e-03
2.529471688555204323e-03
3.582443785501679152e-03
3.284805509105153017e-03
1.320709119300843065e-03
2.861144264763185261e-03
9.173998752665073544e-03
2.250739042231151600e-03
3.363355515244815293e-03
1.686574901694010619e-03
1.880372580301288522e-03
6.088304888659499398e-03
1.803872671860535072e-03
5.045891481841691811e-03
4.424815590810806873e-03
7.581536856736117644e-03
6.723707937578863279e-03
5.566274587136156929e-03
7.630599499495203074e-03
1.819970596064810538e-03
7.728861636058976387e-03
1.743000632971291892e-03
4.567643301436433677e-03
2.198037888332196339e-03
4.943442673216559904e-03
6.697614783698901952e-03
8.283039348310184367e-04
4.350061029875609483e-03
1.948565039679597474e-03
1.308218862550405981e-03
2.389923834201878108e-03
3.302719355841316883e-03
3.499482592852711307e-03
5.020995240453499445e-03
1.391137778610553825e-03
9.098405619014211798e-03
2.439301047814017992e-03
3.085690160627244452e-03
1.454856899630407093e-03
2.166429261843514417e-03
1.672822108587502295e-03
4.170325120792824428e-03
3.846927134409621439e-03
3.908396196985800680e-03
1.344756883312008509e-03
5.645615652231088244e-03
2.313657653491753112e-03
8.699261302326372070e-03
6.118689953727077420e-03
1.517576175856414581e-03
2.777411407907351155e-03
3.031290190181017488e-03
7.023104357689232899e-03
4.252640859192699865e-03
5.524697080257254256e-03
5.607220789112687953e-03
1.478269111809410192e-03
3.034807489198121724e-03
1.490518977834442245e-03
8.538358681098258754e-03
5.991887546159951894e-03
1.855749519516670422e-03
6.379829988691184534e-03
3.930705051704432018e-03
2.275567379478727129e-03
7.350562097753944417e-03
6.942650298112591767e-03
1.074949108259331794e-03
7.135337369121549575e-03
3.989942599332203452e-03
6.346790151557697539e-03
2.681053896766161411e-03
2.177996268947315992e-03
1.528150824908686102e-03
3.268117417129907075e-03
8.963223727052457498e-04
1.849136240836020753e-03
4.654013598508926694e-03
5.586033858669785246e-03
4.982972142616362739e-03
3.036218431415624829e-03
2.686435572001638801e-03
6.984316599442332539e-03
5.691878318869589629e-03
7.853741276809640334e-03
3.162290384410214057e-03
2.003506369112407690e-03
3.895065616080850470e-03
7.840881862567530489e-03
5.688088947461551921e-03
1.701647355191869982e-03
5.117514952936557879e-03
2.828651149503676101e-03
4.286033551972820606e-03
2.629834378540920996e-03
7.335419233075951909e-03
1.366132513525704535e-03
3.206708290545845583e-03
4.362368708995994007e-03
4.729870560998277081e-03
2.887071952948633800e-03
4.738472446924078124e-03
7.345063265557987692e-03
5.077043720280675215e-03
7.070626379784609138e-03
3.565243487009841367e-03
2.009532176206289648e-03
6.629428601612353394e-03
2.215395855071255332e-03
2.346746384066962510e-03
8.866893586976037911e-03
1.539970259679864298e-03
2.571584636396329754e-03
3.540640186681361622e-03
2.754511203456129834e-03
1.832833421577273816e-03
2.306101782652727420e-03
2.648230108780767929e-03
5.035570649666951809e-03
4.488215030759270391e-03
4.766662134829127533e-03
3.211240246482853847e-03
4.788661536477067243e-03
2.411937015272576021e-03
4.000396414218815311e-03
1.201377791913884946e-03
2.078714605425116026e-03
1.313916094343493780e-03
1.773566907950078694e-03
2.428519835153178028e-03
3.884024597703935634e-03
4.284977043632093308e-03
8.453640589174835768e-03
1.593005985908521474e-03
4.186419826638448048e-03
1.683832334125662808e-03
1.705344831852313942e-03
9.203379537839211783e-03
8.856830755394569377e-03
2.334800832132328044e-03
7.979155607982726592e-03
3.060254856775758512e-03
3.612909591213981503e-03
8.334101985877029328e-03
2.855785456009980218e-03
1.585547591420745578e-03
3.366326929819985110e-03
2.309242735163381539e-03
1.807275198201263892e-03
6.113185144294233826e-03
2.674546590404178973e-03
3.261176257972600058e-03
5.746216551652075753e-03
6.761155632137624827e-03
9.060398417205255042e-04
2.865005430445920123e-03
9.316061713772451347e-03
2.388243687788339266e-03
8.360203395657581429e-03
1.359745723502248874e-03
1.175217739157335701e-03
6.487464246829107578e-03
1.404030232238113410e-03
1.053943319070401938e-03
6.040367067293361467e-03
6.610172047795999026e-03
4.900187055849318518e-03
8.202461570100915561e-03
3.011875485721408202e-03
7.754477841932778774e-03
3.759817001690290636e-03
5.622047635342838912e-03
3.604348074639241242e-03
1.655357754023265363e-03
1.004036492078320617e-03
1.483068591640991554e-03
9.398565831658649283e-03
1.494878386334130100e-03
1.653155751445771829e-03
1.109587213730291047e-03
1.831325120201711832e-03
8.819258358315099772e-03
6.950663583317044994e-03
3.500701695275934208e-03
2.250724111211156991e-03
7.524022155093257683e-03
6.557059620467754063e-03
5.258211930325379715e-03
5.533719688256576175e-03
5.785564919989136072e-03
3.957378888054932653e-03
2.460123305113601742e-03
7.818948761117286428e-03
4.144932754815676586e-03
3.232302548009813141e-03
7.995061752011110856e-03
1.535840265485186257e-03
3.404497221104990472e-03
6.511996223468518794e-03
2.102054660754778051e-03
1.504701260607024674e-03
7.129469048807637876e-03
2.178932344362411594e-03
8.162803968199601815e-03
1.011219169212603658e-02
8.602462338282889504e-03
3.261790077607407135e-03
2.023546411219418091e-03
1.562387287816075377e-03
7.807544545169724931e-03
3.972979825742796803e-03
8.405860694660673843e-03
5.527436997884286642e-03
4.993939292404549549e-03
6.448046143242515751e-03
1.804633965213208770e-03
1.582018551740871880e-03
2.834768314598559106e-03
7.852495586218583359e-03
7.377988769117731563e-03
7.925444896792062724e-03
3.190990915362732980e-03
2.009094284696592587e-03
2.779661140661690306e-03
1.968247896146298453e-03
2.089346196984589836e-03
1.678920863886278030e-03
2.007549896931312174e-03
1.114197101371863525e-03
6.186066766694796673e-03
3.876331917194089996e-03
4.856925389914824170e-03
2.224988557767895031e-03
1.154826720985440910e-03
1.896821074265136716e-03
7.893587055405680564e-03
7.584604983925958069e-03
1.015638419232822373e-02
2.267583411692316621e-03
1.870482858537599220e-03
3.331638006578731964e-03
1.510776479381840780e-03
2.086011232774249990e-03
7.981059227080641166e-03
4.949108409028785474e-03
7.208268352548416122e-03
1.069598723919600904e-02
8.601473119194173950e-04
2.447572662754985730e-03
1.890428663686041224e-03
1.828826691129748026e-03
1.426313601148749936e-03
1.061274027152461124e-03
5.057589727186298512e-03
1.882713537902414719e-03
3.981010700848931078e-03
5.759589423648037512e-03
1.974443791775812654e-03
2.333042153041856980e-03
1.691765884365498823e-03
1.887859244750328923e-03
1.369299824572405618e-03
1.471079326185959889e-03
5.875653822147058544e-03
1.204642276144395020e-03
2.268407198867513665e-03
5.083978017737976300e-03
6.036064376772282483e-03
2.898421531662686082e-03
6.430803924871043159e-03
2.711561480350059995e-03
9.524374391704722208e-04
6.139635002383138015e-03
5.732580629161833016e-03
2.722106914015358370e-03
1.534407466053414612e-03
5.962556241659842243e-03
5.766900328986856138e-03
4.033527052674401592e-03
2.621957993825847853e-03
9.378310779371307887e-03
1.910641411492044681e-03
1.661473377289554099e-03
1.451884105007248196e-03
1.563606399184304255e-03
9.899572783365090389e-03
4.752652490235763014e-03
6.018109364848274641e-03
1.582681147631869898e-03
2.549416858695864943e-03
3.587593238411819832e-03
9.054967698165229326e-03
3.172198694813659070e-03
1.881809207927573292e-03
2.346700101976167269e-03
7.443278771987766468e-03
4.876256771587825570e-03
2.071063094142813928e-03
3.556320812336304094e-03
3.906463901321261326e-03
6.117168334192932960e-03
1.472262935770354440e-03
1.007885417169379627e-02
4.216642031977288485e-03
1.907349717251855589e-03
7.642234790424019125e-03
7.411260763397488696e-03
2.144836138788980100e-03
4.053784040146602569e-03
4.328790157296986095e-03
7.989637599881487320e-03
7.562878150788386426e-03
1.890877665247770508e-03
2.281234590783699778e-03
1.950050579192551172e-03
1.826316370154923993e-03
3.328711897264796139e-03
4.275048244915938267e-03
1.827107252187587776e-03
1.955046722582500125e-03
1.846424345117481190e-03
4.139000699463260199e-03
8.561012009002229306e-03
1.359582530620386844e-03
9.846128009496834740e-04
7.440325378504518763e-03
2.743665334447019724e-03
3.109529774079884158e-03
5.194936353337863133e-03
6.077686358605767156e-03
8.325678065528262922e-03
5.403579582367923351e-03
5.928825633173634597e-03
9.511075981719994271e-03
1.126348327990400787e-03
2.270553194213006595e-03
1.580245048172097691e-03
1.272362547206869199e-03
4.520685047923468126e-03
8.269993332780205958e-03
5.296019656389172950e-03
2.378734241560480356e-03
4.251936948203858743e-03
8.171777249780566316e-04
1.633130519861426258e-03
1.356523958360303980e-03
1.174012501783079816e-03
9.504754314011668037e-03
4.109685898614278549e-03
6.561456556751459404e-03
6.041367892854738672e-03
8.886280909348467927e-03
2.934057613435363601e-03
2.250729354798893748e-03
8.144125059342911116e-03
5.572090648148128079e-03
1.855176591389847297e-03
3.821125933855620306e-03
2.490992875308234780e-03
3.742816989291619482e-03
1.598587273718273362e-03
1.774439128422716739e-03
1.234388678868852084e-03
2.570300227139687456e-03
7.178254873077027573e-03
5.643304085800668682e-03
3.091673440686009897e-03
3.789464717125217916e-03
5.074652135289835567e-03
4.548583326227828745e-03
7.631349542162055646e-03
2.266302760217873448e-03
4.661667705119489254e-03
4.620683318727875251e-03
2.597957888528600219e-03
2.097282691577642601e-03
2.417082525047231471e-03
7.922878828926544978e-03
8.418806314082026912e-03
1.391383499551156460e-03
2.287103879070672557e-03
4.274812739644990450e-03
5.045720331312109758e-03
8.949193957190687207e-04
4.244960915783821918e-03
6.421315883006220582e-03
2.065409596881674116e-03
7.701514608244502957e-03
4.399266738653125411e-03
2.327028234165500441e-03
2.462716021188636126e-03
2.148819773086715033e-03
4.456638222358456913e-03
4.392956217641458619e-03
8.234897440574784691e-03
2.377636002520013524e-03
4.430775083661448940e-03
7.603186798577412156e-03
1.207493713481286226e-03
2.423951653884310990e-03
2.669934368072433319e-03
2.281966636885918859e-03
4.151604891221856442e-03
5.090934522823629960e-03
1.105681489518703202e-03
1.759242183156625554e-03
1.818461483485624315e-03
1.496046129933292432e-03
1.859407012535348180e-03
7.894466965310709128e-03
4.521380639994205392e-03
1.652039744597337241e-03
9.846518934507525467e-03
4.530851433688561428e-03
5.250842536321887431e-03
7.768122200594701141e-03
1.142873301579620630e-03
7.591702960840386073e-03
2.353485236842763929e-03
8.414092325363976832e-03
1.973698595612380889e-03
3.602358407207768322e-03
4.877286707034880937e-03
9.528252248815941017e-03
7.267702225640906150e-03
7.313371287532543716e-03
8.432277802605154388e-03
1.712824712125482658e-03
3.360103281036987653e-03
6.076137430374389456e-03
1.220586015840550292e-03
1.006523858067586048e-02
1.208751384811825079e-03
2.096552677123825550e-03
2.032146594788477451e-03
1.088856319540369233e-03
9.126232586090618493e-03
2.230693125987445909e-03
5.912025050050945599e-03
2.437207524470606096e-03
1.863228260055642578e-03
4.230527006104604221e-03
7.052749658287135390e-03
4.106959582465428624e-03
2.240296485232228223e-03
7.137078469249246923e-03
4.396704658406278693e-03
5.007779806080470131e-03
1.447731690737617122e-03
3.651163574250464693e-03
2.735712435151183702e-03
3.682968036325556284e-03
5.112629906778395905e-03
2.790164401890244100e-03
1.980638595035857236e-03
1.293839984751349228e-03
8.532312288802161235e-03
4.546190451998581225e-03
6.149801635544391298e-03
2.093242074700600239e-03
4.086676917449709109e-03
3.610946644255867265e-03
1.765778975667868511e-03
3.072060336191605959e-03
4.628315492905759644e-03
3.445540996110846993e-03
3.069600455112197514e-03
3.138877708865857492e-03
1.959660352944894886e-03
2.502436939011644726e-03
1.780281992113970932e-03
2.700642058023942048e-03
1.527816325955521672e-03
1.911048543615364789e-03
8.926459380427947260e-03
2.673313442502129635e-03
4.201461319307076524e-03
8.169983310960922396e-03
7.524553855184193223e-03
8.813554413052211711e-03
3.249970328573293602e-03
3.853848115967049761e-03
3.028871187489153363e-03
8.917698690589854343e-03
3.194488688857131595e-03
2.237074846729401358e-03
3.918144346365165856e-03
2.697141422435191550e-03
2.327587083821274459e-03
2.514902733617276585e-03
2.515581341308506004e-03
1.615631945772933679e-03
1.448564506863658525e-03
4.204604991155750163e-03
1.626849818427080971e-03
2.119321345695382875e-03
6.453278176755807699e-03
6.228705191661392665e-03
4.656623417940422213e-03
2.374504960632235588e-03
4.454328203693709923e-03
1.749071376544758961e-03
1.264272521191058939e-03
8.206286213951485137e-03
4.480050502694836456e-03
9.621592092882005898e-03
5.587521571529079079e-03
7.988251094679332765e-04
4.322663944897862237e-03
3.121558977741788546e-03
9.990582706266427741e-04
3.463739310772157975e-03
3.170632788884499009e-03
3.193282315142303724e-03
3.633953435712219873e-03
9.192053954866640994e-03
7.415390987525655869e-03
6.017198862620996846e-03
8.714315295658664473e-03
3.641269312566098801e-03
3.271213209081184469e-03
2.312679556507776270e-03
6.464832854099711312e-03
3.482805242234082027e-03
9.430245380421233004e-03
8.873316119947433078e-03
6.626029964006934468e-03
9.884977358961722846e-03
1.922160252553192783e-03
1.401186454127283532e-03
5.611635265576108214e-03
6.056290644703263629e-03
1.731221940652560637e-03
7.936040841536193269e-03
6.408048966856561349e-03
6.143204515238667035e-03
6.557244345818322162e-03
8.573756721477292925e-03
7.404489919877905828e-03
2.927907208127554679e-03
4.244731206395936651e-03
3.867118124581980700e-03
2.458229392398263331e-03
1.653220733502269290e-03
5.184431032721099897e-03
4.692701550183828695e-03
2.916650831309424742e-03
6.545850842838162736e-03
1.706841592840784667e-03
1.042551777500919617e-03
1.495656927383792745e-03
7.102155667853387797e-03
5.595645060947960006e-03
8.112026097228889482e-03
1.713491093921837250e-03
9.405398050696556905e-03
8.741590190063590338e-03
8.427140865096154065e-03
2.497259367530680740e-03
3.815193194070880603e-03
3.668327752025328167e-03
6.738617797693182906e-03
2.540463015185069964e-03
2.487461335228756919e-03
3.915369475185664395e-03
3.211526551888080512e-03
5.757596807254888177e-03
8.930802911694131485e-03
2.271593480299412791e-03
6.210925705478449049e-03
1.323321792732406544e-03
2.339408958947529309e-03
7.607708938043674339e-03
5.523001788897106100e-03
2.953363661286104950e-03
5.394566106872030267e-03
9.816074650089934295e-03
4.005370915225684586e-03
1.194239146321164321e-03
2.656111417719597689e-03
1.760615618347333069e-03
6.908542732519162670e-03
5.145671009136021032e-03
1.245238081885545727e-03
5.116067339741254411e-03
1.819548063446812082e-03
2.270041508230399591e-03
8.899584410578715438e-03
8.339319556075319023e-03
1.955941805597316389e-03
7.019614997980963035e-03
4.693936078229426524e-03
5.301342097125660499e-03
2.039831183908664101e-03
3.761143347395885274e-03
1.351033699131510462e-03
2.688207436531613558e-03
2.547730386645308438e-03
7.281472586923118818e-04
9.811009407188915274e-03
1.755958403453124596e-03
7.132399813784807974e-03
2.066338952080228920e-03
1.518975786142473918e-03
3.697165438196068060e-03
1.188221781252024167e-03
8.428713941570282250e-04
2.243919299367421946e-03
5.207928235327468139e-03
4.085546420006899715e-03
5.391705114240509522e-03
7.164657295257304340e-03
2.375125218340045329e-03
6.292123736063953005e-03
2.209465316153915414e-03
5.093654538180678384e-03
2.243512480856096718e-03
4.758015179402479838e-03
4.488397963098933810e-03
5.285829307455608417e-03
1.003280805271969606e-03
1.314676869593445728e-03
3.132674390156751747e-03
2.578113873777661269e-03
6.783094096265636017e-03
9.362921267309537096e-03
7.060128241376880873e-03
1.968353663539119426e-03
3.399468999698767886e-03
2.869875507494785809e-03
9.094667308609121620e-03
1.372428018172259893e-03
2.070555802030664937e-03
4.922733008231957100e-03
2.047293978232066040e-03
7.915435697448597319e-03
5.970342793148300520e-03
3.238636477403524297e-03
1.826957682181905296e-03
2.248123714419644845e-03
2.641421635911525827e-03
4.185195626570433619e-03
4.578124698820355137e-03
1.988512745815257648e-03
3.224546459553895381e-03
1.677355382811337699e-03
7.372802787006525402e-03
9.362958930713797048e-03
8.561292210635750022e-03
7.506329912418343089e-03
3.941625298643015515e-03
1.249916042859820949e-03
5.421989564941508827e-03
3.277176839886210627e-03
1.841355475633886692e-03
6.981627588095740307e-03
6.389720289619279722e-03
5.099717723316337520e-03
9.543707316503776544e-03
4.715757865090815931e-03
4.581161588047176318e-03
2.419325362153171115e-03
5.824311258917459072e-03
3.096588486719133691e-03
8.084587392141771162e-03
3.049996863675193560e-03
7.833980735325526967e-03
1.869125065956594046e-03
5.540120115113046639e-03
2.252767917377331355e-03
4.553716253208594904e-03
8.990848679969715151e-03
1.798243397121889993e-03
8.029663841959680179e-04
5.635301022874419918e-03
1.669361333266135457e-03
1.678503776052098911e-03
8.559991247564726832e-03
6.254896132086955329e-03
2.783293545966542860e-03
4.820008676473043138e-03
3.105093970056590786e-03
1.584976486736849920e-03
1.573815899451877888e-03
1.542167450511377656e-03
3.844745018209006025e-03
9.318867581486692123e-04
4.167146511230014096e-03
2.904939708068270295e-03
2.965745702133685061e-03
7.353992527065907579e-03
2.446475975397310269e-03
6.436367016770838320e-03
8.821283733555965179e-03
4.375711773796062826e-03
8.846453653470105066e-03
2.079165625049944535e-03
2.156563453872199602e-03
1.772882287286663139e-03
3.973596630190300363e-03
6.869343777179194241e-03
9.517182676991902540e-03
4.584244048692042925e-03
6.863940000466524187e-03
2.180008518121319058e-03
5.444339649323092986e-03
4.062620657215265142e-03
1.479034297369509390e-03
2.213381162186778273e-03
3.026769655666389572e-03
2.262316348217410095e-03
2.729564430109042428e-03
5.756134765751538124e-03
1.562882983227966305e-03
9.063336176651804257e-03
6.206420190284018396e-03
4.729063360256654733e-03
5.988566896005504889e-03
7.453280145444048793e-03
2.585156828395732999e-03
2.053029867997313834e-03
7.883802282679243378e-03
5.983466522350221889e-03
7.140096376649259814e-03
7.577000691295862969e-03
5.832746817246864564e-03
1.618156831285509981e-03
1.531617382745236637e-03
3.649710668512846229e-03
3.542060970078694977e-03
1.789829866857970114e-03
1.795036287616964821e-03
2.004321780220112790e-03
1.921686119617479691e-03
7.821990979022785603e-03
3.695254554606047966e-03
4.252228657445096885e-03
1.600302522230420211e-03
6.031632220773994017e-03
2.055470190818443291e-03
8.403025649137790126e-03
6.615488608652585895e-03
3.781642681043332829e-03
9.670511204627744994e-03
3.252545787594755822e-03
2.866226727312048191e-03
7.112883903823441836e-03
5.436044704214899187e-03
8.516762772062485762e-03
1.488739298767432877e-03
6.084961680713957266e-03
7.537535823199171744e-03
6.189775066007079801e-03
2.158874751171937015e-03
6.915158048328700659e-03
1.499255910828432544e-03
5.334245516155782657e-03
4.920413587331088495e-03
2.367846495517475849e-03
1.786973007227391722e-03
2.233732758960101789e-03
6.047449590319694049e-03
1.833512997365463254e-03
6.033244313031480184e-03
6.451337927846884090e-03
9.108652786584747058e-03
9.459476621128370391e-04
1.842035909769465822e-03
3.066939928753337121e-03
2.173208445613100930e-03
4.079859323291569646e-03
3.985969362812704156e-03
6.416809662929153293e-03
7.042204770695979082e-03
4.373279573536288656e-03
1.032442550671807150e-03
5.870683305950506921e-03
8.589574141391874765e-03
2.005051965480848363e-03
2.033006445171452181e-03
8.508905757615269766e-03
2.655294316981430570e-03
1.782246353848765093e-03
2.232135688396766349e-03
3.064088979070407615e-03
2.309326039267606094e-03
1.930207688010296494e-03
3.172562120787835328e-03
4.601570300792414553e-03
3.940365147354364314e-03
9.561203537823043152e-04
5.794304425246083259e-03
2.241085642628929103e-03
5.379397677440327097e-03
3.249401568323681370e-03
3.663958807069231903e-03
9.995166735423360871e-03
8.510610952408209640e-03
8.812920527911213137e-03
8.449049735024711377e-03
8.284793290504906954e-03
2.547520347632976825e-03
2.333871176697717605e-03
1.859019134100131556e-03
3.863655260784689544e-03
1.469405713944718899e-03
5.002947001395306389e-03
1.864610106374187289e-03
4.221465539626699862e-03
2.648526503609083260e-03
3.117824468087984115e-03
1.266240333797697022e-03
3.082321742589268568e-03
8.002976181246873599e-03
2.122939918100559455e-03
1.877648821533408566e-03
4.928502885002803216e-03
4.829301618215325539e-03
4.691590933124272986e-03
7.718555940227307677e-03
4.593545443513220167e-03
1.810799232712213304e-03
6.960367409375773154e-03
1.782407054105975735e-03
2.531270644920975092e-03
6.871063761246217275e-03
5.682763261577666175e-03
9.309926524177000035e-03
6.117013967968468538e-03
5.199961552214811544e-03
3.211685509693591734e-03
7.880836101948231545e-03
3.774222120295695967e-03
2.769004476737378997e-03
1.867515521770290099e-03
2.111037647847611130e-03
1.577460291678698702e-03
1.558708721455128073e-03
1.407739027019806397e-03
1.949366303942911974e-03
6.266984413951053740e-03
3.740123792423760869e-03
3.517241858669924604e-03
3.748936727121292018e-03
3.344478380831753840e-03
1.736224295973265615e-03
2.465126032498710096e-03
8.404333522844840282e-03
1.504947435698823343e-03
2.305414802025410916e-03
3.110506031996312579e-03
3.085646898935960440e-03
7.433734739964482918e-03
1.301533233420833994e-03
5.650876178055764566e-03
2.256642439335493876e-03
4.744788846287410593e-03
8.858276803146105174e-03
2.193890120031293921e-03
6.667579207919090666e-03
1.413550484496351421e-03
3.608386062513352886e-03
2.733479250470410502e-03
8.597855088472994289e-03
1.924109395853493233e-03
2.557566680330274587e-03
2.714719797891301627e-03
9.142339259456976064e-03
8.794406134281607806e-03
3.947085860605815261e-03
2.816129510538374278e-03
7.857270085656106740e-03
7.946826755795211722e-03
3.837787444445901145e-03
9.953979464681407020e-04
9.173339642065439850e-03
6.025201250828632164e-03
1.707408836846097079e-03
1.431072074090688692e-03
6.763031253284366648e-03
4.682732622346310117e-03
2.487767616905506816e-03
2.213999893741942782e-03
2.589409088157012054e-03
1.547332611986680737e-03
8.349958077593203770e-03
6.722208772943258359e-03
2.103814671596903815e-03
1.902076476347995060e-03
4.077824973535136913e-03
3.921278781662512758e-03
1.102119866814746212e-03
5.408106658715310794e-03
2.434717351265291898e-03
5.705909514114516912e-03
2.860307613420580257e-03
2.038230842661562306e-03
7.956073152020588096e-03
3.033725016672342463e-03
3.264918190953538038e-03
7.194401026713780067e-03
8.777806685757807287e-03
7.936267048950781250e-03
8.644900644332506254e-03
4.493065116199905680e-03
4.506580532400626671e-03
2.851492846008421480e-03
1.691229207887764334e-03
8.408590403005841013e-03
1.364842483656465363e-03
3.333629331691927242e-03
6.482211205075459962e-03
2.444519403322814415e-03
4.078930040211399891e-03
4.862168093393607129e-03
6.853213086669114953e-03
6.054293064447739334e-03
1.428374057208225620e-03
1.625484885433249246e-03
3.281764107322049200e-03
4.927028283450364705e-03
9.121787066736379568e-03
3.119598888068889596e-03
6.190425639446118719e-03
8.442792821756306409e-03
7.458253886200912758e-03
5.448982916851325548e-03
5.939030800788062253e-03
5.006930860399862182e-03
7.857770928036807156e-03
5.677610813434194603e-03
2.959983292538811116e-03
7.282775362793115007e-03
4.141269976785173952e-03
2.649046128403186907e-03
1.208249408572024085e-03
1.242129797283070096e-03
1.466887287284338514e-03
3.310072309623334624e-03
5.517060175872942791e-03
1.707018974395879338e-03
3.226836832935582773e-03
8.597302612476924455e-03
4.106833735919685271e-03
5.941586049113108114e-03
2.681165628462391180e-03
1.269650751078163628e-03
5.675029599215780998e-03
1.473063694020941344e-03
4.927277911584132704e-03
1.445766010703810906e-03
2.694382465081804172e-03
3.057798618320330293e-03
1.004641549648380844e-02
1.948222843024851854e-03
8.340584429739991701e-03
6.498570330185918058e-03
5.393883744745720313e-03
3.698642479938412612e-03
1.135644520690647823e-03
3.803503679474453010e-03
1.991148257352829895e-03
7.424808062148860466e-03
4.620080122900081104e-03
4.395446247351109115e-03
1.816852521690398656e-03
9.616106474937428927e-03
1.977785811684261603e-03
7.192161362683034513e-03
9.339137675821443038e-03
2.232191782604965331e-03
8.750821936572159010e-03
1.226382440977340834e-03
4.352336338564990331e-03
5.607867727754217019e-03
2.914611684471747188e-03
2.737883542695871732e-03
1.576339914693904989e-03
2.118375615120291107e-03
2.072836562066374989e-03
2.124324375445569516e-03
5.252426511755611122e-03
1.564896163449226024e-03
9.125803562569015717e-03
3.867620954071540086e-03
4.981327493619992774e-03
1.756394190016127713e-03
5.874695290006096485e-03
3.431430383640833148e-03
4.302285734189762248e-03
1.725463917653082425e-03
2.019994238483584659e-03
2.327236152390012823e-03
5.256723989257578236e-03
6.903534599514576237e-03
1.361600692156366647e-03
7.996983744350387793e-03
4.365790172726171509e-03
8.889852341554416865e-03
8.562702545994886616e-03
3.916980438857742275e-03
5.312038421517501288e-03
5.334194062682127285e-03
1.842882215283194163e-03
7.876400647263642404e-03
3.332004262079830449e-03
2.645839864800695121e-03
7.968477783758420863e-03
7.889999639684164984e-03
3.192539419352405112e-03
1.066597270632295511e-03
5.173469585972903864e-03
1.257752956701903031e-03
2.115352832012071249e-03
3.205473272093498256e-03
4.518992696166779927e-03
2.479669676221158379e-03
2.349186239532136816e-03
7.737382593719886736e-03
6.935427176775589043e-03
2.036249483606313374e-03
1.949991046514067215e-03
2.129445689543691018e-03
3.362366190850112502e-03
3.460999700587366092e-03
2.549714520401458705e-03
1.714039038702644055e-03
2.516425725427911403e-03
2.220651005004112277e-03
2.758510267239586838e-03
7.206094063683178216e-03
3.826362605617705109e-03
3.897156810447861310e-03
3.952479789290038771e-03
5.553869014079520008e-03
7.241992083166447734e-03
9.317277868960166520e-03
4.989217921611588044e-03
6.268739154086037935e-03
7.841083433354576609e-03
2.527533894483424606e-03
7.219394796280899362e-03
2.145148957638610271e-03
2.921198816418313013e-03
3.204472816369846599e-03
8.813890145046889002e-03
6.486243093022889782e-03
8.833587144850309214e-03
4.745566880152747233e-03
2.254384246137045543e-03
4.745160030397510900e-03
5.517653052591053008e-03
8.794618645445659300e-03
5.038524065612197921e-03
2.148842585191378194e-03
1.859594797537722066e-03
4.180304967847685814e-03
1.371832182624873036e-03
8.438612807664628169e-04
3.379587624317943566e-03
6.051011277908120364e-03
1.280460350721565263e-03
9.014506728746745495e-03
1.359491015191258839e-03
2.935956436328172360e-03
2.483272208539195371e-03
1.789350912900161163e-03
3.113039395240406980e-03
9.453247678095810097e-03
1.049067622656496123e-03
2.245087124173318106e-03
3.320859932445663007e-03
6.763353674368871235e-03
8.566606814126902225e-03
8.792624439159051758e-03
1.718465558844053682e-03
6.941245616637102891e-03
2.141266493252198810e-03
2.046099558726420173e-03
3.458993280042220366e-03
2.332198641289102720e-03
6.877052994173373651e-03
1.721093141934173327e-03
7.536616400836262074e-03
9.117609385100169245e-03
1.824939692398336397e-03
2.368248524462991146e-03
9.994396867897021187e-04
1.029215531062721567e-02
1.849808111750228957e-03
9.461079729459963630e-03
1.010339399925829634e-02
4.001846939950594664e-03
7.671290005938569828e-03
5.851091206294932630e-03
4.545950565563395586e-03
1.906854090088592329e-03
2.574302312571328730e-03
7.968803966978372372e-03
5.426744628327550418e-03
2.119677591724757233e-03
2.517582262093762471e-03
9.776454431796879896e-03
1.766451162868847360e-03
3.529272112442112443e-03
3.946657395421297385e-03
3.579030636226228357e-03
2.493843118362178927e-03
4.889364658560906539e-03
1.841789900275608762e-03
1.741877420972113471e-03
6.974618856386787143e-03
3.447956147393749400e-03
4.668726416586504654e-03
5.841285557274035825e-03
1.057871336101828819e-03
7.843394856414305852e-03
2.438533995592144423e-03
9.470321311214700138e-03
7.601644206217421894e-03
4.451792369532367802e-03
1.022546937658050728e-02
1.291448877019455701e-03
2.065965542209618686e-03
9.097456750843151835e-03
2.001757087407778773e-03
6.737383767558261308e-03
5.782846056917530925e-03
1.751470858966070344e-03
1.534869138372650047e-03
4.548912169457945513e-03
2.117724629467422279e-03
4.781130089615946363e-03
5.895169600163814930e-03
2.617082184656068823e-03
2.703282587307145619e-03
5.170400201863115976e-03
8.475804673098519607e-03
1.889299838037649792e-03
1.777202334472255743e-03
1.499509704518255798e-03
4.379841827222735393e-03
2.771224551995538771e-03
1.407739614678978155e-03
4.799328231447927071e-03
1.390666097096510557e-03
1.979667937167867240e-03
3.551588112695356573e-03
5.545274512896138097e-03
5.339455954349331228e-03
1.219165331125124634e-03
2.244516535735032077e-03
3.772101550282465354e-03
4.135871763168774001e-03
2.377006297373968850e-03
4.511868682340301924e-03
1.101586699317940246e-03
4.307197950839309654e-03
2.526295996933694901e-03
2.331805739209275117e-03
8.546508390413065778e-04
1.052785481334830592e-03
8.604887234952847408e-03
8.730148754558046328e-03
7.672322654903542503e-03
3.504267480212042152e-03
2.869818247073461191e-03
1.537923448836408863e-03
8.823666520181036241e-03
1.500017649114226102e-03
5.169522873955929507e-03
7.774150938018156709e-03
1.052450925908834977e-03
7.092588350823662152e-03
7.335443529415698431e-03
1.640807133671363461e-03
7.125062491093949943e-03
1.823302263381203518e-03
2.881373717120514454e-03
4.649400814776093530e-03
2.413190676041699137e-03
8.122439105192225117e-03
8.336056198006893542e-03
1.403922107466186280e-03
7.151083212443171480e-03
6.038828977359281605e-03
1.241504559824157779e-03
2.606200751514832492e-03
1.394187125608658531e-03
2.077717599878002933e-03
2.351367140587248480e-03
1.287053582300940347e-03
3.412496541823491127e-03
3.896096623122994110e-03
4.240057994539017314e-03
1.000831945084689964e-02
6.409438876320231598e-03
9.644028269465753983e-04
3.161303748803848644e-03
7.957087666876192997e-03
9.331327877778770180e-03
2.189326916714254972e-03
2.077410848740770394e-03
7.689171994160465609e-03
3.124170066763938894e-03
5.065941744713692643e-03
5.384768598415691845e-03
3.546423333508462537e-03
5.582482324377696301e-03
6.682874270885093108e-03
2.755893181411880020e-03
2.370179743414487124e-03
2.643984583264301705e-03
1.580601735592718519e-03
9.581458616845606006e-04
3.655842105551903882e-03
1.984048219764802685e-03
1.976171074083302084e-03
2.670751064500174153e-03
2.882162247388685671e-03
3.074379880763868436e-03
2.734116987075341145e-03
2.728962857353236723e-03
2.384208872824418284e-03
5.831868110285477400e-03
4.646636475683536827e-03
9.592052720533376237e-03
7.610144597092975867e-03
2.487655227348007682e-03
3.215965552420567940e-03
5.002672630755376423e-03
3.585700979408116933e-03
6.696139818550548781e-03
4.942601932774516073e-03
5.690524053437278663e-03
5.740415963594525800e-03
5.612559253112654571e-03
4.218617358741091547e-03
9.459362671664115624e-03
3.025659341897532842e-03
6.223254718152811636e-03
1.331143969577273413e-03
9.546386870128539121e-03
4.820309320456064514e-03
1.713795191672072473e-03
2.736665624944162930e-03
6.481859837687009573e-03
4.255469822160485964e-03
8.579975455162550113e-03
7.106932666101344921e-03
5.004438664690284526e-03
6.464237705908062320e-03
2.475111514532502867e-03
2.584682766686421419e-03
5.146671266433030384e-03
1.743988574001092019e-03
6.217039817354702742e-03
3.460856536131898861e-03
3.670823677719691272e-03
4.986350523650869698e-03
6.613742521760621398e-03
6.857695884693088342e-03
5.977323262732111772e-03
1.927186190082487080e-03
8.949953972139407243e-03
1.836148241836179675e-03
4.720635861057908937e-03
2.618425174872328169e-03
6.285616320452620115e-03
2.188576139685513393e-03
2.889382656127033582e-03
6.413484237860511347e-03
4.359560211979338767e-03
2.715207890789318908e-03
8.300653357298262008e-03
5.975260009377189596e-03
2.072179240584957286e-03
1.814201787004439577e-03
8.680635263942462418e-03
1.836133875841807492e-03
2.106191878499179097e-03
8.965586156456486003e-03
7.128138461356216260e-03
4.937547528230175342e-03
5.860589366904100234e-03
8.744909520251182775e-03
5.118469302879798989e-03
7.800371766573244506e-03
7.834684352174690197e-03
5.412105040720404867e-03
1.449710296685380578e-03
9.365501128732528144e-03
3.519350081878727839e-03
5.347908228510479811e-03
6.900762994274688145e-03
5.192039490838864201e-03
2.660935158192288819e-03
1.198493457693249097e-03
5.939968692195990961e-03
6.252566117886717949e-03
9.429918700021478958e-03
2.499802072540007174e-03
1.143707450691963017e-03
9.103680478269170640e-04
7.059480842422260344e-03
1.229806111846061447e-03
2.782261061940325547e-03
1.012286935606476453e-03
2.005113720578384929e-03
9.393038599427292780e-04
1.064112711235374285e-03
4.347893596566319158e-03
1.797280956042197723e-03
2.014506347142167985e-03
2.119342657749263229e-03
2.033334284049990483e-03
3.918788262528818435e-03
2.228174401945164085e-03
3.968776192230500863e-03
4.080035118776935421e-03
8.341177927268040096e-03
2.468638174338242189e-03
9.380206196239734839e-03
7.614140284674590468e-03
2.029417202946281248e-03
2.460870768869138480e-03
6.349901015068376044e-03
3.400920735446393874e-03
3.626064752831812538e-03
5.499853391717511586e-03
8.541985534626556770e-03
5.162472698597072099e-03
2.672759904237470736e-03
2.396190644677163514e-03
1.092667598085285147e-03
4.154174825021694252e-03
8.511635742681645384e-03
9.679491382450010166e-04
5.833731453221543614e-03
4.027004786144190371e-03
3.223038790852438343e-03
2.705834432565941243e-03
2.416723635850998551e-03
4.660853532191130966e-03
9.407213383011960028e-03
9.681486506915918527e-03
2.073567568369689973e-03
9.784039817694045738e-03
7.527813350331985162e-03
7.527576492100881977e-03
7.747542642566731218e-03
7.852025504397969896e-03
3.477328006644089808e-03
3.462784087981380862e-03
2.143529396855086040e-03
4.040097389237913908e-03
6.344432730915034770e-03
2.987184132982980030e-03
4.021524106314920688e-03
6.099261708603005185e-03
6.316397917257991421e-03
9.489013070764433511e-03
1.840749971087882230e-03
3.555722937731597109e-03
5.782203977204804571e-03
3.725355916536051120e-03
1.299274483678881020e-03
2.564117020304855759e-03
1.873199931237955543e-03
7.845004634188941853e-03
2.245648431416921546e-03
3.353475282450715887e-03
9.627762588709412594e-03
1.331512495618409134e-03
5.435828925937098884e-03
4.762862333060541471e-03
6.340420049825441773e-03
2.181890638772897122e-03
3.473377390779444976e-03
4.103185449067589183e-03
1.917772100983362177e-03
1.934986874453357465e-03
2.829232923409973587e-03
3.911690972760925415e-03
5.903268955924957824e-03
2.535358495814894059e-03
5.154303424371226364e-03
1.671395007123623305e-03
9.265276264951244345e-03
2.155374885557628361e-03
1.238399658593412282e-03
2.468890877854382562e-03
1.946059385495179598e-03
4.004705734672032308e-03
1.816076854183745672e-03
6.493527776351266934e-03
3.981747089846306500e-03
9.333840888937988689e-03
4.576537564512891607e-03
3.753354131938871265e-03
3.780455151075248939e-03
5.469520611263545273e-03
4.884762913678028159e-03
4.584739554200184877e-03
2.079859917077997618e-03
5.484182979737575563e-03
2.201362391625527257e-03
4.651297867526271723e-03
4.017261407291197566e-03
6.144333444366332012e-03
1.782119615639345470e-03
8.299293358366169326e-03
6.449499244977285016e-03
5.481440534532257616e-03
3.624888680652902685e-03
3.014602102972554001e-03
6.097367799188672076e-03
3.006764757730899171e-03
4.295336662368450312e-03
3.825501496390253369e-03
1.248439467411237595e-03
2.722827948013430491e-03
2.117112420845354212e-03
2.133455387038989647e-03
1.695992406646768674e-03
6.588637920049236069e-03
1.749035398248926804e-03
1.914560915619654795e-03
1.357564488387787800e-03
1.868222044747550395e-03
5.859425450748512870e-03
3.369435796254326848e-03
2.125408791432576230e-03
7.308192165352429479e-03
2.429224496758310928e-03
3.904569609448581540e-03
1.799359178949686824e-03
2.212871924557821730e-03
2.764162181193755875e-03
6.741556987679248394e-03
5.299845268887867777e-03
9.645578721057278260e-03
5.608155424868746172e-03
1.651833981387084349e-03
1.847526060603853692e-03
6.029514464471730749e-03
8.323526184840977088e-03
1.172879718432224888e-03
5.264535725687576745e-03
4.837535047937760110e-03
1.142870928104406086e-03
1.490814548763743242e-03
2.426057641378765763e-03
5.027683146354416238e-03
1.614131261589175871e-03
3.401305957383793637e-03
5.914112068243392722e-03
5.234964692120792906e-03
9.871209856449150461e-04
1.309446717407845070e-03
7.268905559954110841e-03
2.044444940154824079e-03
3.288849272339509390e-03
8.360878264413628552e-03
2.320376732124226123e-03
2.862464440802172869e-03
5.193703577413930073e-03
4.062899656756215408e-03
7.774174072667484892e-03
2.861224092440539483e-03
6.936574914618263976e-03
6.020762942796472651e-03
9.030958954438585845e-03
8.851811674631570453e-03
6.174082602413496698e-03
3.245859171071693514e-03
9.433960554029952039e-03
2.942525169697338301e-03
2.385610642263130514e-03
6.101234161908754283e-03
5.072288925753860173e-03
2.772468717570666236e-03
1.242211693989026845e-03
4.576964987406967160e-03
9.219355090423190027e-03
4.637665511973273688e-03
8.183533057519062209e-03
6.631721392618224534e-03
1.794561729732754548e-03
5.059800933450798142e-03
2.764336710013968242e-03
1.653275250623465614e-03
8.075999890720619162e-03
3.643121831362948135e-03
8.290110551882388587e-03
2.881142450290260539e-03
5.414091276875705738e-03
1.520150378217342488e-03
7.893958672303013138e-03
2.887972353606301293e-03
6.376860046306121951e-03
2.312709410027553175e-03
3.942502395925339895e-03
1.631891463943798640e-03
2.794475604474113816e-03
1.411884393701069110e-03
6.512057727777209939e-03
3.584493671755184692e-03
7.334806513432405237e-03
1.220538578576111678e-03
9.124830157534334976e-03
9.663813452175460533e-03
1.245237986839373623e-03
2.146721000052988736e-03
7.195531395081266116e-03
1.326354482302147296e-03
4.457153242336767129e-03
5.463214098320372768e-03
3.482206811889181595e-03
2.113698841720649570e-03
1.608742062388535338e-03
9.495284349054059631e-03
1.074243453959769848e-03
5.806410355440740773e-03
2.035343009661899107e-03
3.611486841359145671e-03
7.132785200709782121e-03
7.843600815523443098e-03
2.525682911263972714e-03
5.050561635497686011e-03
4.150022838924475634e-03
3.516223777790922558e-03
3.523654925602388334e-03
2.248942126633141775e-03
6.604632121808511232e-03
2.204224315077082334e-03
9.029355132256397217e-04
5.582045718078524482e-03
4.273934373088365823e-03
6.433106425402117245e-03
2.706381236913461830e-03
1.545777962299291165e-03
6.087059129399691182e-03
2.929854413272111810e-03
8.760872485099612667e-03
1.512980779986367735e-03
2.023462933134559383e-03
3.194572427298381263e-03
5.050010199885244383e-03
7.623134197436490494e-04
2.723463463475828648e-03
4.953091593600892142e-03
2.070732889702257221e-03
2.082398936120534449e-03
2.476654146663256201e-03
2.321512716025021360e-03
3.696648920450509943e-03
1.043898017275838447e-03
3.355037361950093978e-03
3.703451139182103308e-03
2.638614724170894321e-03
1.008205534865047256e-02
9.170378327423164833e-03
4.891986958278979683e-03
4.677042167013919366e-03
5.452959080569171404e-03
7.029616779159456388e-03
4.568229139332551612e-03
2.098865526444904268e-03
1.732196378728751568e-03
8.031209673194169771e-03
1.460962654210388881e-03
3.716503448991541336e-03
1.200384390879675502e-03
5.040226006766108588e-03
1.133993313129810299e-03
8.074117785074223091e-03
5.804357484184435173e-03
8.659142792031077757e-03
2.315748046576622185e-03
7.458714673575035994e-03
1.480620801109071207e-03
2.071875510518254339e-03
1.892258088149650300e-03
9.324256449912431480e-03
1.057258908955068053e-03
1.228309784316056023e-03
3.911766305291924234e-03
1.934867696010025059e-03
1.351076365131667189e-03
1.483085289604706408e-03
6.788442693485536791e-03
6.620968252884286941e-03
2.752114835337555153e-03
3.700940188514955168e-03
1.870351949008471765e-03
6.423573929791648318e-03
2.214734418230954530e-03
8.093699438371836433e-03
8.142368355632787630e-03
7.320351791387205015e-03
8.497779762810617199e-03
2.421160147039250459e-03
2.587078196839645745e-03
7.199438639160719855e-03
2.806117500921407985e-03
8.069823490211763817e-03
4.711313435374437850e-03
1.805864751501035353e-03
8.003441007155390891e-03
4.879839824298594191e-03
1.550459587921514983e-03
1.156607867276040948e-03
8.184720411259296946e-03
2.635610379216251752e-03
2.734165185439010708e-03
8.335262419449426113e-03
3.618718875228718428e-03
9.806295108937084642e-03
6.257824835265121330e-03
3.618735682170136879e-03
2.069852812828911447e-03
7.957870897476376770e-03
6.267206538750753203e-03
6.830804307992117269e-03
2.175389820033952863e-03
7.001777401441720838e-03
6.403463771492649143e-03
5.401668634560766874e-03
2.117424088575567583e-03
2.806553436945304417e-03
2.837151070033218803e-03
1.064994822061450909e-03
2.074963305872433265e-03
2.737796725146192899e-03
2.316977100282698390e-03
7.809498675740145918e-03
2.031289352665511735e-03
2.787972946154794809e-03
1.210180095487939974e-03
8.853931434069550049e-03
8.746779634044781621e-03
1.655826075824615249e-03
8.323734577358016598e-03
4.545805569285441688e-03
9.475814355835818215e-03
6.361347056480840673e-03
9.940187637026624660e-04
4.707272176795247037e-03
5.053816741948323130e-03
1.552611637962080047e-03
9.065754220355552034e-03
1.760011618526880015e-03
3.200810070423045980e-03
3.549803832239660679e-03
1.175431448302552201e-03
9.413992779347835765e-04
2.781638460378751954e-03
6.844790783648376127e-03
7.402383379325694346e-03
3.253501132936402560e-03
8.331228817379224619e-03
1.514092494394879505e-03
4.742620166864462694e-03
3.514375689801185927e-03
1.973316592574366445e-03
3.332997390681487031e-03
3.608133593292197402e-03
2.086479534267291457e-03
7.471440775961967623e-03
7.939600629800407788e-03
1.454356599295922531e-03
1.716258470649104995e-03
5.501433046226261551e-03
5.252567760100720733e-03
7.358402463775355791e-03
9.253297165635356730e-03
7.456875236191394529e-03
1.495876270130788981e-03
3.347637223079610869e-03
3.265155052183129833e-03
4.720241527818854615e-03
6.757012630604816369e-03
5.414773406663447169e-03
1.317634147618051282e-03
8.751391307548143927e-03
4.859697971304855618e-03
3.240219029410405880e-03
9.505161074527247039e-03
7.160929854664075528e-03
1.036344856775769712e-03
1.035438714077728875e-03
5.844019132820102783e-03
1.446868838029175593e-03
2.696463192115450790e-03
2.415080227280974427e-03
7.411621551464388225e-03
7.933957487094599192e-03
7.883167503390259984e-03
9.610870347444396694e-03
2.142232128942291296e-03
1.532233996929283516e-03
7.810767908019929789e-03
4.540454100554282973e-03
1.766093786200909760e-03
7.721445514868673261e-03
9.169707820508854468e-03
1.247287777233272669e-03
2.257514681377406282e-03
1.803161447965697696e-03
1.893856080159660128e-03
2.777747280002571591e-03
1.568337862579334725e-03
4.798967792051185392e-03
5.932680820778002059e-03
3.858623569071443441e-03
2.064114972428091749e-03
3.773864398515997150e-03
6.745507521791033537e-03
2.105608127509902075e-03
1.787503222566743646e-03
5.869793803353911057e-03
9.086670575394468000e-03
3.546205759112224659e-03
3.603052706757203794e-03
8.414869717730238258e-03
9.894040772183417681e-03
1.899021957932914718e-03
2.217756196206938264e-03
8.482617927450211703e-03
7.660096660986452990e-03
5.176474477263904098e-03
1.863084415557401518e-03
1.329949625248883459e-03
8.680125687916673619e-03
2.407640330449405640e-03
6.698394464564148311e-03
1.022187749436482846e-03
8.542293486255568211e-03
6.991376419278258481e-03
8.522396769402078298e-03
9.266821673424033290e-03
8.228640683598714700e-03
3.398181630828522350e-03
3.763341008165351116e-03
8.770892712640237371e-03
4.940381082367250806e-03
2.615595454990205741e-03
2.171771265797401741e-03
2.130392344328231775e-03
2.894100756577457079e-03
6.688365877946959859e-03
7.162559776752980278e-03
6.796223710887995713e-03
1.788681595359603062e-03
7.297514288272220068e-03
5.915753840851406889e-03
2.042571118377396397e-03
5.419673530130805425e-03
1.693163518783756538e-03
7.723863530218041430e-03
4.478986467154314269e-03
5.394983914267769895e-03
1.029617633581342371e-03
3.006056881384660574e-03
5.669620652051030572e-03
1.615401947843358521e-03
8.332639119002577949e-03
4.646343596304683410e-03
1.208460777573148190e-03
4.500791308763983645e-03
3.513671347628356985e-03
3.384882086571843092e-03
5.428820177252537300e-03
8.229903245930267688e-03
1.958130040798817650e-03
4.154153086732526381e-03
4.951064222939177348e-03
4.079071439161270803e-03
2.285291505106555598e-03
1.833221883666695268e-03
1.692796397616192026e-03
4.060254685733927227e-03
3.782882919788210438e-03
1.008910243246904578e-02
5.283912088078520156e-03
4.575491977610956704e-03
2.553072575953897402e-03
5.700712933923695463e-03
1.648132064661834116e-03
3.969982859250705681e-03
7.351561284730270124e-03
1.327742034555788597e-03
8.812405755752723141e-03
4.994955984828058221e-03
6.262015236108943277e-03
2.781539022724870570e-03
7.615359854302208333e-03
1.968885809732203243e-03
3.327881906913661772e-03
1.921471462031291381e-03
1.308408675592609687e-03
8.090465085982486565e-03
3.415560536221538303e-03
8.207185725681950816e-03
4.016667121451597718e-03
8.238226931594970839e-03
4.498309933052257667e-03
2.252248609257377718e-03
2.125286221643003966e-03
1.059262199497419937e-03
8.208718578633132992e-03
6.579805837240908749e-03
3.194311994913403424e-03
3.618461007694594861e-03
1.925357178768728706e-03
6.093244793982392250e-03
6.000781001611193988e-03
6.516808678020153713e-03
3.372326870643998446e-03
5.960586102302461130e-03
3.836111261882448140e-03
2.160464995894216447e-03
7.306521838303152439e-03
2.537564494420243861e-03
4.609123399462373462e-03
2.019050798575279353e-03
6.219514354361438402e-03
3.903769823147976940e-03
1.413624917801752177e-03
1.058894179633135951e-02
7.849322289674352804e-03
2.166106479603435199e-03
6.844285155527122730e-03
9.712226165815331103e-03
5.452192138828574307e-03
6.635049219948948446e-03
1.641150399604430349e-03
4.286856022910847178e-03
5.732000541578861734e-03
6.072950437877927196e-03
3.650152234875170786e-03
9.074645407235102518e-03
1.839079675467774136e-03
3.513589787090444158e-03
2.219491304159636365e-03
4.716185560365229387e-03
4.434279481517797161e-03
4.638315578432759649e-03
8.021194537823139042e-03
1.062759027805064167e-03
6.070467228923026766e-03
1.534487044760020520e-03
7.114593480124099117e-03
4.188147696682718163e-03
1.606773586715677269e-03
2.145707837344726712e-03
4.688450937489353765e-03
2.300195966570089262e-03
8.292248713228964063e-03
1.497661035787902113e-03
4.139372000141264274e-03
4.130557348721551614e-03
1.906382625555347408e-03
2.307293849968225334e-03
5.026218733600361713e-03
1.376610574604652387e-03
9.601491328175358608e-03
5.168006831839145471e-03
5.968741883148628510e-03
2.788707062836211139e-03
6.300950725905314631e-03
8.698349833776878454e-03
3.674445537317255067e-03
7.175008228278848162e-03
4.640956662815220145e-03
3.929422320225322077e-03
8.206779794299796926e-03
8.808882335212748268e-04
1.367909499590953728e-03
6.570794071210146747e-03
3.409610986909923126e-03
2.917914178013285287e-03
3.595088603922344615e-03
2.829133749730863498e-03
3.412196844654245571e-03
2.815029729033142157e-03
5.292928189131324880e-03
8.635575858532928278e-03
2.582026440524454007e-03
8.184756679457548447e-04
3.554322242148104903e-03
7.491006801201113841e-03
2.012123420986902667e-03
3.740667455670732087e-03
8.091056383276706496e-03
7.951960594153156467e-03
1.067599886491835907e-03
9.433748926884458555e-03
5.069929085933673300e-03
2.658442117642628288e-03
8.265486278634676803e-03
4.276830264274163879e-03
5.392062956772301560e-03
2.754688654584940000e-03
1.719282467433461007e-03
2.965058514944174557e-03
6.437302905872669193e-03
4.807853197572790546e-03
2.452684580267828693e-03
2.337445499347327003e-03
3.250139101007627155e-03
1.934887766834160559e-03
2.240700975310702843e-03
9.184961513107780390e-03
1.470526722735376966e-03
2.393253590364764587e-03
2.154645668620807763e-03
7.379040981103509103e-03
6.002794052990436356e-03
4.837559300684755696e-03
6.050740441898343203e-03
1.997801803645362934e-03
2.190557165143987121e-03
2.969211621209575779e-03
9.570087829631710244e-03
9.723221543316840076e-03
7.517899564329282719e-03
5.490571046141088860e-03
3.899210826814997720e-03
2.019434460074738796e-03
6.009575129970686630e-03
1.527134425817833121e-03
1.340243155289539117e-03
5.961672018932598870e-03
2.086765789483756555e-03
7.066759064370329961e-03
7.400696327255351301e-03
1.260109152857810319e-03
1.538711255330512707e-03
4.410538089711315071e-03
9.461156603343344115e-03
9.266151773160915747e-03
3.752566789553113576e-03
2.417889068303997330e-03
3.768632487701979554e-03
5.243500825342314355e-03
6.104490214086894656e-03
5.087770935506292364e-03
2.271045710672099909e-03
7.671244205056904422e-03
2.863102878686729896e-03
2.412471532456701359e-03
1.652199803679977414e-03
4.762368738443330252e-03
4.405711489682398452e-03
5.349501847041398389e-03
8.818896320872231243e-03
1.878340305286808898e-03
2.057206211499977913e-03
1.670533378178606140e-03
1.212733719894191695e-03
2.483339864905632563e-03
8.168470830827929616e-03
6.709193642363758120e-03
3.406414448363483463e-03
1.462598652629221781e-03
8.078192974505991192e-03
7.612823602221017311e-03
1.667349570618940815e-03
3.457604924621931076e-03
3.195777523050363778e-03
2.578604953937957238e-03
1.217988188053389627e-03
9.913475877707491474e-03
3.259770425585107462e-03
3.788821035340519949e-03
1.082675413280119068e-03
8.195654512075137635e-03
5.737120187458749979e-03
1.862724475111635428e-03
1.186836838949657065e-03
1.247248499099874340e-03
6.266637252476441045e-03
2.895914495952345898e-03
9.317544991717621738e-03
1.996447024029366323e-03
6.739019245378920914e-03
3.416287896255897245e-03
3.088489377364997575e-03
2.248381439746407508e-03
8.351757082799287843e-03
4.837256501817833662e-03
1.015798931808485238e-03
5.853136073214047774e-03
3.287336012884935384e-03
5.423255226881256927e-03
1.122819954021835867e-03
2.102766782352633035e-03
1.250455131620514110e-03
1.146106833725653220e-03
2.292185091823034388e-03
6.163061154464013688e-03
7.520307220438919235e-03
5.986382313772815184e-03
8.041037574556963649e-03
7.633675769273434372e-03
1.745958444998974880e-03
7.424860301379276710e-03
2.051043556628011702e-03
3.954690489266238923e-03
6.211772151170751217e-03
1.074113352757410109e-03
1.842281848272469278e-03
3.132896398597655348e-03
1.333875680607679581e-03
2.139510526874403764e-03
2.015796813134572082e-03
6.554570785058310041e-03
6.441310375116243193e-03
1.782955511746674897e-03
8.503463693281721261e-03
2.755107317881773550e-03
3.654917030121182173e-03
1.442145481134919378e-03
4.515297138905905588e-03
8.950058223538070318e-03
2.016514805692990690e-03
4.021150782856882863e-03
6.914425225013284132e-03
3.933133648029797473e-03
3.116127474093799594e-03
1.948368984898939549e-03
3.896109261834030616e-03
3.466762690464193601e-03
4.626801649216237024e-03
9.686284361193389300e-03
2.471937671255405866e-03
5.033623981590270094e-03
2.302741054004120262e-03
6.106443798248461716e-03
2.355546515486235323e-03
2.351445327385317825e-03
9.910626476558190984e-03
9.153075269081968612e-03
8.319785665264530644e-03
2.823861734685290028e-03
1.429278009706123898e-03
4.544537547684804162e-03
6.612277960717204313e-03
2.789248124294019769e-03
8.942446237281366159e-03
1.434118582758401282e-03
1.204648836501256721e-03
8.280784029603232427e-03
1.781873160744298521e-03
4.297234524566885192e-03
9.773433115890489686e-03
3.474419671574808209e-03
1.437924659235166169e-03
6.573034519064251818e-03
5.814927535277533352e-03
9.615296831276647083e-03
5.014247773852411293e-03
4.349522645602706475e-03
9.838921691724396984e-03
8.229554494898788652e-03
5.432442730085114760e-03
1.615950343248850462e-03
4.159869935294078364e-03
3.967915357559663979e-03
2.948594596080292025e-03
9.148348793970513190e-03
2.889686723301693096e-03
2.343740268272580772e-03
5.695158885318759787e-03
2.872958030765165698e-03
6.786319475570035467e-03
8.241382122543664673e-03
1.706954101924679310e-03
1.543628450987128298e-03
5.063891954973254173e-03
6.469160526500724803e-03
2.266287855164280177e-03
5.844309859915531799e-03
8.793553417253373305e-03
4.744068313547761262e-03
2.549436149201003525e-03
1.811587818280779643e-03
2.463895848130326187e-03
6.090534602256317612e-03
4.658745507038425729e-03
7.340828289308385171e-03
4.572387307626787564e-03
5.756029676796075092e-03
3.835990289983850360e-03
7.314740495305489462e-03
8.627061726977284031e-03
4.067063516229617315e-03
1.563312249669115105e-03
1.167651781485475526e-03
1.357144089559731825e-03
6.321427400839300242e-03
7.625638161304583093e-04
2.013375525089684381e-03
4.423401477648252964e-03
3.291362891931913677e-03
1.557975340441722844e-03
2.062839536461020043e-03
3.866544076520373775e-03
2.740699135303047932e-03
3.584490750779920076e-03
2.833070196848134614e-03
5.978477846089332547e-03
7.526028603652578156e-03
3.621509199976377224e-03
4.634106549621127072e-03
3.401261192066331630e-03
1.966993252190869963e-03
7.294211745884392542e-03
8.488603585362422543e-03
4.065184722995997604e-03
8.759038126746899675e-03
5.639425393162453976e-03
1.598149549401457151e-03
3.930602859934144780e-03
3.369854434933903815e-03
1.109104379584886606e-03
3.910653426298359506e-03
7.600169319506055662e-03
3.077569208700415941e-03
2.464262921148230659e-03
4.050484706475505729e-03
8.687023504125816059e-03
5.102338611540802038e-03
8.081126310324832779e-03
1.949607330136019119e-03
2.025703071477694215e-03
2.738621579857318088e-03
7.117540799478191439e-03
2.031700880218878253e-03
4.667777991123066988e-03
6.216063706032667197e-03
4.768959094464076016e-03
1.731815150162793488e-03
8.743275368495097288e-03
9.582178505791605220e-04
7.125060706342971860e-03
6.060670223942495397e-03
7.657859671049411718e-03
8.395861266133366335e-03
1.260927337098181628e-03
1.378291396372442485e-03
4.308157164046970411e-03
1.188396358961670268e-03
3.677598355277420135e-03
8.902976239539131531e-03
2.831520490689058960e-03
1.073115665119614686e-03
1.815840563674980162e-03
3.130178795584844485e-03
4.113944885790385073e-03
1.334213690245141751e-03
2.156939705449420312e-03
4.545036445974787176e-03
4.100681443620727076e-03
6.956191902078259770e-03
9.151578292190615943e-03
2.114111655416272152e-03
3.561290952828253739e-03
2.534736612874546359e-03
1.992320725505990469e-03
4.473990348651236959e-03
2.930171200828400428e-03
1.951046219132915056e-03
9.042378978893313851e-03
1.847418689493234402e-03
1.648709728617118835e-03
4.125902909781594546e-03
1.924142166454943358e-03
3.209271019156395306e-03
8.549064941723975158e-03
1.494984052346298286e-03
2.005293277699175293e-03
7.437597317949670717e-03
1.426682591771738246e-03
1.954256902401877750e-03
9.344671833282892914e-03
4.290466068189592586e-03
6.534458692133175359e-03
6.001048407586002421e-03
8.919602304590084491e-03
6.507293776989392028e-03
1.767805060598723853e-03
7.334458084215743183e-03
6.209545875821271751e-03
5.442054945992884710e-03
3.393164669232169410e-03
6.212495589557198369e-03
3.994974149913183524e-03
8.090990636262507252e-03
1.945540512119973975e-03
3.146221006033267029e-03
3.473928732536999200e-03
2.895026873611179254e-03
7.258065242818256130e-03
9.262183076452861624e-03
8.807147400238312523e-03
9.390223769366681100e-03
1.067719783966477199e-03
5.467242427243324682e-03
3.836695801791231708e-03
1.910578866621849168e-03
4.462913683962522679e-03
7.828593923719952968e-03
1.719013286916702774e-03
1.303621303629744210e-03
1.635443638056611982e-03
7.385347777789060160e-03
2.099247658474159145e-03
5.836203005698824102e-03
7.133908695753208955e-03
4.337714146520609340e-03
1.780313488470622405e-03
3.192239354642573915e-03
2.561964981732025009e-03
8.676273754166545157e-04
2.201821279232520426e-03
5.476477397709798682e-03
6.147870861515769905e-03
7.068785049621669793e-03
5.540699323921343365e-03
9.203154689605433370e-03
1.413214865769436487e-03
6.339242312347994832e-03
2.162176864563984668e-03
9.679553862905043021e-03
7.820070009236000999e-03
6.857948869923080615e-03
1.575066195985565416e-03
2.183783882785090592e-03
6.283590257281659874e-03
3.901742898438632663e-03
1.597082424400520905e-03
1.908504593119409593e-03
1.477934903951063500e-03
1.300415999066019011e-03
1.794602648289171870e-03
3.141804899689785123e-03
2.120056239138972017e-03
2.270690101925132952e-03
2.246007614017835226e-03
3.234155070235825245e-03
5.669034164109567828e-03
8.388638475365819969e-03
7.577872011266853156e-03
3.100086144305820492e-03
3.524372795410992722e-03
4.773074870882883583e-03
7.656833006135826264e-03
1.234726315518385516e-03
2.210007351237715505e-03
2.668491959642639057e-03
5.520279535218421997e-03
8.631712433984868593e-03
5.308208616780355979e-03
2.877411525037725827e-03
1.829981985946023664e-03
3.893922877419602434e-03
9.214791038350936964e-03
1.431201328455366639e-03
1.408416188970468838e-03
3.193043033195645895e-03
4.952744732266727533e-03
5.107631181391732861e-03
1.633005950339804987e-03
6.609882813218660898e-03
2.139300380167958975e-03
6.682494518439286921e-03
5.416236650325150989e-03
1.195755701320285868e-03
8.064371981452243127e-03
6.971457353213377298e-03
1.268873921385508695e-03
5.861743011298731904e-03
4.949931289209329524e-03
7.569675417970043660e-03
7.100418991112310979e-03
2.746533831876551372e-03
2.255637468777573190e-03
4.047726007111037208e-03
5.096035023286999560e-03
3.593897537849909986e-03
1.722660309019903406e-03
5.034842920365213172e-03
2.964273653826815947e-03
5.261440605614096239e-03
7.213025621640054182e-03
6.602541901644561929e-03
2.029977995243546079e-03
1.940467787187140749e-03
5.955686173142482089e-03
3.312142055388394950e-03
8.866418422004522515e-03
1.454217251732363089e-03
1.499719017489927310e-03
1.424008068230723633e-03
4.509793365037964921e-03
1.498389277453772558e-03
1.195323622414890333e-03
1.775406525137570787e-03
2.123961405508867535e-03
3.973774094844385180e-03
1.329442290488275485e-03
6.541172871569937361e-03
1.911586947379615787e-03
1.572074432699357375e-03
5.070401225448045203e-03
9.095712327529755642e-03
9.133946422072660234e-03
8.707994491315354871e-03
2.354459117919489863e-03
8.892821945028956537e-03
4.828259472250438951e-03
5.108074481074515935e-03
4.032663666613263420e-03
1.661836174949358255e-03
6.708034826128831882e-03
1.436945946108633947e-03
2.034693639147090033e-03
2.030690965870671130e-03
1.468563963729965175e-03
1.393006695750695139e-03
6.267220239863994548e-03
1.194592138859274302e-03
2.533288659639007772e-03
7.285524009529961709e-03
7.164868011033982340e-03
4.386206193345435281e-03
9.408865707940418724e-03
6.481801296724440734e-03
5.679646614687634126e-03
1.310990039271383179e-03
8.745513562082810749e-03
7.594980234833070831e-03
2.122347812494695778e-03
2.149242527585984008e-03
8.218148836013730238e-03
9.393739357030825819e-04
2.784517751900597582e-03
3.511849513815938628e-03
3.383029750454217936e-03
1.342465019037861716e-03
1.154006028845241038e-03
6.415038856231583542e-03
2.421269103919267921e-03
4.881372893057241147e-03
1.074608516042336367e-03
1.625265375122194027e-03
1.269390602044973351e-03
1.784417222985692792e-03
4.880783486035929902e-03
2.987810238292958748e-03
1.167038774171417093e-03
3.558788476660235817e-03
2.791392567138257542e-03
2.748856035364854317e-03
1.205976832679572525e-03
9.231354381773186624e-03
8.361567408035720100e-03
5.331152136611475197e-03
2.079294594895835045e-03
5.171061455679738100e-03
3.398700965723734646e-03
1.128727648526167172e-03
2.793474387631806645e-03
2.290246649869231033e-03
3.153266317469472640e-03
2.902103121190859492e-03
6.519054255051296744e-03
8.408632112505080858e-03
2.081933550046448714e-03
2.833018966990611363e-03
7.537744778811087537e-03
6.669586778711492775e-03
3.491335609154267751e-03
1.893069724679565750e-03
4.167830582237175112e-03
4.301593256850527215e-03
3.480876344468170937e-03
3.627720967683208814e-03
9.799480665715599136e-04
8.022228074625239319e-03
4.050468218177760357e-03
1.508369102596621592e-03
1.850513088296341403e-03
1.520044251695632561e-03
5.789619881349945471e-03
5.272140800046163679e-03
6.971934277562187587e-03
2.231551727773372837e-03
1.427337241820034359e-03
2.134654136353992919e-03
3.148687707055598806e-03
2.641783485578290663e-03
4.717787602435231237e-03
3.735502783182830140e-03
8.235865120976000250e-03
1.189254981471671128e-03
6.004079850224133992e-03
2.424737342297928009e-03
6.821083077039745597e-03
1.726382299280898504e-03
2.370711285644713784e-03
4.059393162355271270e-03
2.665435986903995445e-03
3.048764994029125319e-03
3.843003791639531055e-03
8.444314254439790057e-03
8.728752864816238799e-03
1.994019460622926173e-03
4.159214210320000618e-03
5.402007753595605526e-03
2.568220001081754009e-03
6.159829054323453200e-03
4.045427568214324428e-03
6.192513720188914765e-03
9.518568118765117353e-03
9.718611166782684715e-04
2.915169984421936769e-03
1.744950932171531258e-03
7.268548868984325145e-03
6.280546858121845849e-03
1.516761125210587709e-03
2.271206651058799760e-03
6.713380328955118048e-03
2.858071763543374583e-03
5.871987618024132258e-03
1.221199537870948371e-03
5.042224656780100456e-03
2.288150814251188256e-03
1.530501848640580202e-03
5.680589790768873770e-03
5.720108121933582812e-03
9.888542222143996072e-04
2.952721612344728908e-03
7.315281102366660154e-03
7.406966176096992094e-03
5.961983251265077013e-03
7.948488456464258833e-03
9.182343916262259570e-03
1.108331722782799050e-03
2.149595196825228663e-03
2.698485358877813350e-03
5.121566270020992684e-03
5.800149359017451288e-03
3.435514322447521564e-03
1.259566913927532769e-03
5.115221006590853388e-03
1.160073942261437459e-03
5.521570003174021760e-03
6.170502018277351439e-03
8.750398106462130288e-03
3.809087958175015956e-03
5.863211772573940703e-03
7.132142810551596497e-03
8.450043457551043025e-03
2.654759644341272203e-03
1.466178178518961605e-03
3.922642694362402267e-03
5.110324133602192967e-03
7.998157907016672369e-03
3.601925197474553815e-03
8.511599979733851240e-03
6.017212744458084669e-03
2.290217150503854378e-03
1.973742616445903555e-03
1.371345145395346963e-03
5.420745081164029741e-03
1.198414264726300853e-03
7.875564028307842010e-03
8.105946687372377057e-03
8.215869323838737720e-03
6.270107914955582243e-03
3.238965737142955083e-03
5.764235315571615212e-03
3.203447318615679738e-03
2.035317973356760672e-03
6.634171394289499826e-03
5.082783607113035632e-03
5.971605719134989027e-03
4.853012941987977502e-03
1.121472299283623152e-03
3.024006223738111895e-03
3.197907009315870824e-03
2.831086146669679893e-03
2.426030692516266147e-03
2.981445484724455121e-03
3.680766275607935158e-03
7.841022698721555884e-03
1.068604628008801554e-03
8.178148091530553637e-03
4.282616291376799798e-03
7.536362622898097260e-03
2.338866280875611173e-03
5.704128087289294866e-03
2.382740156463922492e-03
2.020379850455229775e-03
1.235156666565299759e-03
4.706433734941839475e-03
6.433820580403414383e-03
7.039904255497642614e-03
3.245705965373688745e-03
6.947035371257737069e-03
1.639593879604181546e-03
1.676081394011958532e-03
9.177157668184995204e-03
1.477990945762310254e-03
3.045479886841299423e-03
1.324377456486288502e-03
3.644588595363367368e-03
6.937267738390686701e-03
1.915733839814526274e-03
1.152991315161398193e-03
1.002170595824118703e-03
9.775790243522559236e-03
3.897510479315256619e-03
6.305695854290113526e-03
2.499803937886678137e-03
1.399479791192665551e-03
2.351137903260958322e-03
4.788229847510674236e-03
6.447019485426388336e-03
6.756561965481458140e-03
4.726389436270165070e-03
3.776519173844580107e-03
1.013444462888130407e-02
2.162178525355948691e-03
3.673312924934255680e-03
1.221317201386218007e-03
4.158663244955647723e-03
3.514891154957297884e-03
3.804778147926763700e-03
2.710000636227445463e-03
8.128446168133556665e-03
7.881813361216589292e-03
2.894130162017337880e-03
1.701177458686391284e-03
4.587831302192913602e-03
1.716861738014309902e-03
8.109043730947194939e-03
6.364976954343577742e-03
7.714474729456365781e-03
8.850865413360158029e-03
8.024541084442969596e-03
4.488892665424409553e-03
2.081238825998154001e-03
3.422259223500734825e-03
2.140736535285235262e-03
3.828130447532922514e-03
1.244183043371413500e-03
4.099548332300346695e-03
1.738174284269676474e-03
2.633953390529084407e-03
2.934233887817984561e-03
2.634217615658908298e-03
3.546464769843667153e-03
3.798276361252937022e-03
8.626936613252384617e-03
7.007494988500993262e-03
9.895838542938632104e-03
3.678635894042121129e-03
2.348618649802955601e-03
5.109506880331383949e-03
3.150205908286767519e-03
4.758899949898715703e-03
1.888301021569422245e-03
7.045278694082956344e-03
4.410491857124880510e-03
1.134256962239559886e-03
3.265643641306508263e-03
3.315316593111569850e-03
1.009074515022721080e-02
9.177360327267340689e-03
1.404852993875887893e-03
3.948583097618324315e-03
9.317265326004030984e-03
3.104374577005439111e-03
3.262170342588043004e-03
7.953351034654389598e-03
3.808308326416166931e-03
1.550350410289416843e-03
9.673400006705426546e-03
9.086801048717603121e-03
4.708450677077952173e-03
1.137088003645541408e-03
5.975157929752207553e-03
9.935638697716165334e-04
6.240405937187418900e-03
2.555849495041997640e-03
1.998430202056125995e-03
2.829760985112280552e-03
2.211789050267466000e-03
9.027769852752394464e-03
6.035572039407370928e-03
1.785876589581052859e-03
7.768253173855421950e-04
3.385123214506051241e-03
4.551598133786742550e-03
2.223210924401287057e-03
9.878682311228306756e-03
6.436572378663894291e-03
7.323717061184907388e-03
9.886941823047159725e-03
8.139161539501213460e-03
1.712157817254402782e-03
3.186369195742833928e-03
2.383457109882530442e-03
8.404575781002126753e-03
1.178943452921648975e-03
2.926079488101789722e-03
2.779865377602010277e-03
2.053633084921069329e-03
8.899317081167501878e-04
4.952473954009299281e-03
3.514051953041648444e-03
2.500096375792300318e-03
1.250449540872552740e-03
8.305517948781024774e-04
5.681273702759379041e-03
9.829936083768987462e-03
5.014612661514887895e-03
6.043163432086202588e-03
1.166663534438490499e-03
1.417233056666352331e-03
2.789956090412383429e-03
4.909866552336460133e-03
7.974138188705539448e-03
3.973304125423397781e-03
1.552163669343452693e-03
1.583039320613982472e-03
2.337749656199429506e-03
5.825997832746537819e-03
7.228101294898131753e-03
3.390950264994878685e-03
7.249960987079993868e-03
1.005632540375525586e-03
1.299659306267606645e-03
4.614422092943035181e-03
1.259614356216754057e-03
5.235997564534912788e-03
7.332876210550932916e-03
2.049161026576768428e-03
6.381820696192216577e-03
7.051724084828561376e-03
2.071035936211745431e-03
1.795124032561614584e-03
3.614041013040123797e-03
4.426366233413428497e-03
8.907523335355695127e-03
2.064730985056653732e-03
5.779476656349707628e-03
6.289254988518379330e-03
1.775999560017907375e-03
9.568185436805888219e-03
1.134867265214266254e-03
7.983132983494761747e-03
6.449957834598146755e-03
3.506977008521943232e-03
2.714259177771072284e-03
1.762823050900227560e-03
5.010767813741271587e-03
5.962772048205963391e-03
8.374081288150210522e-03
7.422677980404599439e-03
5.421431322561636248e-03
7.549958721992532443e-03
6.000906300631622323e-03
8.373500066743200243e-03
9.455390967899782173e-03
5.003058518423744369e-03
2.014291547028711476e-03
7.220425953994549090e-03
2.847232529138207097e-03
7.096036513181062759e-03
2.311085243792652347e-03
5.924684015983047725e-03
2.992508005442905301e-03
2.890366400656594822e-03
9.278223648203206761e-03
2.982654649462018834e-03
1.647150938899435849e-03
1.526483587990500827e-03
4.992700885479255113e-03
1.519756587015615081e-03
1.323075331418892059e-03
5.325887856082617625e-03
2.002512187442987476e-03
7.274163003356960699e-03
8.918823051540928845e-03
8.735612653915179188e-03
1.380220711634469813e-03
8.000907884592706187e-03
4.895955789437776012e-03
6.520605202676584347e-03
2.270847495798956027e-03
1.579963897263451239e-03
8.828264165623647339e-03
4.544151913312494823e-03
3.003208826563468110e-03
6.654848520613263971e-03
2.768600647373623425e-03
4.307429202414014141e-03
1.155926978551812326e-03
3.989920598835488240e-03
4.418065014090897386e-03
5.283654995043272212e-03
3.567305388022617291e-03
2.669885714634104810e-03
1.493110373304723255e-03
7.872851211479570122e-03
5.766686126763948331e-03
5.308225457147232144e-03
9.980075557825367205e-04
5.907062627420460454e-03
6.781603275437572687e-03
6.906571087285580043e-03
3.557325257243581108e-03
6.062519719015418973e-03
7.926799310384827213e-03
8.078927010000937214e-03
1.203042555551859811e-03
2.496700538470200854e-03
3.893321224616754818e-03
8.712709229175181341e-03
3.195020793314076128e-03
8.343902423329004059e-03
1.243372270041357948e-03
1.080766009040412881e-03
3.303707890250206364e-03
2.642679753693096857e-03
3.068796639271775643e-03
1.666177779253858945e-03
7.418549819565955009e-03
3.886617946094189733e-03
4.745615513891290535e-03
1.615473581302738233e-03
2.176334129423460918e-03
4.664573720372560198e-03
2.355040051285331101e-03
7.121526386596578086e-03
3.346427526796230678e-03
2.664055909379275250e-03
3.820000310636849188e-03
1.383502750875668496e-03
3.189167490606293568e-03
6.509617479309734792e-03
9.784787853096079541e-03
2.589123488318718393e-03
2.503627519073964389e-03
6.751214106685659612e-03
5.952628909022488098e-03
7.765772804514887648e-03
2.260769241252989087e-03
1.509321491280291288e-03
4.640903261016769005e-03
8.737706846380957973e-03
4.261910374943117183e-03
1.400134391083048034e-03
3.127200619655071297e-03
1.491057299661856152e-03
1.481059236006123780e-03
7.785976799350759203e-03
1.956561048761548943e-03
1.987857541644991437e-03
1.755074888011006872e-03
2.428556150069942268e-03
3.045123695087528608e-03
6.281179428305534718e-03
7.769105163882070349e-03
1.248711540302183641e-03
4.060989185717345240e-03
3.577997729004656416e-03
1.993954356045229796e-03
2.939399455375263197e-03
2.242184161736209859e-03
1.349207660892652724e-03
2.085696612440607074e-03
6.666184657790081430e-03
2.379909986839076532e-03
7.538112147870183570e-03
1.693596758313557467e-03
1.938098873521639865e-03
6.671033246175309128e-03
2.510929405922265271e-03
2.476687676142941968e-03
1.674857760983929598e-03
2.225608577706440858e-03
1.188070174516352596e-03
7.845284572173811047e-03
9.305522500828711935e-03
2.576575099512530380e-03
1.519650914861052360e-03
6.950685267927251415e-03
9.331805344656451257e-03
7.729113065888690466e-03
2.965405593251987416e-03
2.437820047152997049e-03
2.547742244987160742e-03
5.264750183528642269e-03
4.538464967701012071e-03
1.092648010887657412e-03
2.834598166948715508e-03
5.669134011254260697e-03
1.967223381894188296e-03
1.906787965317898381e-03
8.049908593266753148e-03
1.169208083751933913e-03
3.660497364244175589e-03
1.872682542040485709e-03
3.881545953023745558e-03
1.364861629720269618e-03
2.572670966036720661e-03
3.220318721101733672e-03
3.655958747184604504e-03
2.205752029282867857e-03
7.774848406432442391e-03
2.515371109177059507e-03
5.931988135753019087e-03
4.033038564874550855e-03
4.385758391459279072e-03
6.173819990731660434e-03
8.652683278874886280e-03
5.862862432267580172e-03
8.028181043786906945e-03
6.461069279674866439e-03
8.838220855887254229e-03
9.603603566710628564e-03
6.150660697223690743e-03
7.066186390603215045e-03
1.997172721894688741e-03
2.003790613720195842e-03
2.725916053900048156e-03
4.460069549835240371e-03
1.954083161968846443e-03
5.886614904476842464e-03
4.917382947870230746e-03
9.192591148006714480e-03
3.682926027275430173e-03
2.403121496156483336e-03
6.740507409703138351e-03
8.625801483161088176e-03
1.289114344307314922e-03
5.694945801734683719e-03
4.912077735049172507e-03
1.767524823049479834e-03
4.379202937424870809e-03
1.943867581833153653e-03
2.293489801601543074e-03
4.381025603937006505e-03
1.829586404233396555e-03
1.034473252440255061e-03
8.306194487239506805e-03
1.395759186923174310e-03
6.017205246364130782e-03
9.223220540325136052e-03
5.115504717144546756e-03
1.714065273528219248e-03
9.470734819211477917e-03
1.103909375302534416e-03
4.245601510403027024e-03
4.952966650874338420e-03
9.497526936929883562e-03
2.922765637363022948e-03
5.871590031226213771e-03
4.604621747207305292e-03
2.607403832562122433e-03
5.092778380422085388e-03
5.009150065931992045e-03
1.957988913679947589e-03
8.547670417745050625e-03
2.274554573664768278e-03
7.840421858859449034e-03
4.970093504314451391e-03
6.908344203552541432e-03
5.046476725746476197e-03
1.534333361202592279e-03
1.606183596710128968e-03
9.831371686189938411e-03
1.290045861804628826e-03
2.532007558286469319e-03
2.104568725576762972e-03
6.938950075677726391e-03
6.742656534984926885e-04
2.145810493883104283e-03
1.195326114097952468e-03
8.525505594385276303e-03
7.488939753372881453e-03
3.262194073675126274e-03
5.139284627431154814e-03
3.123607155144620708e-03
3.178057520811325247e-03
7.426887465684574308e-03
1.639653425996505896e-03
6.374007893377378262e-03
1.740969706827885048e-03
4.294035802400382983e-03
1.898847373072805669e-03
8.135842439690853939e-03
4.552607191720067087e-03
5.781124547615284180e-03
5.880826564921344535e-03
7.915206461322460418e-03
2.078459128288990491e-03
1.379134536494872575e-03
1.257687691055037801e-03
1.756486669387722580e-03
2.775639802839934174e-03
1.795917218900651901e-03
7.988630095573953302e-03
4.382753036639186993e-03
7.219181989412233429e-03
3.316574334864744525e-03
1.842752137997104647e-03
7.662040410230165112e-03
7.506619836393918499e-03
7.599821811609460721e-03
2.649521715946281594e-03
7.583171754424465269e-03
7.230667928571996722e-03
7.719125648241013243e-03
7.266790297046530137e-03
1.940812541572160691e-03
2.949512382883385641e-03
5.989714632446629938e-03
1.383344019273688875e-03
5.898772942301431371e-03
3.473188812939546725e-03
6.508370254446443383e-03
5.815214770996586860e-03
5.701644724729693428e-03
9.715746637774545780e-03
8.668482829347033680e-03
5.597477044816636521e-03
8.189877171167533193e-03
5.722772995184388124e-03
9.500625131526880054e-03
2.866974953030452730e-03
5.974014518631062289e-03
2.712063973530837342e-03
2.825553815760234715e-03
1.344035819569477323e-03
1.605775352432837946e-03
2.553352154603091666e-03
2.623623211567872870e-03
2.451689846182702852e-03
2.724493172869265484e-03
8.200137286905859885e-03
2.781616084466316530e-03
4.111803705007783735e-03
2.883462351436127426e-03
9.229697479500090923e-03
1.346673208873288294e-03
1.559321769064242642e-03
1.156270420013054325e-03
1.481203175530299010e-03
9.992020184163726698e-03
3.405379195121749532e-03
2.797138070970724318e-03
3.138655026189715938e-03
2.287105033302624761e-03
1.442674703372349206e-03
5.567888801721425363e-03
3.524426593827266647e-03
1.328431246599392525e-03
3.292195685390098773e-03
3.385700716825531392e-03
1.176641231209882158e-03
1.189743303577650048e-03
1.451253961564068391e-03
4.355294811592930887e-03
4.160487459735238633e-03
2.783693416962367689e-03
9.176876591009613254e-03
8.941935038074000364e-03
8.572382970416996678e-03
4.565206369200013048e-03
4.026647656224724252e-03
8.385833745428797337e-04
2.833502952591140413e-03
9.019997266895996707e-03
5.769468979025348457e-03
2.761769039054942296e-03
5.934553750371223887e-03
3.630630901512222654e-03
6.492524502659040644e-03
1.622989198000378275e-03
3.360497332417416126e-03
7.203681072225817314e-03
2.163615656639039826e-03
2.952105976597611814e-03
1.536086703446328840e-03
2.851807576850215204e-03
2.425248819175374743e-03
2.653145701925054521e-03
1.223947405114611097e-03
2.531596454528540780e-03
6.586170168146948320e-03
6.362793410862641920e-03
1.304137555145578730e-03
2.399015679930755797e-03
7.315572736594110580e-03
8.565626409355967322e-03
4.199113798024521442e-03
4.033959380016468102e-03
3.025789301107994957e-03
1.573226546807777061e-03
6.987012372814922073e-03
2.696173544619121995e-03
3.986069611469038668e-03
5.040349354734081910e-03
6.375871087192487574e-03
2.205379010061872709e-03
2.096395585052820455e-03
6.261227554509243495e-03
2.036032705528356343e-03
4.909244924318127354e-03
4.999396934919389870e-03
1.306709309196934848e-03
7.325322720880614313e-03
2.113152736924642054e-03
2.102918373531120592e-03
5.190477794174109920e-03
8.221470281554705368e-04
3.078318339431045797e-03
2.197384661738214714e-03
2.526285207031591165e-03
8.850895691741708302e-03
2.633558911331827096e-03
2.689121039644880307e-03
5.225859684002765251e-03
6.153724368417481591e-03
7.475467547288408565e-03
6.654257010374283257e-03
6.300194298332551651e-03
7.502391565574606860e-03
4.589918781696844530e-03
4.093424269084725876e-03
1.725221780616868110e-03
1.947692454044958315e-03
3.907120370903235246e-03
5.155161459160241197e-03
4.683197909873256654e-03
5.388603793425679814e-03
4.474004280714477012e-03
1.829284408699051847e-03
3.639878770556659315e-03
2.102155097164184767e-03
1.928535084908105822e-03
2.791598830377114461e-03
1.594757805317253887e-03
6.556094146646146772e-03
1.600919685223189297e-03
3.403012727989821601e-03
2.238694022849174216e-03
2.480451432771783524e-03
4.677380519659314791e-03
4.388026989657387023e-03
2.021893995091509928e-03
5.479649498169406399e-03
3.905666607055896349e-03
3.912489959559906257e-03
4.220600665123865405e-03
2.420490282823391411e-03
3.320038389853686642e-03
1.987843456273023692e-03
2.990696697562248568e-03
3.483693554016820647e-03
5.670324832307530212e-03
2.670231102971053899e-03
6.147008741532674486e-03
3.422215922525798093e-03
4.497565474064443326e-03
7.723977602530673718e-03
2.577092780475171048e-03
2.657037950756048657e-03
7.919240118840903397e-03
1.910149956233653549e-03
1.903513350711549552e-03
9.333900732857712025e-04
1.456887935827057799e-03
2.196169728081313541e-03
6.136995140647976896e-03
4.212717267105477864e-03
6.737248290396196174e-03
3.727472085059350959e-03
4.116380949505437162e-03
8.605932580065568660e-03
2.204930316278009769e-03
9.207817229255670305e-04
2.450562993795395682e-03
7.804698440570195447e-03
9.317680943204852823e-03
1.464516413694538603e-03
4.636037717705166969e-03
9.635750755802242190e-03
1.943692161685704441e-03
5.742194843539373712e-03
9.286172714619499516e-03
8.443761226137278322e-03
1.412933719252718046e-03
9.683591662277944365e-03
8.787350224465006673e-03
1.988886448246148572e-03
9.043757551116846094e-03
2.353002730892132712e-03
2.724578279138504915e-03
1.684958598662495517e-03
7.010911656204163803e-03
4.208421915974232611e-03
7.446214098139052918e-03
4.071318940318714372e-03
3.238641732092335107e-03
2.570017709282011557e-03
3.505366592688549492e-03
1.047013459518741918e-03
7.653460587647572914e-03
5.611185972904289554e-03
3.695859007805172430e-03
8.502679449510705534e-03
4.698951030419442829e-03
7.460663921639931230e-03
4.189804729386740340e-03
2.071224824701528838e-03
1.642329116135343627e-03
6.674426690581977684e-03
2.744184887205260853e-03
7.864779354596462130e-03
4.877174188272759975e-03
4.739263702381528442e-03
3.894792030091419159e-03
8.307917299929735294e-03
1.754818572427304778e-03
4.604073751724144931e-03
2.909774952653592685e-03
7.852427883273352827e-04
2.477698501211473767e-03
6.450436905181482217e-03
1.670156925213319918e-03
9.402292507088731710e-03
9.207287202856434538e-03
6.830892383237321952e-03
6.347605396336697056e-03
1.381542749615475522e-03
3.215948907164668628e-03
3.301723804125910721e-03
9.805980353941784466e-03
3.043635200250312256e-03
7.970777246564466831e-03
1.511129769504245858e-03
3.838711986156875637e-03
8.434040030548470290e-03
3.890858953064706225e-03
1.999671912693925819e-03
3.309108232130503896e-03
4.235519280216643381e-03
3.116706098258673237e-03
1.137495866983731854e-03
1.051886278418166093e-02
1.254149752644850065e-03
1.382100894584587653e-03
2.630173323364386022e-03
2.612939183408912076e-03
6.999448194325608684e-03
1.382045370485716039e-03
1.596261785437120802e-03
1.857496652428050317e-03
1.919066393719168250e-03
1.863031576592515288e-03
1.768992126234322955e-03
1.651176726431704796e-03
2.251620605893841793e-03
7.086643387376986066e-04
8.351731516673623415e-03
2.014318991678945743e-03
8.821016923578109924e-04
5.328473118316813181e-03
8.371652836529441463e-03
1.186430281681496741e-03
6.148835767473865774e-03
3.105792577726816488e-03
3.593717489239493280e-03
9.661227803066968489e-03
3.976679061538933128e-03
2.474275763884853114e-03
2.441371796961677547e-03
6.860947198589179008e-03
8.670158147055847392e-03
8.834897678110301827e-03
2.637726596034338598e-03
6.608442730256467237e-03
2.513598907680074466e-03
1.602730709774211320e-03
9.889952773694785787e-03
5.935147956655504806e-03
1.977510338798226484e-03
5.033863343965837983e-03
9.172386743135592380e-03
6.482360429105762586e-03
2.514366157509928361e-03
1.568459858607111103e-03
1.396544557140297653e-03
3.858037494220209820e-03
1.925240945294137392e-03
3.447159471234278148e-03
2.801595634522295424e-03
2.346367097748817097e-03
3.960992126463017127e-03
4.570109890778881363e-03
2.543971737536483181e-03
3.291526578911396599e-03
1.818014456237363819e-03
4.221559751517038432e-03
7.597747613013315637e-03
3.946486929871569418e-03
2.207655166579313918e-03
1.809816265615221340e-03
2.911398058189156555e-03
2.609110097663632812e-03
1.877053520279218417e-03
4.764466260100954850e-03
9.118692883012903538e-03
8.181524476985384264e-03
8.422687871957070232e-04
1.727485476049508799e-03
3.360468860986664912e-03
1.707140306927640641e-03
5.409441987109110672e-03
6.291959771566020890e-03
3.933355620003791721e-03
7.008805943442003236e-03
3.003496960839215080e-03
2.800416593541361909e-03
8.519110780379503950e-03
7.155593876714752902e-03
3.811292074958402311e-03
5.839717779111762430e-03
1.472084121582836920e-03
5.447127631638052150e-03
4.840252005047103109e-03
2.458685609020295516e-03
5.372779600753352716e-03
1.999420359693347606e-03
2.454775035372597398e-03
4.189521727738199433e-03
5.968676725693610255e-03
4.343932962759183142e-03
6.707156561532577957e-03
7.319263032255725332e-03
3.334535049880911050e-03
9.532901056303281356e-03
1.540652417399115265e-03
2.618960380605034506e-03
5.435544928404986188e-03
1.414503034006716828e-03
7.079829308233101526e-03
1.266141913230853493e-03
9.711490490687715860e-03
8.248507234818715228e-03
5.842208209510684619e-03
4.200887408624637970e-03
1.307748909539472454e-03
5.700749499939618964e-03
2.036310903924785226e-03
2.162748318356006848e-03
9.426114039669140562e-03
2.671313376296425256e-03
9.110442777856653934e-03
4.651242489671430884e-03
2.121124282956984505e-03
2.505168847173517427e-03
1.974901185158467378e-03
9.918805686445853007e-04
1.880389273456067574e-03
5.011058137087025417e-03
2.935589355371085157e-03
1.865173676971633616e-03
7.394060086124046305e-03
3.127681842207254669e-03
1.229983067704485278e-03
9.581619972994774581e-03
5.252803968184492113e-03
9.021346769894713485e-03
8.332398149487000444e-03
1.579593265915898038e-03
1.060422333635843012e-02
2.007997539027174972e-03
2.240574490446098615e-03
3.641131663894322038e-03
2.460424946552228209e-03
7.701537281792633985e-03
3.646639026408717357e-03
5.329110625512287550e-03
2.433684617758123930e-03
4.972748083623608831e-03
5.940169551871666773e-03
1.031369342747716356e-03
3.830286209178709964e-03
6.767654483515799999e-03
6.563199363342870143e-03
2.482044690558505001e-03
6.860312368091267023e-03
3.390554867801405872e-03
5.869370304121184455e-03
2.566012449195347912e-03
2.105843951097669843e-03
3.969580157129712350e-03
1.987821281016237916e-03
8.630465037990173865e-03
2.033096793601952244e-03
2.024772515351195516e-03
2.513090004079000100e-03
5.998838401187324074e-03
1.500297802521188871e-03
6.568592552630144604e-03
2.580668772305031930e-03
5.626516095045035887e-03
2.011308090389091457e-03
3.989660523092655037e-03
4.928281150798910319e-03
3.527275728619074652e-03
4.948273664803646589e-03
4.043585705978730918e-03
7.221090784121668091e-03
7.054805723282015807e-03
1.920505875060925932e-03
2.843482956806112245e-03
1.345599027245925408e-03
5.032512229043266394e-03
7.020549768022434772e-03
2.226602490173530506e-03
3.871755021888906214e-03
9.279039166062395816e-03
5.233460809341986333e-03
3.918319428419046735e-03
9.629144469572041912e-03
5.936567784586520118e-03
5.626472346417586007e-03
1.330284699817918179e-03
3.414581181750398452e-03
5.597936931295309504e-03
9.598235801504564207e-03
1.174261025649252698e-03
1.815161810361808070e-03
7.764060441524823358e-03
6.863901277644399168e-03
2.472357057851140225e-03
2.918936833402978586e-03
1.969038260429194914e-03
9.400526952647977191e-03
3.259801128044763265e-03
2.970107423236413840e-03
5.186919814433732165e-03
1.655610936071637805e-03
9.105988862145981098e-04
4.769711580377630766e-03
6.776917079994769846e-03
4.186187919626684767e-03
9.700092822592395678e-03
2.706197051453212814e-03
4.105182089591990699e-03
1.795317362912078477e-03
4.287034575471439062e-03
2.807980522865443501e-03
2.625241166216565197e-03
9.423944257261881790e-04
1.235891105491943335e-03
2.403025654293475775e-03
1.364790081003195094e-03
6.986055786017291748e-03
1.933682511000453042e-03
8.112138507425065148e-03
4.454411365025940164e-03
1.782385820847473589e-03
6.195927457192978299e-03
1.094039477699200718e-03
2.806127150115046535e-03
1.074031757908129950e-03
2.466869923746166805e-03
3.271493619690271637e-03
2.449775499492670705e-03
1.177204613885213334e-03
2.738477653746565141e-03
2.647683971353845082e-03
7.740281677784907957e-03
4.742599074824659609e-03
3.242341435922740760e-03
1.663520040791423554e-03
9.722064929714842318e-03
2.243095418057699207e-03
1.282628841258156736e-03
8.795800378763325711e-03
9.520871015288688913e-03
3.527196511424505847e-03
1.581530348286826725e-03
4.502881029066299959e-03
2.042937197796003846e-03
4.212425677540019425e-03
3.278080689916902310e-03
3.517621996625012841e-03
1.703720198549962860e-03
6.804006839821099412e-03
8.092629596395298219e-03
3.691993293109291797e-03
1.306393229887939291e-03
1.168024950236097636e-03
7.260628982056416963e-03
8.797547243779782131e-03
8.398305516285134442e-03
1.662867418307752317e-03
2.155887260217128655e-03
2.530194561335371781e-03
1.060610244147892466e-03
6.758592278907696316e-03
2.864342812248556799e-03
1.506532573053581681e-03
9.882504336029575981e-03
2.995766249312246596e-03
3.594113233150442437e-03
5.249848437009664234e-03
9.728696901583809564e-03
2.310262268147610445e-03
6.899572545744333055e-03
2.574323298758901188e-03
9.313816068115116781e-03
2.116808127112602099e-03
2.525995236600407298e-03
3.054713523799918937e-03
2.854076987399203728e-03
1.450339436988133971e-03
6.470451709636100210e-03
2.229395144656406980e-03
4.406515268526584386e-03
2.116347147525035350e-03
4.713795829202187607e-03
9.501699692861366106e-03
1.718162301700464599e-03
3.128447418827649124e-03
1.835737241604724988e-03
6.513824493746199831e-03
7.743840822718369224e-03
7.879513175061966107e-03
2.915532354392662111e-03
2.434851164623408684e-03
1.262875108585315761e-03
1.212914589522329006e-03
2.776260153882417672e-03
4.931164267048546504e-03
2.473683875921627723e-03
8.398461859482926964e-03
2.164606677679180476e-03
3.296728685408375527e-03
5.495312749615225388e-03
6.873140169993844327e-03
9.227417834887802900e-03
7.581812978465028025e-03
5.053897837601972060e-03
2.798431414920343405e-03
8.648097263179577512e-03
9.161047475344373525e-03
8.126667285740480501e-03
1.875422959764636108e-03
4.939890585125479919e-03
9.804155822446319543e-04
9.352256142423593516e-03
8.371403326332333902e-03
7.124759202501467457e-03
2.466752326344701270e-03
3.827037841324230048e-03
2.110390258636421490e-03
1.881206489804363152e-03
6.578400100845557472e-03
3.106794029994471712e-03
1.503539291114122742e-03
4.379857542360077877e-03
1.872494248170083163e-03
6.996543817897081692e-03
5.523087854403719091e-03
7.049000706434242411e-03
2.274507325985259450e-03
7.646117837061712497e-03
5.204573121987648814e-03
1.712584870516350478e-03
4.811155808788394016e-03
2.798655418928268530e-03
2.014033153390056008e-03
4.434160545289958510e-03
7.317313071549161330e-03
8.005045429538462654e-03
1.033816812407870912e-03
2.114464653502687655e-03
2.107909544319287384e-03
1.636844982626793881e-03
3.115819840890420803e-03
8.154438273944644711e-03
8.581576517064622503e-04
5.117854963285890096e-03
6.690555264948849258e-03
4.007402817015085113e-03
1.859579861120639731e-03
1.254113614268480541e-03
1.918642568310772708e-03
1.522187722811244818e-03
2.333779831183253970e-03
5.097685547228964636e-03
2.208175157502302154e-03
5.637516472920734226e-03
4.743440714176816453e-03
2.949477789638752651e-03
1.308919021873628744e-03
6.555803872076932173e-03
1.499062316210539314e-03
5.750584454686906606e-03
1.863658712339086396e-03
5.369616334489153188e-03
4.868974872663703324e-03
2.840979178467937898e-03
9.070945701784185848e-04
2.809088859152293963e-03
3.117733518184216158e-03
3.367790145807190820e-03
3.012356140076953830e-03
1.159410034925160244e-03
2.640868581294488447e-03
5.749507971759664111e-03
6.191203460927855937e-03
2.858738656872214165e-03
2.123053947878922668e-03
2.275855531335615502e-03
6.818285540736487155e-03
1.469840050686144770e-03
5.478614421728303027e-03
1.571950373588583156e-03
1.023086041736029003e-03
3.568453274906271434e-03
1.051475444672683723e-03
4.709904373519918988e-03
1.048660876144108306e-03
1.929162019680431221e-03
1.952824656285380130e-03
3.114810667297194906e-03
3.977967069585959178e-03
6.211632633543810213e-03
8.786203030848531437e-03
2.264841763749757958e-03
4.841912388353863256e-03
3.994889397066605022e-03
2.021836416104462030e-03
3.448622812358670929e-03
5.852360890685361430e-03
1.733854808089098408e-03
4.284274693919613852e-03
8.028774808514362038e-03
2.904654166203942973e-03
8.844149586838063321e-03
7.866129318761176659e-03
1.401387219131558200e-03
4.244109287310839432e-03
1.924861568423004996e-03
5.227634339086998164e-03
1.729163530109666374e-03
7.305589731198219514e-03
4.074191021168928166e-03
2.180535954074904522e-03
1.591666879423988970e-03
9.145219618876779255e-03
6.303351408724294433e-03
6.734019437426437896e-03
4.450369317079811218e-03
2.489181557564783872e-03
1.582623318399788972e-03
3.134880301673739419e-03
1.636362925178043480e-03
3.006741699521687811e-03
6.694965598203026814e-03
9.998044037710152043e-03
3.212916301405693061e-03
6.449301635717502243e-03
6.968252334632151282e-03
1.845977446913357398e-03
3.790749072421803305e-03
1.301563566998576501e-03
1.365768042230435138e-03
2.111689743078674041e-03
2.264445205201317222e-03
2.254043787822861480e-03
4.767943463050064619e-03
9.050196623421147973e-03
7.342259528232983681e-03
7.859339489828321909e-03
2.722660513300175378e-03
3.141181264303313878e-03
3.052699738911945383e-03
9.042632945036897796e-03
4.769632376823662763e-03
1.405416129238214141e-03
9.669069245363988430e-03
5.175204970409640753e-03
7.261439189292914417e-03
2.549369279565106856e-03
1.223000531823367591e-03
1.203789658297000926e-03
4.432699591802543616e-03
9.001697703056225561e-03
8.870335047600690992e-04
5.341037328314382493e-03
7.234559178223534670e-03
5.264193607573706968e-03
5.562927810134788743e-03
2.269214358663953005e-03
2.206265343452011845e-03
3.651602189567935020e-03
1.027833393900439091e-03
5.525564329922110635e-03
6.545108711830801770e-03
1.267651120882934152e-03
3.793560190639839493e-03
1.365988427345847783e-03
1.310013074152276396e-03
1.509636503593775585e-03
3.872336673032421555e-03
1.138076360114981039e-03
6.989640075324563516e-03
8.283979928625477204e-03
7.863411104034018217e-03
1.343327154372293223e-03
4.150389333868493603e-03
4.306718737370247505e-03
2.075386497749622146e-03
8.436201930869618310e-03
4.771644038354489088e-03
4.741423871646947147e-03
2.582641811958139716e-03
4.866029645603195918e-03
2.449494285225907973e-03
8.983732053640834311e-03
6.507345234098078045e-03
1.997509522657265300e-03
5.538496166133481495e-03
4.718978438215008092e-03
2.343486975328982168e-03
7.919533460078443526e-03
2.374325781240296460e-03
5.293282651405054745e-03
3.831088692977747956e-03
4.164598522921703593e-03
1.863296366276957512e-03
7.674690178334340855e-03
2.679234474451856231e-03
1.008288450555411796e-02
2.410746391527367020e-03
4.399749129939197964e-03
7.643211748660548935e-03
1.919553788531866813e-03
8.212347360347108105e-03
1.108649905572408473e-03
6.305403727734732941e-03
3.253324963338698889e-03
6.413798662201315552e-03
2.372355627815225625e-03
1.774225467532013472e-03
5.673992853089460282e-03
3.053607015540434240e-03
4.379869314384868609e-03
1.156554304344342872e-03
1.996152051238662788e-03
8.079562344357756054e-03
3.874654187549145864e-03
1.453261296919597378e-03
5.087295973540961747e-03
3.164919024936035420e-03
1.942394566790042482e-03
5.978838815822190393e-03
6.295498770152466173e-03
2.254166576751782339e-03
4.295236840801249824e-03
8.498922419299208969e-03
4.537588061012010066e-03
3.991297130030845020e-03
6.687890203781275862e-03
2.507617029559964898e-03
7.086632154334651656e-03
1.459562578382213403e-03
2.057697214187487449e-03
1.740040742458252854e-03
1.720562106428018007e-03
6.319592936507274251e-03
1.604326379026880731e-03
2.607868889904195204e-03
8.871969651936699452e-03
9.971712594839727585e-04
8.028571022721076728e-03
6.160916763458963372e-03
3.297945411216282856e-03
2.034841910323974094e-03
9.266693208460036885e-03
7.031319276026440704e-03
2.678916828855457729e-03
1.779673784314574504e-03
1.861786884624985067e-03
2.966992073299939796e-03
1.223191904711502537e-03
7.487964242172712170e-03
2.206675607135374917e-03
7.970236934740932561e-03
6.561710782398674606e-03
1.576901825278738921e-03
9.774488608564795358e-04
2.113631812081938517e-03
1.137787525307321643e-03
2.778774013931063248e-03
5.452684861143300074e-03
5.375203243658827762e-03
3.050093356263944375e-03
3.057726508853807375e-03
6.883394710787051757e-03
2.725542434925897449e-03
1.331690546789991280e-03
3.524224074853270997e-03
3.037936410161813563e-03
5.151731100424328247e-03
5.914731185187214850e-03
2.475378830370268506e-03
8.106312257234831592e-03
9.304855871825926453e-03
1.322158444243328899e-03
2.842757981775061431e-03
3.259144640123341763e-03
2.067415863697837173e-03
2.481091476709671242e-03
1.137074792853342512e-03
7.673880680458008627e-03
2.292936516603487178e-03
6.956894003254294329e-03
8.082891108493018423e-03
6.936387469394449980e-03
5.587068454855325002e-03
3.597181854445426381e-03
6.879823263214724510e-03
1.384901091521519977e-03
3.187699646718689019e-03
2.672651331964970983e-03
1.651958305199048571e-03
2.039795565040578192e-03
1.431858765406985451e-03
7.933159306146568557e-03
1.576375324992230478e-03
4.188238579812507412e-03
2.198217085630465965e-03
5.562386934293644947e-03
1.487457395696320300e-03
9.419670420357942678e-03
8.370137184008705558e-03
4.259003091015754749e-03
7.066972757468909135e-03
3.513225904176178402e-03
2.045598210622642625e-03
1.598270827013506448e-03
9.358934506730608172e-03
8.394858130398717699e-03
8.944075305536425269e-03
1.806310245488825005e-03
1.679747683690267258e-03
1.007040834097159589e-02
5.966543263898145891e-03
3.581204270886603237e-03
8.566524756098085891e-03
2.212371455378330833e-03
5.007762903012583783e-03
7.174071856729132696e-03
1.019521406898600893e-02
2.118106363898590323e-03
6.204406707263256625e-03
2.127313939023233336e-03
8.440016342094418603e-03
2.860956743797038286e-03
3.847085798092846239e-03
4.215691667442412680e-03
7.005161541123249708e-03
1.941118765578948033e-03
1.891614295882713091e-03
5.458007980303254333e-03
1.313754161065039871e-03
4.267180290254008086e-03
6.584363827387823380e-03
5.040395331693654779e-03
4.187086049164269463e-03
2.091036305356851026e-03
2.550942241286472192e-03
1.541993232282968217e-03
1.638554773250960623e-03
3.845054309800863875e-03
2.483988047113324001e-03
4.560897308452200802e-03
9.228307325547357998e-03
3.017588396384197468e-03
7.388453163518469285e-03
2.490678499995725020e-03
9.692578337200450159e-03
3.590471509195793196e-03
3.036077889234923850e-03
9.015849153657877479e-03
9.397876332907832697e-03
3.397736064907310588e-03
4.621581521615177740e-03
1.706341113114415511e-03
1.562187171114810293e-03
3.139774235595078726e-03
2.282268973223685726e-03
4.218341392243547990e-03
1.466940605518860224e-03
7.824136125162986510e-03
4.014246556912748516e-03
3.220771395285411051e-03
6.020989385086076770e-03
3.322315405402333395e-03
1.683832704033993988e-03
7.390602122718433961e-03
1.567621125756944733e-03
3.646190344020072954e-03
4.044820978881970459e-03
3.364627277324090150e-03
3.241523974733778561e-03
4.395917661744585397e-03
1.897613231047540292e-03
9.036921367117483825e-03
4.588765645847687688e-03
2.756621577965908537e-03
3.210408867692019462e-03
5.269957269678227259e-03
4.558638686600360174e-03
6.654526693868883375e-03
8.802598616194484346e-03
1.608539089308074366e-03
3.179987407757829676e-03
1.319211977741648317e-03
2.701273654144087551e-03
1.702615140656551281e-03
8.248792986527548471e-03
5.411122440229877706e-03
1.975062960196012629e-03
8.004084888857995739e-03
3.576884599467133278e-03
9.229249494082414004e-03
4.880636748055385693e-03
2.544104314135378457e-03
6.158296661727882294e-03
4.087750148888739249e-03
2.171592718299484095e-03
4.240145492288925622e-03
1.729346076152239557e-03
4.388415280258600726e-03
2.442995839970185743e-03
9.307296605870606782e-04
6.791509034648953239e-03
3.631233374903340347e-03
5.347430587446440689e-03
1.927665544415372223e-03
2.217792429855944790e-03
8.520207040759328332e-03
3.296830950747404142e-03
2.776904288385679230e-03
3.618992050181955508e-03
1.482467033094145813e-03
9.171542285925451260e-03
4.257155988938247579e-03
6.765815563168955590e-03
4.502906327631018765e-03
5.843341623561957437e-03
8.514202621088871967e-04
8.156838343407055852e-03
1.574108214178345910e-03
4.346751959950239351e-03
3.931468037596849707e-03
2.240337411441564210e-03
7.010088617778855238e-03
1.802160708689133552e-03
8.652905006168564589e-03
2.058889005293573250e-03
2.673649762254764681e-03
3.402827907224152335e-03
9.672846622172010661e-03
1.898454484311653872e-03
8.562582788739340339e-03
7.254873301832203553e-03
1.536978865161169744e-03
7.209144883765054856e-03
2.101171346030657455e-03
6.470684133439543254e-03
1.955500707634555760e-03
1.832320684581144939e-03
2.535085353004099765e-03
2.126947839483544003e-03
1.829559495061059988e-03
2.476740003943218426e-03
2.143955626370360433e-03
1.754598865831789520e-03
8.187571248576743649e-03
1.563390518107854801e-03
3.877492503035125885e-03
5.703793038722662634e-03
1.367660960741652826e-03
7.703052826605049329e-03
6.269810987001788252e-03
1.351777066246485047e-03
4.691990764858345112e-03
7.835709983556883237e-03
4.523514535597782452e-03
8.254351992622607423e-03
3.988205061222880807e-03
4.233846951276985446e-03
3.262888665420427339e-03
7.959896869654549054e-03
4.582066316052613858e-03
2.537671712274125989e-03
4.249616727129764716e-03
5.326393732363095962e-03
1.454389395880471142e-03
3.042188001122021236e-03
1.235601084403295568e-03
1.478157342904475556e-03
1.247112657863216683e-03
2.633160215941022717e-03
8.032989145135220610e-03
1.981628441510844413e-03
1.976459315004208336e-03
3.608859350005593804e-03
5.515999758609370363e-03
3.644957099021801060e-03
8.905281304874544147e-04
2.693662377433535260e-03
7.996263599040622644e-03
5.645376808831398252e-03
6.564907715645293927e-03
6.772946135642013421e-03
3.772943452019935761e-03
8.643326785951108669e-04
4.026688286211500302e-03
1.152421936750881769e-03
5.650952032951201548e-03
2.740057687940137751e-03
7.694855999406564895e-03
1.774020571783984160e-03
9.277351738424925026e-03
2.535575464598255249e-03
2.765364294122524269e-03
2.218023902459503351e-03
3.674471082096786301e-03
8.521791419812503252e-03
2.928803805484997500e-03
2.037823071388785313e-03
9.160264235325777521e-03
4.019188985043392268e-03
8.888253063112461910e-03
8.193845992463744815e-03
5.791872235008163963e-03
7.790550839566521592e-03
3.482202831935904928e-03
2.711623028835093846e-03
3.629565312611101463e-03
8.068606762470722929e-04
2.384858834366701714e-03
7.905864205948815587e-03
1.288727382119269965e-03
5.931247577143704958e-03
8.753117932990796962e-03
4.751689556170245188e-03
7.768063593764286401e-03
2.220329259555962713e-03
8.314428575320685633e-03
3.494728240485901489e-03
5.084780820654431245e-03
2.541061203615236058e-03
8.601194297773846753e-03
1.239198739937281968e-03
3.284378369449520146e-03
7.064474541301131796e-03
2.285654457719632406e-03
1.926536943241544510e-03
1.072310795032198425e-03
6.175571965291962173e-03
2.400723643068887643e-03
3.076808289210922025e-03
2.578063579083376099e-03
9.431593310425475524e-03
7.262393838680339386e-03
4.303279107102465917e-03
1.975604956810533309e-03
5.093832580158967269e-03
1.236898114869961363e-03
5.082679828492536397e-03
1.329695828060268453e-03
1.045175348539348001e-02
4.295884993149911082e-03
6.279999627660248079e-03
2.434764964743569605e-03
9.319523546439336184e-03
8.663925044610921999e-03
2.666090231404028184e-03
6.617906697825907958e-03
1.546076826419240727e-03
3.636424438460561341e-03
2.887502315315376364e-03
1.744220522096237872e-03
7.817252178777794880e-03
6.512372635070933120e-03
2.713352651202786611e-03
1.984972381738531189e-03
9.710295493359152874e-03
4.986997407807419735e-03
4.162562107184830315e-03
1.574327668348975921e-03
6.085177652800944151e-03
1.636542581367046462e-03
9.804893804238237059e-04
2.042221706471475818e-03
2.868914704075773564e-03
9.554448970793300022e-03
1.716220589410872828e-03
7.391186290600501238e-03
6.651716544687736113e-03
1.541574619002396632e-03
2.367539096555314193e-03
7.665739583967051338e-03
8.367323862814628199e-03
5.331674779326693245e-03
2.114116092317847896e-03
2.779037875571044747e-03
1.347212922347259091e-03
3.733694814802747050e-03
8.891924669655132396e-03
2.988217036378273267e-03
9.685062873919015637e-04
1.745047236452380683e-03
2.548456255893373924e-03
1.279896052470696176e-03
2.194108183804400689e-03
4.406421547181961842e-03
2.657186125030503061e-03
4.667146989827297872e-03
2.548398423085155781e-03
3.461897039177560739e-03
4.154890103364897863e-03
7.316659071094784236e-03
2.923998836445347582e-03
5.676061183894839934e-03
6.706594075581006481e-03
3.550531278966023892e-03
2.513785174797301784e-03
6.897324639735717342e-03
4.801123145213679645e-03
7.599288022922839891e-03
9.863051586074474825e-03
4.354378139469664878e-03
2.381958250467748096e-03
8.128289685172712317e-03
6.336006927430162111e-03
1.499452709689054128e-03
7.593989541402406188e-03
3.179959721484561328e-03
3.476544460735793516e-03
1.175337680762449273e-03
3.323820449731746535e-03
4.338172389278539473e-03
2.263506559489635375e-03
1.631794216462390760e-03
3.808541585938935749e-03
1.501532955340320174e-03
3.728948459725539913e-03
6.862520876469840707e-03
4.479811187577123315e-03
1.681535442879618673e-03
8.936635736202746400e-03
3.303555210258039831e-03
2.446579166386200332e-03
3.315254615812616729e-03
7.210796542237156437e-03
2.115820194100454486e-03
2.557597656018194190e-03
7.512170635611952266e-03
4.553834317469288365e-03
7.699812632466077229e-03
2.769506793165264508e-03
6.801515438059382336e-03
3.976723069760807958e-03
2.260075520548390261e-03
2.664794090896199265e-03
3.717861314857588174e-03
2.401358474993429276e-03
4.910209581950451818e-03
2.005479874352695830e-03
3.272236054904280322e-03
6.646365176293503665e-03
4.690399247689788428e-03
6.074693942609926678e-03
2.464689606027308140e-03
1.282317999708183255e-03
4.352750838422446769e-03
1.781500068851471280e-03
2.165279765129304521e-03
5.688398725872702982e-03
9.013276617822519460e-03
2.652680202576034214e-03
4.360795199337198433e-03
1.963021369288381682e-03
2.161325232243995267e-03
6.939094819956371715e-03
1.811910880249512079e-03
8.745322165791951166e-03
2.634881825565876454e-03
4.061082389811438050e-03
6.030364614919152787e-03
1.902644369537969228e-03
2.361370584303438755e-03
1.084308741164230873e-03
9.466043411977338035e-03
1.680464668757287831e-03
7.428759563354553168e-03
4.378540853294895889e-03
3.778022733122227226e-03
5.260311070861603197e-03
1.012407152287325652e-03
9.793704799204369649e-04
2.632276588407661804e-03
2.260233141684971862e-03
5.523533092372863440e-03
3.671493387687799030e-03
1.628450275077141223e-03
6.926822744396281609e-03
1.654693954752127234e-03
4.274323688772068905e-03
2.489957282300322549e-03
4.398663300694233107e-03
5.049741156036903836e-03
5.104935427355580292e-03
3.584076248297990517e-03
2.068127873236024188e-03
9.560154621910713427e-03
2.095109671663691626e-03
9.134214289838304274e-04
1.703998860292241929e-03
4.961891764750894079e-03
7.385736154794792820e-03
1.679162464486248828e-03
6.975473681285907293e-03
1.348423534678065347e-03
4.723874946970077308e-03
9.855476933142558182e-03
8.892524747597309320e-03
6.401656617201741464e-03
2.438333847361582370e-03
2.659764938509110929e-03
4.359302242455094858e-03
8.207288338255687432e-03
8.289644872899893518e-03
1.885493302705631416e-03
5.527708338032524815e-03
2.843497711607440026e-03
9.091478471343223192e-03
5.237477834598935900e-03
1.667775219247075169e-03
2.606318489509313122e-03
2.660136615335677822e-03
9.119894517186307586e-03
7.303144402127871061e-03
3.339726224326290942e-03
7.897989692576132953e-03
1.514235846191592984e-03
1.652606411666526429e-03
3.497151765498151404e-03
3.277701687888394302e-03
5.056880788962455839e-03
2.157977154105497185e-03
9.633322830024716212e-04
7.926929931923112557e-03
2.900091377159493347e-03
1.229155875929515990e-03
4.033101834771553838e-03
2.378968912381726128e-03
2.161729211386193526e-03
2.200586078462901142e-03
1.648994657829073746e-03
4.408838698189651920e-03
4.866486742890053022e-03
1.684049426187322375e-03
8.894577932242360430e-03
1.220763547585135798e-03
5.409212156284047383e-03
3.351029967395814223e-03
4.260637887732935183e-03
9.249054920322536538e-03
2.733607637460274548e-03
8.383932117857546829e-03
1.633100575526423136e-03
1.308882797888031614e-03
1.890908558644874456e-03
5.119647202903993694e-03
2.656114774427901365e-03
1.286150358159161844e-03
3.523915437347948081e-03
7.938620574043332365e-03
2.437690898251263470e-03
6.395188139948443894e-03
5.445364465010748938e-03
1.988143053950882332e-03
3.363880197291920730e-03
4.230682630312445833e-03
9.112248411688537303e-03
1.909630555444027196e-03
8.962990399069802050e-03
1.760556589168418840e-03
9.844927846279081379e-03
4.592543949758437841e-03
1.164149935880300080e-03
1.817283895792728456e-03
3.237557159178862214e-03
2.505053627254967292e-03
2.646443804954364508e-03
1.555585535114411937e-03
4.449727719265754271e-03
3.084433625657579704e-03
2.473943044934279537e-03
3.731577561664338114e-03
9.514427666695577865e-03
7.926349251046132735e-03
3.116000294308601207e-03
6.531771849996679397e-03
2.745095456881785356e-03
1.002575400831518318e-02
5.694188926919500557e-03
3.240373964366966009e-03
7.030838094334763283e-03
7.315764196482126350e-03
2.508414269656322054e-03
4.042696941186483053e-03
3.732598224582673804e-03
6.561657896308855514e-03
9.529044492251770998e-03
3.057808194896108767e-03
2.340438022066164241e-03
1.116772380650261996e-03
4.596372405813144851e-03
1.913250882353949908e-03
1.617108665098443247e-03
7.392817734760517498e-03
2.073917702534393281e-03
9.075931539715930557e-03
2.364105345805274632e-03
7.346471934051905517e-03
5.393307119843303646e-03
1.363068689941467505e-03
1.689527667839194882e-03
1.968414513781946602e-03
1.346117643579031187e-03
3.281877432940981561e-03
6.589095110716808659e-03
8.871576239491901078e-03
7.063377300016611404e-03
5.530343174536616994e-03
2.321841957602495399e-03
3.765639814614378002e-03
4.796530308168850051e-03
5.587398424962190802e-03
2.173083966551589766e-03
2.509835956410614525e-03
8.204525470757659256e-03
7.851235611239511941e-03
1.597061149077252159e-03
7.176252905029387522e-03
4.387436647614826116e-03
1.957573679698793555e-03
1.052179047861737885e-03
5.996354049739598471e-03
1.372483522275312487e-03
1.505748124020559343e-03
2.078294757423382322e-03
2.345234191514457799e-03
6.971165004149857194e-03
2.951211580563365203e-03
2.207228757043576146e-03
2.460413688060708939e-03
9.882541024997189977e-03
3.044271722196142168e-03
3.207610524232671224e-03
5.472935682426317665e-03
5.399515093266245118e-03
1.344148362810323322e-03
2.566825487333714191e-03
1.322497807367724711e-03
1.476669922734210987e-03
1.009393936427525722e-03
9.126561029412897513e-03
2.222146296602716710e-03
2.991450892097625904e-03
9.808050808820514485e-03
1.419544884404181197e-03
4.745690670091172111e-03
1.897402695399680837e-03
5.188189968689523729e-03
2.421052399171313985e-03
2.723873392043048118e-03
5.950433645490181903e-03
2.965373538818406006e-03
2.041365619154125819e-03
8.384267425263302806e-03
4.997303788422936127e-03
4.831412074701764078e-03
1.977502666882755954e-03
2.257945472010846992e-03
4.714118621445852891e-03
2.287882346856612639e-03
8.114913177687452933e-03
5.995122191269552578e-03
1.446893788920441438e-03
7.529025935599599484e-03
2.182330205973031720e-03
7.656235797032272597e-03
9.152789298666454132e-03
5.819000719065163703e-03
7.172716447031834280e-03
2.500775974145130233e-03
2.847644677658640010e-03
2.989244263969321504e-03
6.506660424004467869e-03
9.098091042744310686e-03
3.516385021818679152e-03
5.526740187351744833e-03
2.853104022283323160e-03
3.222007923743305195e-03
9.221088594243854325e-03
4.751955240304000204e-03
3.598131002596528967e-03
6.213008352793627544e-03
5.165804948965272217e-03
9.035454162894628397e-03
5.245606139460538483e-03
2.086775892358964414e-03
3.815081361889296856e-03
1.568474677572865260e-03
6.780826289461663187e-03
3.221052411497390272e-03
9.962012702817314019e-03
3.865897696849051636e-03
2.733361848322599357e-03
7.370125961450547589e-03
8.144913721689817435e-03
4.164546571926754093e-03
5.783480959156071105e-03
5.193893470764686555e-03
1.421063189814283836e-03
2.823705290106998892e-03
2.740580658324843263e-03
6.273834452273236925e-03
9.106148902877699361e-03
4.815974116537375879e-03
5.987164965770636754e-03
1.476331954978160783e-03
5.828802138108855196e-03
2.296716451366926336e-03
1.803966088016740977e-03
7.295266050940618814e-03
3.064221368533557623e-03
1.193493750188357079e-03
4.086964135769737688e-03
1.400674430360581563e-03
3.176491474558779029e-03
8.385702659462890632e-03
3.142813524313439397e-03
4.092420887829987738e-03
2.575401065900883874e-03
1.005341294104711162e-03
2.620073813486405515e-03
4.784255868950520324e-03
2.761628499119444038e-03
3.618655741025180589e-03
1.753200363177609628e-03
2.492375343799486075e-03
8.236585050928372023e-03
1.757919879756046589e-03
1.017190580726916316e-02
1.083125400012286636e-03
9.100845195281174679e-03
2.002961916188854101e-03
5.612643120582368368e-03
2.623085426819648461e-03
1.855516040925492792e-03
6.933159204798832777e-03
6.880107565997469268e-03
4.656736561467129595e-03
6.514324918252904426e-03
9.703020530093223357e-04
1.694750416812492149e-03
2.407281956781012755e-03
1.728541112076879783e-03
6.816196871633514558e-03
7.488579503894445683e-03
4.038752506622414647e-03
9.688332800155585040e-03
8.249482684115785544e-03
1.392123875612451787e-03
3.827040123816902346e-03
2.463720092920365385e-03
2.007741531741389154e-03
2.026111749904674960e-03
5.851348259988280176e-03
6.673114686201607644e-03
5.311113447913579609e-03
5.487280149224540472e-03
5.815598393633503345e-03
1.036307336618489360e-03
2.720504413698231379e-03
2.829987195920315082e-03
9.197649927993524488e-03
4.291518919776412394e-03
3.559664241182274383e-03
1.501044241119518655e-03
7.730579634048152966e-03
4.965826411904826661e-03
5.339006829538759172e-03
2.940845568431571001e-03
2.672034559089839310e-03
1.944535758843509571e-03
4.083385749426918232e-03
8.072912918637518281e-03
3.740195202892270237e-03
7.769749833272034979e-03
1.434730068978608795e-03
1.961456121324642483e-03
6.717178054109687081e-03
1.594411265838205404e-03
1.834627220948433510e-03
2.257303717262121225e-03
2.715321018136367982e-03
4.686445422218101647e-03
1.895045953401394657e-03
1.649331974816265877e-03
6.420184413270291907e-03
3.133962801064895960e-03
1.307865478380512789e-03
3.984051677677029682e-03
5.701401949256420035e-03
3.681789851570431774e-03
3.981213722227829564e-03
4.433942711278761328e-03
5.987845764568029000e-03
8.646889453222148664e-03
4.136025198636801223e-03
3.758064315068588169e-03
5.274764879278805510e-03
4.157267588662505106e-03
1.016799003129500827e-02
9.219835927786902002e-03
7.899006135626444186e-03
2.485110843749761909e-03
1.706436531019237673e-03
3.036672428486942351e-03
7.470155913897462939e-03
6.887425121385482366e-03
1.940043633718525808e-03
1.918542942961723105e-03
2.546220099006810209e-03
1.836993723730896699e-03
8.497576227635318322e-03
5.560212349553631840e-03
1.019205613145252477e-03
1.905028313215167144e-03
5.271262640580849299e-03
5.682684755052059417e-03
5.052490205873862855e-03
2.998959573472682362e-03
4.860287968259776638e-03
3.273041004378209138e-03
1.019603960442901211e-03
8.972557665216826864e-03
1.112292032237584749e-03
2.626065846142494088e-03
1.294001405498862271e-03
4.542766893417886712e-03
3.184253825699786926e-03
7.365413297018423219e-03
3.594580312295774308e-03
4.215242913824048671e-03
8.059912686042315644e-03
7.197354784451781735e-03
1.864216706663963594e-03
7.460739591084479191e-03
6.615228301996161492e-03
1.683132284777072961e-03
7.110031676587484119e-03
1.675147515087860046e-03
4.779730205204561072e-03
3.650953181152366729e-03
8.285304206566208862e-03
8.858148522348924248e-03
2.380344304054413107e-03
3.031813989909759588e-03
6.733929533020290709e-03
1.842503466094293912e-03
1.139390877505208578e-03
4.537503458092572578e-03
8.580023212047612098e-04
4.273189019676514044e-03
2.620702926036219856e-03
3.988616666897029303e-03
1.467276726567697713e-03
3.207983737110156088e-03
2.954726377333244045e-03
2.822138500777103889e-03
2.082278529183145127e-03
7.933973218786010556e-03
5.065687913777233709e-03
1.936168296376800319e-03
7.517086048030764342e-03
7.210035791007847819e-03
1.967378010206054413e-03
1.158372630376127560e-03
2.962188557944192731e-03
2.635269238666659332e-03
2.662725916703191122e-03
5.584700050028871404e-03
2.404891502494271166e-03
8.876110791948745721e-03
4.897655048682793798e-03
1.531424454355273437e-03
5.747616653311136622e-03
3.272463418748848725e-03
1.879396819545613639e-03
1.543945266666854957e-03
6.328126306027194795e-03
3.858869832218178933e-03
3.742756065155085181e-03
3.042036038976012654e-03
8.233849257786977210e-03
2.327685693835755687e-03
6.463856494485220594e-03
1.418554834506440335e-03
8.236492812542597214e-03
1.529678843520185369e-03
2.147607389069832503e-03
2.963359241215711079e-03
1.983086632302982766e-03
8.511119449324092839e-03
2.089753985719006602e-03
9.480935324597381322e-03
4.897954724704815625e-03
3.156178919247004406e-03
6.478655041184588556e-03
6.608893143854601207e-03
8.095014549862989545e-03
9.285040578763583546e-03
9.185119873607774932e-03
2.085727307367552744e-03
5.992780289524893278e-03
1.984590755988580382e-03
1.434695090456764195e-03
1.611472275794140641e-03
7.837523018858601198e-03
6.149492778521524483e-03
5.038284956789845781e-03
3.015755621533893534e-03
5.978397911561917841e-03
1.773763321711140616e-03
2.546714403170275212e-03
1.152678056467551851e-03
2.314846429550803525e-03
4.578664390189260761e-03
2.584611677415350924e-03
1.575335234567680140e-03
1.843991400438054363e-03
1.922233531746719761e-03
7.548410894619314582e-03
