1.255992530026055730e-02
3.820271230972809972e-03
5.559243625538398161e-03
4.525654274734329519e-03
4.493134057171260104e-03
2.245023490282560714e-03
4.186545837671478039e-03
2.519363112650239989e-03
1.657150510374466677e-03
1.021863786102751755e-02
2.900792737272198281e-03
1.472126299353582538e-03
1.632249962858671813e-03
1.490033885192703408e-03
5.763303555230601949e-03
4.431208481580051727e-03
1.589118833284433032e-03
8.217459521562567315e-03
3.311219543577176121e-03
1.470770921628897481e-03
4.642122562229979849e-03
1.325775390872173561e-03
1.772060154689151243e-03
2.226020504223640700e-03
1.583515038281013308e-03
2.584560062928212189e-03
1.891949320352264438e-03
6.452339752736899366e-03
2.900623357046258621e-03
8.175426064095811518e-03
7.809086334317528327e-03
1.916784197630320031e-03
2.215515265295252278e-03
2.395034803761378946e-03
1.329701133478857497e-03
2.061896381701359016e-03
2.011561694265224555e-03
1.193011543593311971e-03
1.021636610006545522e-02
3.969750857099291902e-03
1.449035171340640020e-03
4.973864853928716516e-03
3.478515920976166156e-03
7.589980115869029292e-03
7.047939184668569092e-03
3.442984320681425486e-03
2.280756919701489981e-03
5.334110542458761484e-03
1.801084468699802382e-03
3.856366673047836174e-03
2.498692397175245224e-03
1.333803898998451969e-02
5.040434415635147714e-03
1.732051146080371617e-03
3.439030235234767467e-03
4.907495744640008074e-03
3.027998410192367113e-03
5.628444802681274554e-03
4.401604786119546996e-03
3.226815491911156405e-03
2.687966346660576947e-03
2.208295898987655895e-03
5.239196474085273426e-03
1.426871767714932553e-03
4.216610528901106915e-03
2.383584414064571916e-03
4.728701500826387391e-03
2.510636338253710749e-03
6.548766870323146153e-03
6.017948864898490895e-03
3.202145896029880492e-03
7.681238398300597320e-03
5.262893430322686597e-03
4.828464187417270265e-03
6.413219424673300383e-03
5.137230303991655207e-03
1.669952473700735259e-03
2.880808594013286369e-03
4.723028786135083021e-03
3.424762100267759839e-03
9.821048826868114534e-03
4.118121867586959500e-03
6.960213703526453057e-03
2.052832035631104932e-03
4.146551348217859118e-03
5.219863537819652462e-03
3.056172884183762893e-03
6.304229198350407015e-03
5.092426764103713185e-03
1.029707382874025601e-03
2.504910139102497265e-03
1.606503639766236526e-03
1.087700893579106364e-03
1.189554491306490068e-03
3.677196057569694868e-03
2.292810560691315152e-03
7.251389629563518083e-03
2.515250454763904610e-03
5.851244802671539715e-03
2.213943173628281792e-03
5.197840054878109448e-03
5.632750775341918009e-03
2.474926391752671657e-03
1.372871172020767323e-03
3.249995807301049242e-03
4.238770784177622354e-03
4.103691779991009737e-03
5.389535091400709035e-03
6.126308370595745512e-03
2.096864435944797121e-03
2.306944718177271134e-03
2.138695175931044391e-03
1.038090339748338163e-02
1.525276887253802652e-03
9.408697673260739847e-04
2.165953064725625876e-03
1.154045019404140865e-03
1.258659740543223611e-03
3.958419528109673527e-03
1.136398592098635148e-03
3.403144459813244212e-03
2.790681639416163397e-03
1.237218695140340904e-03
1.733747514832863950e-03
5.459772901651284774e-03
9.673886867551686336e-03
1.787782511866921591e-03
5.687358740106809168e-03
7.868000202667702059e-03
3.810460134729172586e-03
3.193942977537139738e-03
1.011837067820193711e-02
3.246220155447170942e-03
1.556488021354530960e-03
2.520342293809743964e-03
3.138025355062884925e-03
2.686015773766753292e-03
4.193532126627057613e-03
3.567181911328374741e-03
2.682624844977253738e-03
3.519390968308987525e-03
2.944391776872592494e-03
3.147513068427620127e-03
1.757460850304845383e-03
3.044846958169796034e-03
2.009026780512737035e-03
5.873653254076997669e-03
3.312526686571691525e-03
4.478301660446069865e-03
1.890452850472939400e-03
5.318717170755977650e-03
1.724942748413096178e-03
1.220712896872684725e-03
4.760147578998331214e-03
1.651872874184867699e-03
4.092875964533456735e-03
4.213190264087218577e-03
2.035051728858986147e-03
2.568597296749339232e-03
5.409799239792663014e-03
9.397644099257714380e-04
2.123686104364410840e-03
1.192730038720761759e-03
2.996403019579302503e-03
8.832386672528835803e-03
1.806812908954254400e-03
7.823879001575233597e-03
5.162517516366336989e-03
3.948093695779866623e-03
4.022344506569774589e-03
5.857809905816607765e-03
8.389605865031086324e-03
4.248294089481233736e-03
1.611567287786777863e-03
2.342201177307008837e-03
2.107624086801039662e-03
2.660050595370011279e-03
2.342073837583433672e-03
1.446266042085209320e-02
4.781745899841732816e-03
5.193772013682066910e-03
1.838302151236804972e-03
6.852434252228471745e-03
5.086253496934455172e-03
2.454351321349806589e-03
2.599369646306953080e-03
1.785504951526298767e-03
1.854904219905591451e-03
5.543074581436487763e-03
5.114926008129450780e-03
4.637519189742204256e-03
1.109541344533308046e-03
5.227834006804372817e-03
6.391862366767704640e-03
5.148839410485857651e-03
1.216892286744155130e-03
3.231095077260726263e-03
2.172132066794224461e-03
5.192867449001156883e-03
8.935982702083126311e-03
5.539494817378498928e-03
9.157550406869455206e-03
2.697257859068986300e-03
6.061689419742766899e-03
4.646009946119775830e-03
3.744465734958225562e-03
2.042005506652279107e-03
4.165378497214261046e-03
2.011962339396240231e-03
7.494994329195021551e-03
4.937120647223778615e-03
2.944508871584007852e-03
9.795544840119900509e-03
5.281789134299642863e-03
6.430587996689543159e-03
3.260900010558328253e-03
1.704003837545580574e-03
1.349717049544640370e-03
3.104290551078977591e-03
2.588863215964287527e-03
4.711057023284749394e-03
5.979096196794628920e-03
2.010986317268742725e-03
1.058282556945407474e-02
2.613433952181304799e-03
2.194936224577338259e-03
6.362858643062067887e-03
6.323326995100616264e-03
2.374544720671871705e-03
6.169120222651758301e-03
3.594732913016258739e-03
3.207670972543431344e-03
1.448352289103598022e-03
2.082625690770057748e-03
3.148431199597151453e-03
2.809917410530484057e-03
4.499890577900845547e-03
5.680593271751655307e-03
7.344680140751493058e-03
1.430055192188322069e-03
2.399838578151265635e-03
2.911473304624153519e-03
1.395771262603161082e-03
1.091326471493821691e-02
1.013500665345497265e-02
2.836086903591928526e-03
3.089484172741496434e-03
1.680191671390881842e-03
4.489473433139222307e-03
2.289498090593601251e-03
3.218943443837524176e-03
3.026697122114326531e-03
3.391701865895007176e-03
3.579233293040488817e-03
2.782172064931162300e-03
2.848260852825756657e-03
4.040447828867428648e-03
3.913446309356890911e-03
2.755675258050537934e-03
1.887718785125510864e-03
1.923866386947435886e-03
1.230820084760456774e-03
3.050040252792967505e-03
2.392866794859852420e-03
5.406464152636661705e-03
1.572850280539279076e-03
5.011954255631030988e-03
1.847576674535162831e-03
5.539470974438631679e-03
2.668249739581455247e-03
3.688024858706840693e-03
3.490288305820427386e-03
1.581795990414653491e-03
2.335571938927646831e-03
1.715554779338178404e-03
2.239990557179305595e-03
3.790825565789688809e-03
3.863760564986369692e-03
1.737597323435239541e-03
2.636480274073827509e-03
2.850393957502900862e-03
1.354301371041909032e-03
3.456200852221874651e-03
1.521552414091725553e-03
9.675352778807095114e-03
6.551718451554772518e-03
4.535898741256065222e-03
3.765365438243340607e-03
2.043770110353815804e-03
2.660604714123942713e-03
1.646120308041970019e-03
2.020670213766449872e-03
3.659439095336528176e-03
3.018097506146609835e-03
4.588118488967395624e-03
1.551532488080810141e-03
1.492883045130717276e-02
7.394594161986079925e-03
9.198938838724791262e-03
6.010554506457367781e-03
1.259891549847019440e-03
4.213790878630531422e-03
2.999356032948519678e-03
4.964501244121984416e-03
1.285205890459152362e-03
1.022572461314914674e-03
6.068966432927814549e-03
2.155652772843300296e-03
1.702198141288941086e-03
1.494713036666284103e-03
1.003045715334199145e-02
1.257225582052906142e-03
8.600381027446930837e-03
2.436624248825202711e-03
2.522005147576058919e-03
6.402914565804539507e-03
1.560331635856161431e-03
9.319019063259818825e-03
1.182337662125875714e-03
1.800995100084622994e-03
1.480116154664259769e-03
2.035723608698101171e-03
5.126415435469090093e-03
7.741824539785137392e-04
1.796838025252646149e-03
2.220063964152854327e-03
4.210643801177122933e-03
1.615170762398699701e-03
1.535291141006162518e-03
4.487265455100358270e-03
3.509315107707286063e-03
4.086042307616677589e-03
7.691599312617449641e-03
5.014717301677584088e-03
3.220998422275684996e-03
4.984925123031371842e-03
1.186378977364349434e-02
1.576888800418403029e-03
2.162891872386107483e-03
2.764804733180055343e-03
5.691505884191649933e-03
1.718592721940772044e-03
1.377812698446613223e-03
4.745456941361273981e-03
2.410366812989745561e-03
5.308152103356287947e-03
1.076645283545413700e-03
4.904334212302741136e-03
6.359754123456775633e-03
1.404323017326916884e-03
6.774998116200882207e-03
5.448022507587118451e-03
3.328224316844685324e-03
4.941051479447662251e-03
2.162581531943235779e-03
1.336166609257500746e-03
5.111453110083564837e-03
6.177183361603479951e-03
2.834475917407229106e-03
2.799209546926409529e-03
4.023221329924444971e-03
1.185554866694551318e-03
1.918695226755743732e-03
6.244121294384449156e-03
5.964468922519820630e-03
5.143855989381676541e-03
1.464873004452262040e-02
2.377425737136810210e-03
5.113024379592586398e-03
4.202992246345842176e-03
1.707074400295442457e-03
4.708080005794167133e-03
1.436387937947887668e-03
2.793268688006879993e-03
8.481095407401918751e-03
4.269020190762455418e-03
9.953751379923018658e-03
1.614656180992968129e-03
3.363709027421713221e-03
2.742556089768188269e-03
3.744876559990668267e-03
1.617122824269163909e-03
3.187295063471658196e-03
9.816616568506044988e-04
2.917405808951208622e-03
4.233329767870517256e-03
1.870568378285868312e-03
2.461162890132650560e-03
2.279402970521498487e-03
4.159881321947569988e-03
4.645037406375036350e-03
4.344010294890579549e-03
4.944404715756127444e-03
4.225566415976513696e-03
7.376905663307096973e-04
4.977777859213004634e-03
4.110736985350535791e-03
1.240502438821784563e-03
6.770161817357832693e-03
1.699341583741869341e-03
2.519800423613782932e-03
4.078298590146661740e-03
2.218440327613496570e-03
3.349099058456787934e-03
6.306658477134186036e-03
1.083107070567975241e-02
5.208079468613326102e-03
1.460732194640320964e-03
6.356577790144242977e-03
3.756575519543814065e-03
1.044621306818303147e-02
1.346621129992184220e-03
2.109145618589473251e-03
2.174514016931655084e-03
2.018784424495692099e-03
2.384969920467472013e-03
2.623349631136230597e-03
6.254282079250505361e-03
4.075807866495560067e-03
2.467557792074838007e-03
5.365488606116146711e-03
4.576385814582213836e-03
4.605400266331898321e-03
9.950277355851569125e-04
3.219798102661194494e-03
5.638389015197560819e-03
1.091222379202905386e-03
1.060167223221051766e-02
4.215756293859962596e-03
5.495907765824441585e-03
5.130321986256796037e-03
1.590589240007361099e-03
1.988076520484748262e-03
3.328510381264453404e-03
3.918611829692966904e-03
8.618324812743939980e-03
5.236919627084442135e-03
4.725554331263126170e-03
8.216141653289116970e-03
2.641693344547041151e-03
4.441349383792449895e-03
6.084392602394645549e-03
3.813262948915018598e-03
4.159009078118436169e-03
2.328578791781352273e-03
5.162466185661206998e-03
2.070665955179517691e-03
4.365937274799747483e-03
5.795014709682679184e-03
9.048977998968085051e-04
2.820698492672646992e-03
4.212014132557376569e-03
3.355143863167131622e-03
2.201254657791050940e-03
2.370995563068454583e-03
1.958606087231820614e-03
2.577750439592731754e-03
5.337281215222897807e-03
3.484361667209275731e-03
6.143007650150841825e-03
1.752012199445856372e-03
1.881812877957169490e-03
5.693185779439381006e-03
2.462112178271425641e-03
5.596534245258826500e-03
2.039674627387281884e-03
2.714240769355376857e-03
6.658073761855913889e-03
5.757561475768214337e-03
5.621609293678369451e-03
4.151932013520182041e-03
4.188998942100705808e-03
2.762905778037535402e-03
5.344856089182967694e-03
6.335609822860896467e-03
2.145333389436765957e-03
1.996676587088183803e-03
1.384033365457466597e-03
8.526270981612685089e-04
3.751101893898997099e-03
3.474464739421345358e-03
4.660771244343868240e-03
2.672955786087834011e-03
1.490133123989611803e-03
1.492811175037102788e-03
2.658201553719833233e-03
1.006369618864267311e-02
1.961231354464442519e-03
3.969582326197986302e-03
3.131216938287717955e-03
6.124040979948310731e-03
2.398509056289116221e-03
1.618174061855407733e-03
2.789740644106464967e-03
2.029646166871185674e-03
2.088527579676821913e-03
2.565101632653832286e-03
1.279333074024884215e-03
4.958208580803871550e-03
3.198315671265807882e-03
6.664515360878295325e-03
1.018338964441490571e-03
2.546322728322557814e-03
3.103880023026601726e-03
2.500437329413072660e-03
5.948661247244153155e-03
2.044388117033619189e-03
6.021988241279176146e-03
3.210846119871472830e-03
7.384716084189458726e-03
4.117711630215188656e-03
2.567086987930866562e-03
2.302727946951136934e-03
3.162531653923059041e-03
4.691247482986039136e-03
5.649394157930013108e-03
1.152463697747960160e-03
1.276750774961663741e-03
4.703467164529614997e-03
7.539291739483521340e-03
2.181937985324741182e-03
2.054829184802292163e-03
3.606719934572014379e-03
1.895646142128848584e-03
6.097484612110907337e-03
4.308410797739348902e-03
6.377570093678116420e-03
3.731710180988185004e-03
3.926035496070341517e-03
8.246569491958885556e-03
4.352364580900903827e-03
2.137557298591578111e-03
3.592465313691954338e-03
2.335304455895557268e-03
3.392925397901384778e-03
1.960976673914351098e-03
5.023531882538215601e-03
1.516132312930211154e-03
1.757663755840724014e-03
5.449301060541148628e-03
4.704896685217211175e-03
3.309592643794739397e-03
1.561904918584885917e-03
4.713324718504764872e-03
2.605118388788415108e-03
2.754215177907466065e-03
1.633928872962522351e-03
4.156099467954380879e-03
3.577413835216468243e-03
3.623850233285595343e-03
3.444836383902932179e-03
8.645214577951347394e-04
3.542491165211644321e-03
3.186304814903298532e-03
4.816889870639239069e-03
2.639005787518414019e-03
2.833603705173247563e-03
2.881269934278976770e-03
9.285154330179587120e-03
1.228351395204657333e-03
3.382120720064053700e-03
2.091907747823018842e-03
2.387838636686402151e-03
1.897949903057813545e-03
7.400528555735204350e-03
5.210245527424352090e-03
4.731262679737357514e-03
1.340824076407831243e-03
3.691335107493147645e-03
4.493907134968000427e-03
1.949330643737528113e-03
5.664221177251797107e-03
4.338768689847840969e-03
3.842439191899905699e-03
4.047462885268444423e-03
2.497000481845863210e-03
1.713231638323944005e-03
2.339073091412515251e-03
4.822729752586281046e-03
3.070449252513973541e-03
5.181924949215720860e-03
2.698421434692298976e-03
3.731875841942022126e-03
5.152238917695111699e-03
9.567677234271302136e-03
3.655033048128113280e-03
2.445634298243723470e-03
2.598261609201566943e-03
2.370358783098108421e-03
4.425153274817772951e-03
2.002728202026034417e-03
4.397406665274720267e-03
6.335251888317615723e-03
3.138460513328553744e-03
4.858542385847769950e-03
3.541862682878868691e-03
5.348099808675095025e-03
5.748754759467462894e-03
5.522252286731437268e-03
9.928234907874413859e-04
1.285787968096713512e-03
3.379294931459565429e-03
4.798361853145776366e-03
3.919633791124244732e-03
2.166853404967251841e-03
5.350427272268664693e-03
4.773303909886940539e-03
2.191304501858995155e-03
1.126644646947300155e-02
5.009872573708785623e-03
3.109045888054418581e-03
6.477070699899859993e-03
3.582268668750208419e-03
4.363432176410809993e-03
7.892945207768304466e-03
5.326466215805337329e-03
2.353970844448257348e-03
3.883883019691715139e-03
4.090996940456965297e-03
9.187690772532451297e-03
5.585384060678412477e-03
8.823165644045762035e-03
3.255910227427363281e-03
2.637482235228679004e-03
1.396965798858817217e-03
4.851016044943759313e-03
2.254390191251536522e-03
3.629354941287024454e-03
2.617293667064403417e-03
4.630234612045842392e-03
1.619398121418282304e-03
2.673107004948235919e-03
2.174642693421681254e-03
3.460093419631834512e-03
9.562960278552332799e-03
2.063601581170534417e-03
2.881727825550882589e-03
2.631400670143241131e-03
3.151963404895783381e-03
2.046333514831236676e-03
4.593317225294949770e-03
9.084082980180877703e-03
3.593523353958191259e-03
2.663284641346759258e-03
4.010685477180802629e-03
1.087320871082374761e-03
2.708541778497452340e-03
1.278240501964492907e-03
1.636741456071640673e-03
1.776043972010613210e-03
2.996139991830423441e-03
3.440351759272940006e-03
2.718641736527080150e-03
1.144012683052164636e-02
3.613071660090972151e-03
4.640168444386642138e-03
5.650477092961094655e-03
1.815686497003896754e-03
6.827881390529831618e-03
1.527337963182797981e-03
2.423964688664024050e-03
2.086773417247558219e-03
6.737623585806269688e-03
4.329077614434260167e-03
3.811646886803031313e-03
2.540132037411471557e-03
2.073594433601337779e-03
1.445305820885463364e-03
6.141730449876434475e-03
3.645411679260072545e-03
2.243010374617521174e-03
1.731009990959848834e-03
2.335502744739220531e-03
5.219504143233370287e-03
1.455167687437720729e-03
3.396803146502124990e-03
1.852778064756440031e-03
2.768942434879653487e-03
4.175927699891463646e-03
3.322390523620639621e-03
2.425303467399897179e-03
1.110566052630642363e-03
1.240317598043297071e-03
2.850543612556720712e-03
2.022923477795323961e-03
2.486818908932773679e-03
1.552649753468850376e-03
1.721222727246149702e-03
1.015090193646780428e-03
5.521264826468476675e-03
4.793182011796123104e-03
4.071479997116773074e-03
5.264386965802560561e-03
1.861496231634266266e-03
4.151791220572171801e-03
3.723089196506013457e-03
3.809135133358739801e-03
2.006290571129634454e-03
2.694850008257065974e-03
2.092509619235279582e-03
2.353555705353641177e-03
2.413401637628561410e-03
1.508723151491500776e-03
4.716509594372138986e-03
3.468802177678083180e-03
2.196942755667629071e-03
5.050917601857709757e-03
3.970311703586628001e-03
8.914368753098578062e-04
1.729401341930509716e-03
2.653441055433487534e-03
5.500874299150427735e-03
4.520191247659497737e-03
2.362177305008051828e-03
2.596065298764434898e-03
1.628038480884352575e-03
2.116252997664640895e-03
1.996962585144385766e-03
5.271320973655818642e-03
6.464369928929380657e-03
2.270783926768579590e-03
4.265481305139614751e-03
7.860148481548171959e-03
5.994939773542776185e-03
4.451789125426426456e-03
5.188512952675680689e-03
1.246891770665509679e-03
4.552260933348876298e-03
4.062992200045688861e-03
2.206005903839115996e-03
5.098691922155896596e-03
3.066397809383003548e-03
6.761015346850271154e-03
2.270530053112266525e-03
2.799267756015533844e-03
8.731235597530502893e-04
4.250217651909234638e-03
5.701705636143567131e-03
3.034849037459603181e-03
3.538906840903666227e-03
1.373133700580216575e-03
2.696158067615718728e-03
3.571686467932554815e-03
3.311187930852643822e-03
1.252097123318863994e-03
2.541903810517271659e-03
1.346212912710634561e-03
2.775351199555818604e-03
2.739621812572184262e-03
3.877225331894975247e-03
3.317855947373114615e-03
2.945941422550081394e-03
3.719829906759888113e-03
2.252067729418772736e-03
5.433519268216643709e-03
2.550451207737140878e-03
1.398308906824986646e-03
4.240652562672472120e-03
7.407095733187422926e-03
5.210386061192303839e-03
6.436605244329852982e-03
5.177033260670664029e-03
5.894059632036903820e-03
4.039170046608999559e-03
1.003933485547276599e-02
5.371214692900386396e-03
6.534951198922459015e-03
1.052610042683874061e-03
7.372199737237614126e-03
1.697335295617537730e-03
5.198119114702672017e-03
2.319091020863475131e-03
2.730524028632540148e-03
4.602218094325439754e-03
5.618917105229163239e-03
1.334728231971635346e-03
2.344051588571466511e-03
2.503862242207972790e-03
1.169075623357515234e-03
4.742583757562283606e-03
2.388939014973448342e-03
4.212145512459581319e-03
3.641813377120093221e-03
5.120926134134478301e-03
1.595469159978309646e-03
1.109042377772818640e-03
4.477012710623150434e-03
1.207644694113501173e-03
1.651965646535789346e-03
1.956756117194539263e-03
5.089596059238281865e-03
2.638806309485346689e-03
2.775510738012955999e-03
9.456386896670491114e-04
2.317586069063880868e-03
3.757053707399325964e-03
9.125168428305789614e-03
5.973806887513796737e-03
3.612637059881990999e-03
9.442932465730234128e-04
1.594695476046961323e-03
1.031268753501295328e-02
3.367709183216778101e-03
4.956918693320021448e-03
1.640226446388319157e-03
1.954227894317810132e-03
3.495949796306966045e-03
1.288057788490060357e-03
4.131945518940575990e-03
2.609508787292558370e-03
1.668117270228057156e-03
1.175368164821216990e-03
3.073489584391473142e-03
2.818554282037580815e-03
7.235608197297710431e-03
3.128677985017720015e-03
1.539369570822461848e-03
8.930409703376513547e-03
5.440940845131888963e-03
7.576692538754436351e-03
3.358149580472468212e-03
6.834219028662770826e-03
8.306229800988844739e-03
3.510649090564666244e-03
1.529041745576565844e-03
2.660384808374743459e-03
1.882124198097457051e-03
1.192637976505703419e-03
3.618157017359315258e-03
4.917860277264965788e-03
3.523902293921538347e-03
1.518049624029037909e-03
2.220823904802770709e-03
5.289654874717263436e-03
7.929977980646811531e-03
1.532263682820571423e-03
5.242666450146732382e-03
8.858433363850955200e-03
1.370124828096205231e-03
3.005432540909859160e-03
4.635701105810539902e-03
4.657694719853995406e-03
2.728586659741601486e-03
3.327735321097131591e-03
2.289702684466416935e-03
1.674132300445847722e-03
2.779031637673965230e-03
9.276268880925498186e-03
1.231829128947491830e-03
8.689517717114346104e-03
2.328748156240753250e-03
4.492121419937026953e-03
6.938613980988649413e-03
1.710960239343111821e-03
4.688527444981218165e-03
2.902077520883564882e-03
4.877043827672860113e-03
1.335207502485577600e-03
3.951836301608255102e-03
4.537754374301848810e-03
5.938096180981690050e-03
7.146611663531528963e-03
2.455137101187597828e-03
2.313282908550355448e-03
1.924851884148067252e-03
4.810640711320543841e-03
2.437068763720240394e-03
5.603956319046991298e-03
2.437637347337680629e-03
2.174669375389075895e-03
1.037161200359082783e-02
3.090821186023476677e-03
2.733972574816135974e-03
4.619909659975357519e-03
6.210931178764002997e-03
1.954029988926921178e-03
2.338016705336881402e-03
2.059267277933704739e-03
1.887401406834611061e-03
3.289703484622047078e-03
2.797329035830886310e-03
1.632442221569001652e-03
1.533705150826681837e-02
2.925278894972884770e-03
2.713625598039085159e-03
2.583783784241801794e-03
1.163287740247622576e-03
2.203606949344417629e-03
2.278291202298972709e-03
1.391768137448220598e-03
1.294160386779870647e-03
2.007780070448779430e-03
3.542225062302007278e-03
2.461286048319723252e-03
1.659364551457232721e-03
2.293702307679634268e-03
9.937705408842797961e-04
3.055931259946085068e-03
4.447423600739609795e-03
3.213582826995407468e-03
2.869387032633500222e-03
4.194193026728495859e-03
3.067010165869380519e-03
2.409086310483081472e-03
3.778191397099177513e-03
2.263489869315546237e-03
2.305565210334442876e-03
5.647565274557437773e-03
6.734161211890589069e-03
1.093486815742502911e-03
5.732047630243326808e-03
4.461235614714412212e-03
9.767104550506466778e-04
3.685523091280641910e-03
1.992315476293471388e-03
4.026607265605084557e-03
6.623733590261339510e-03
4.136125339419766643e-03
2.641585404877872228e-03
5.237069904832030061e-03
5.223478803297782608e-03
2.448812269311229431e-03
4.544740225433371861e-03
3.661949216216640358e-03
2.706386323987758358e-03
6.103894201370529959e-03
6.233722268548052420e-03
5.660137784904727132e-03
3.895703960622598754e-03
2.809861732323658181e-03
2.045186870328322484e-03
4.759713483264657076e-03
2.709844925162140355e-03
3.567272855649473821e-03
1.731758811558279905e-03
5.333420174530830067e-03
1.716256417554771780e-03
4.441920727476247888e-03
2.874874032312267798e-03
4.430685640840605587e-03
3.207068573615153625e-03
1.440765810779660741e-03
2.959633429072405786e-03
1.671897772030353805e-03
3.566896015590482853e-03
2.181153968831499312e-03
1.427307666901108350e-02
6.248306702692192106e-03
4.056849973768833321e-03
2.523630688816981549e-03
1.232258821897709794e-03
3.390855250742635767e-03
1.444241738732350002e-03
4.587087517250584487e-03
5.556431715755548277e-03
3.682788811614278596e-03
5.556860580882221935e-03
3.170294639974254730e-03
9.084072573540314527e-03
3.292477437616594255e-03
5.531319377439719923e-03
4.615008432159474309e-03
2.862391470748581763e-03
1.138303984757243863e-03
6.072949342278824436e-03
5.909796622580326848e-03
6.693795452340001173e-03
6.748764229448903432e-03
3.388479598970962469e-03
2.474024710147906640e-03
4.057243360561535797e-03
4.510705305502433517e-03
7.319138369995128492e-03
1.222626495490768952e-03
3.247328475171670087e-03
3.856272929929226937e-03
3.812200542575320573e-03
6.983026792635285349e-03
2.858267028158242504e-03
1.424798925678717612e-03
4.712199807101224644e-03
3.527253436653827404e-03
5.175713263614540975e-03
8.810029188363153671e-03
5.937352312701458384e-03
3.604629322635384374e-03
3.055223373994212909e-03
7.923492690192308549e-03
3.212134588997969924e-03
1.564018602973997474e-03
1.315562262663651401e-03
1.092388222823747514e-02
2.574291866002540764e-03
1.578544277989323268e-03
1.197534971091005450e-03
3.745452730055558784e-03
3.115021111379130681e-03
1.241096577236631884e-03
2.792816561414890753e-03
2.502043128142884126e-03
2.354920917306698412e-03
6.116611911930526849e-03
5.105702936922390522e-03
1.288961870076283170e-02
1.583615384845780700e-03
4.251464162683479472e-03
1.584554698339302355e-03
1.420848611845175165e-03
6.172958926063773499e-03
1.194468388377270367e-02
8.647914394394790732e-03
5.382054496410999811e-03
3.405655661606080738e-03
4.847617449047453980e-03
5.617732768178959959e-03
1.989427286563679245e-03
2.051863042327401257e-03
2.958204878695352025e-03
2.099820248306693421e-03
7.327213471750548303e-03
3.050724301213994169e-03
9.074054313364416247e-04
4.516784321550388996e-03
1.235707316730766999e-03
1.530801356190297346e-03
6.935134966196517675e-03
1.175432145477910660e-03
5.676414656110550724e-03
5.187799352408779124e-03
2.768970754101797438e-03
4.475172271061273604e-03
4.879302843657390767e-03
5.837519719584398359e-03
2.212581371509883977e-03
1.151166945925586032e-03
1.813591473364867084e-03
5.965371660985908930e-03
1.832453160001274763e-03
1.272980224232898036e-03
8.631324214386000169e-04
4.095740489758023690e-03
3.531625652104374447e-03
1.643774322074354139e-03
5.322196487334177745e-03
1.704902439048120236e-03
3.103702015929329754e-03
2.078215092125153870e-03
1.852766044651752396e-03
3.286594239163003525e-03
2.672856138401542327e-03
6.048668560062290048e-03
7.615522709305671059e-03
2.801470796249241370e-03
2.392047924925405373e-03
2.491013080497588017e-03
3.272904754567092928e-03
4.319398551315860486e-03
4.636400276773969785e-03
6.449927677437313107e-03
1.882065343750051684e-03
5.246029575184268413e-03
1.318376505889518654e-03
3.854125761170682386e-03
1.199288351742959372e-03
4.526906829400448307e-03
2.766630330950107554e-03
1.641938720990116472e-03
3.782377346734690400e-03
1.253981084764442706e-02
2.096266387146274949e-03
2.884057895050564247e-03
2.575533917463648098e-03
2.203722236812129774e-03
1.266352575065342019e-03
3.739182449141555294e-03
3.594026625136897274e-03
2.386490853112746471e-03
4.546479522668286227e-03
1.096252090020204649e-03
1.510464522605345274e-03
2.187903284649063591e-03
5.453176309116802151e-03
1.627465110562660404e-03
3.213001542599195660e-03
3.640769608185499221e-03
1.461504863571038001e-03
3.149159410277909202e-03
1.806020891613011698e-03
2.832932291204934977e-03
5.507160658682690516e-03
8.244070230877861144e-03
1.066844244718675137e-02
6.497492056596398252e-03
1.335156791353847745e-02
1.516453455497977082e-03
4.472445145411989113e-03
3.779673720311821361e-03
1.206463209198530527e-03
8.984871058762655509e-04
4.723318305526817175e-03
7.033765838441728355e-03
2.983679771645246330e-03
2.864438673903449070e-03
1.713584348037014557e-03
3.784473743514278361e-03
1.216955345432240571e-03
3.071156750577536121e-03
6.384146702477328308e-03
5.350212748842841926e-03
1.528499812352069297e-03
3.483894245107951697e-03
1.198443370300974770e-03
1.131016843093306853e-03
2.143810786180872473e-03
3.396501455311166061e-03
5.495717360842162363e-03
1.547704605921667014e-03
6.796706252833711881e-03
2.136085404412446914e-03
8.324587008158829777e-04
1.981326255292660109e-03
5.275661810232792383e-03
8.030190670938240280e-03
4.585656299595689857e-03
1.782397642157940556e-03
5.075737359509703561e-03
3.045047927849417035e-03
4.153248292708201436e-03
1.474482567123888265e-03
1.018882500565205639e-03
6.677976952232930925e-03
3.963161989781618412e-03
4.776208854709640406e-03
5.670964022465843982e-03
1.780937012196464556e-03
3.820837611655724872e-03
6.458397739417624621e-03
3.956465625265080319e-03
4.372425697893114922e-03
4.174442030647820649e-03
2.954499414029520057e-03
5.075862737478327967e-03
3.913861721139593602e-03
1.817711746654482666e-03
2.562520904369279106e-03
6.341783890344043426e-03
1.646469476594999374e-03
8.173127238667891523e-03
6.831113701739161340e-03
4.341009138945205008e-03
1.706496631621780323e-03
4.012554685731449695e-03
2.946348796474169713e-03
4.160661662651081970e-03
5.758851503722178279e-03
8.402277327797648063e-03
1.347955747173751762e-03
2.752877485410221495e-03
5.451674130508002078e-03
1.652363445027589441e-03
3.533942806606931407e-03
1.915204583499899218e-03
9.780604425697028877e-04
2.450288359450051006e-03
9.330926671049167426e-03
5.629798929903243043e-03
3.125358213105597360e-03
4.680763437088951949e-03
1.456954521479580543e-03
4.745683874201134765e-03
4.876103530938224496e-03
1.241610201887990029e-03
1.374226521970669905e-03
5.830151935666209005e-03
9.371633022992717412e-04
2.935729568453378756e-03
1.473365008258272456e-03
5.255921220373403757e-03
2.864346991955734386e-03
1.040680105766671887e-03
1.808734928792123066e-03
1.528494268532609810e-03
1.823682172756160586e-03
3.858240232866830613e-03
2.650503071162852754e-03
1.379133069437820129e-03
6.712656094612586867e-03
3.446601778441908247e-03
1.350748000331472402e-03
4.090636662331835136e-03
2.959810127998699532e-03
2.997525596939222894e-03
3.747088442780572605e-03
7.447234618079036361e-03
2.472665542734702425e-03
3.126806915168722258e-03
8.078248048016621174e-04
3.698989677268151033e-03
1.054381755403168688e-03
3.664784067525115631e-03
3.103981584462979764e-03
2.431777753418682027e-03
5.014320758950542231e-03
4.677116093195045690e-03
1.676693874825810901e-03
1.765904614314162471e-03
3.510590205740863647e-03
4.450841007252116094e-03
5.706694955191977600e-03
4.784409770005696241e-03
3.892452220385355603e-03
2.774954244850563485e-03
5.282833583240386342e-03
4.054042815851140007e-03
3.404747864446593802e-03
1.478929632986386968e-03
5.614106827274393738e-03
1.927373414600445792e-03
1.734135990480318353e-03
1.713023813800636621e-03
2.184618702606217280e-03
1.330103873538944492e-02
2.006226555534822414e-03
5.454164498121657698e-03
3.396407951014090987e-03
2.645697557757654972e-03
3.278796742494433612e-03
4.870024951758856330e-03
5.849565490586586258e-03
1.296133737484094720e-03
2.811740635121149755e-03
2.067119437884004304e-03
3.981438387547312288e-03
6.901299817876565580e-03
1.115590158038581858e-03
3.035724716310481477e-03
1.870136459595254756e-03
1.493388136979806411e-03
4.454393256816279248e-03
1.813290907918749684e-03
2.197381558009927315e-03
3.164755757311854718e-03
6.571805956031547338e-03
6.896871453483359102e-03
4.964567100113712918e-03
4.696955147696342189e-03
1.922716896120623548e-03
2.242607609388885467e-03
2.101166387718657325e-03
4.208152041412262234e-03
4.049256577718167785e-03
5.520422530454587029e-03
5.718544577364426985e-03
4.608878790592064317e-03
2.257660187902236614e-03
6.525130950895535568e-03
1.862967472815453768e-03
4.094460317903332418e-03
4.081278085463433888e-03
5.196923419886547400e-03
3.402330533914720880e-03
3.314472777929506567e-03
1.968810938655808987e-03
4.855675170200269078e-03
3.252988209915695997e-03
3.661245988760478912e-03
2.582728719736235301e-03
2.151149942713682494e-03
1.823351597275080270e-03
2.282451776501088266e-03
3.536090706280805955e-03
3.398218130093953997e-03
1.363759416366948276e-03
3.078035044172650146e-03
1.055969607545184652e-03
4.832169464867698029e-03
2.200702282724030946e-03
3.999833783477451700e-03
3.705252196469611438e-03
3.247209940890052535e-03
3.644172082311534534e-03
3.223013664670466502e-03
2.077267164050906802e-03
4.963599545852420518e-03
3.422105768270612865e-03
9.979390422327288901e-03
7.007159811665764765e-03
3.262638175125458402e-03
4.212049709935643954e-03
1.731196904863046854e-03
3.508963210977566506e-03
2.708247379816658591e-03
4.421632882768409580e-03
5.188983578858526527e-03
2.631113175206648697e-03
2.342024559065810415e-03
3.675008404554367877e-03
4.669097445347406179e-03
2.947033616290643029e-03
2.699703644555216837e-03
4.982863042524931195e-03
1.034458474084158251e-03
3.640116602741861294e-03
3.453711767907790241e-03
2.140875874176384908e-03
1.425069470857348933e-03
3.082050762145908257e-03
1.810139283761575107e-03
2.296081339118173376e-03
1.333012883004980071e-03
8.657833824517322668e-03
1.003445298120587623e-03
3.401645957812164667e-03
5.026226930251703751e-03
9.003971005270346162e-03
3.021430684385594499e-03
1.731923612694024218e-03
4.007482836322224726e-03
2.487639049110060459e-03
2.363565744995253619e-03
1.829490863995084701e-03
1.901732835404570552e-03
1.509147024056388137e-03
3.155346522061793380e-03
1.299233363126594664e-03
4.059907995934699046e-03
1.442301328016253699e-03
5.107167877350618501e-03
2.379555379769650401e-03
1.168499044574544937e-03
3.743665407422088441e-03
6.535162908170469125e-03
2.318711776108945983e-03
4.583987658274993847e-03
3.454730070509470265e-03
1.222039609206346028e-03
5.890405169149865588e-03
2.105398718220535207e-03
1.720686177686375946e-03
2.725293170726525958e-03
1.121365810664690099e-02
3.971578597068401578e-03
5.390310320391376343e-03
2.587186869478899469e-03
1.958347130929161649e-03
1.805371672859831713e-03
4.635801646238365929e-03
3.993583333384736686e-03
1.092256383714921598e-03
1.252721666244810232e-03
5.233643830154814311e-03
1.152522613957756605e-03
1.494534594887803568e-03
5.193191549657964756e-03
3.398093392335957159e-03
5.480617861241878289e-03
2.162241891657830980e-03
4.572060353941576755e-03
5.140092037409995859e-03
1.113487017977149961e-02
2.185684691371964691e-03
2.434329044419768478e-03
6.818404886658554868e-03
4.719737803025174892e-03
2.419279335562327798e-03
1.494954902186002715e-03
4.086145437808769501e-03
2.964082521152778312e-03
1.326686906460877811e-03
6.576563327236948156e-03
1.601937208976188460e-03
3.591485139799663762e-03
3.751285435679346369e-03
1.009748922731749411e-02
2.198963911802739174e-03
1.549468107019593083e-03
1.622503652755292493e-03
1.270161040800937401e-03
2.317679970334317677e-03
7.610633262429546304e-03
3.434868946979467274e-03
1.382960026750184451e-03
1.414814972745258997e-02
5.291873190652354904e-03
6.064879490231749742e-03
5.834819025962094223e-03
7.093590923974699147e-03
4.850679806946313691e-03
5.138644016154320440e-03
3.194778699282525228e-03
1.172109947583426610e-03
1.165561436173053909e-03
2.082950822930445221e-03
2.436134678168086747e-03
4.861063342058177458e-03
1.337583048734517117e-03
3.987787867264216621e-03
5.450479462308836440e-03
5.030315585086113719e-03
4.854568713066867783e-03
3.635268064661174511e-03
1.134519734916003336e-03
1.667516625966340140e-03
4.022082092991867419e-03
1.647187784195188864e-03
5.546882904122713703e-03
1.370668714789351206e-03
3.993999130768960577e-03
2.917183944250588586e-03
2.401170091246384794e-03
2.909370972000921689e-03
1.938272840301767186e-03
4.018100005087270159e-03
8.274654318449946311e-03
4.369425086173288689e-03
1.615105967783061515e-03
5.584952011307904932e-03
2.872662867278144919e-03
3.993740881309183581e-03
3.667187271861004766e-03
3.450733522011664896e-03
4.371361910997640862e-03
1.660763572380459432e-03
1.430855852082593476e-03
3.627324586873512807e-03
3.879405886486555002e-03
5.332326814619523826e-03
2.235048196081757931e-03
1.836114668161537402e-03
4.900547584800946273e-03
1.612403620066553758e-03
1.975510524386845344e-03
2.054847329769250806e-03
8.044826132089847454e-03
2.458779650251341833e-03
4.261942244019493314e-03
2.952232517960385900e-03
2.850116890275527538e-03
2.692095443534652834e-03
1.109768272752145865e-03
4.128148245276646103e-03
6.685533686834574038e-03
8.723980720172989489e-04
1.933191331952954827e-03
4.674078882665320955e-03
2.248611394314927250e-03
5.659148438686365142e-03
2.222938129403434406e-03
3.174939772197354557e-03
3.626248719345402140e-03
2.723665794608630744e-03
2.399306602637775107e-03
3.299164520893988362e-03
6.037677931755832186e-03
3.167755483047310014e-03
7.938522585884432489e-04
6.422333421538172112e-03
2.693515808031985564e-03
2.034233519924833963e-03
5.016162358068424962e-03
5.525146994736586381e-03
2.220065572543155914e-03
1.363958101131900781e-03
5.748527292957316195e-03
1.608392697706942289e-03
2.287209021346012748e-03
1.654185816635492159e-03
1.717798918082224157e-03
2.838158314518059080e-03
2.197431792568725617e-03
6.140282097969470589e-03
1.385988133011725222e-03
5.717382102148517962e-03
1.911365777790803057e-03
1.941039400884165579e-03
4.004971053827100294e-03
3.620139755690836379e-03
5.265813431200727299e-03
6.418193594117285738e-03
5.135453156365162031e-03
3.412899987539233602e-03
3.476273233419121915e-03
5.520232191179932912e-03
2.165042571976281711e-03
7.506467845190354510e-03
2.637782663027735987e-03
3.246209605848550048e-03
6.552322593758898132e-03
4.314506108715334548e-03
2.108196719274110873e-03
7.102842762855356845e-03
2.662717931839418337e-03
4.884854863015151635e-03
2.236366091655245074e-03
1.582918682325070141e-03
3.548295756650495653e-03
1.733072155140792572e-03
4.489158213331688289e-03
8.681411955977111046e-04
2.462147291653530353e-03
8.407891141755562819e-03
5.095930337366777127e-03
3.791541568983181152e-03
1.082647465041887327e-03
1.483442363463651978e-02
2.406272454919746936e-03
1.920767521920853415e-03
4.218148461387447902e-03
1.715499977638278812e-03
3.917330447142260835e-03
4.115333729249536290e-03
4.551175138586110655e-03
5.196235348572542795e-03
6.409967037582913266e-03
5.307244849016255761e-03
4.527977811955768983e-03
2.295327032194754893e-03
6.890900225830248749e-03
2.395640809213681836e-03
4.160999124725227837e-03
5.786597246005252722e-03
6.237486735101278879e-03
1.864728291347186786e-03
5.077710919305138126e-03
2.090989223911694870e-03
4.564022361560362423e-03
2.231635862584920200e-03
1.445783301572307021e-03
4.318935419250044712e-03
2.794914574140885781e-03
6.030875875923744772e-03
8.146241705856394413e-03
2.971072283701574335e-03
1.570835358383147187e-03
2.100817747102638917e-03
1.122980746600370748e-02
4.974595909251999272e-03
1.847957316745388930e-03
2.757675575026337540e-03
4.828732265729624579e-03
2.662338913104096445e-03
5.217434591768453644e-03
1.395692317436037552e-03
1.767615527184809854e-03
2.577874268480241475e-03
1.328013398530779841e-03
3.778066069257946663e-03
5.206724831892741573e-03
5.507684023935628323e-03
3.075464560459458332e-03
7.899420534968705498e-03
1.523213267416421296e-03
2.952639921990534225e-03
1.608539029427458926e-03
1.597814245248055072e-03
1.614954009791439403e-03
8.246797811249532983e-03
5.083241948473942243e-03
2.606891501684617529e-03
2.188360554352760182e-03
5.465200820648320051e-03
7.618254840841602593e-03
6.695123400677438150e-03
3.335264027862974191e-03
5.337516757053686715e-03
2.352338978812397712e-03
1.467099103530147049e-03
1.256471188251787312e-03
3.666196694139866284e-03
2.242606283070986643e-03
2.937862273180164973e-03
1.295596109036219884e-02
2.317664491308706921e-03
3.259034890015117224e-03
6.040193184305208372e-03
6.991245807022725654e-03
3.938132818988922257e-03
8.855127229234415268e-03
3.520856644069594258e-03
1.152902931560868729e-03
5.895817406130376970e-03
4.227121751596799037e-03
1.651986344753916206e-03
1.308662559375063129e-03
1.957069522242815916e-03
4.274338832892219525e-03
4.835151363063621907e-03
2.566912838294987433e-03
1.253986128743707655e-03
5.838277083044763130e-03
3.549013345088372975e-03
1.879129667878469759e-03
2.624051395746450875e-03
2.225540468000301517e-03
5.127774987433056202e-03
5.555654639448179451e-03
1.468758844862558081e-03
2.327495545306832413e-03
2.835092021651117525e-03
1.109022684758057421e-03
3.332026408841676311e-03
5.356541561413926886e-03
1.355147714088750059e-03
4.379467833859328543e-03
3.596767013753307367e-03
4.533281835600628737e-03
1.439742431363800730e-03
1.780646946634281257e-03
2.734804694727237511e-03
3.039024344362664231e-03
2.370436588813742626e-03
5.846614540084517017e-03
1.386473720055597224e-03
7.800676237047070652e-03
1.623197945943575474e-03
3.907163543320811908e-03
1.828224341733971671e-03
2.828030955964822100e-03
2.904543165253614494e-03
1.306048878908636817e-03
2.218900311291811984e-03
1.952273839847353150e-03
1.339073953418634493e-03
1.433013778546499747e-03
5.150366302755495992e-03
6.641538818315538377e-03
1.389117877674633100e-03
3.518715489305096825e-03
1.152006732647057816e-02
1.782672171471188713e-03
2.895316219291478414e-03
5.567591998810859748e-03
2.194633352605704704e-03
3.408272884787734349e-03
3.043224719961032387e-03
5.071205895876574818e-03
1.203989407922167977e-03
6.480840833478718199e-03
2.763738766264617688e-03
5.551742156006811771e-03
2.133364138339671756e-03
1.773683049534001540e-03
1.513703110307474883e-03
2.450392378362394388e-03
2.741318833458757272e-03
4.354915568815233631e-03
2.994079082220033050e-03
2.867889522973997209e-03
5.801909312279655319e-03
2.299082961909643553e-03
2.168245752007305020e-03
2.786043326088406477e-03
1.970725009763308212e-03
1.459369657065020739e-03
2.898182589990778470e-03
1.419629888004862294e-03
1.449160954949133126e-03
3.052644335015227556e-03
2.403142693224789676e-03
3.019793560494725068e-03
7.985132161716179330e-03
2.691442577068859331e-03
1.506080325015117386e-03
4.042511289226700250e-03
1.859230015619346005e-03
8.943621581163931772e-03
2.247689388310955202e-03
7.772790027244106184e-03
1.455827550292223497e-03
1.479879686566171887e-03
2.884968148079119620e-03
1.317830942770298547e-03
1.587413444407096167e-03
4.299540541676629031e-03
3.365637998466162063e-03
2.874975086187781838e-03
5.666564437762196954e-03
6.828846806188027321e-03
1.724330798960361458e-03
8.132027047467058067e-03
1.731055949624684016e-03
1.045809986411681911e-03
8.450117054086311863e-03
3.314306902074658397e-03
6.128803990302369997e-03
9.041397326300949430e-03
2.289010652931057488e-03
2.132987469483347848e-03
4.571296549153671188e-03
3.443209142782279082e-03
4.527490637780903944e-03
3.525911028504495268e-03
5.348123828906824022e-03
1.742027054603710818e-03
2.478940783990812163e-03
1.483319514676327035e-03
5.638777854044165448e-03
4.309678165711398543e-03
2.089935851073756838e-03
2.621110038038058226e-03
4.230196611361675130e-03
1.075354434596380304e-03
4.306560093150447500e-03
4.047023354234617620e-03
5.140023447428284167e-03
4.829893869156865437e-03
2.908233623040441806e-03
4.754331274869981472e-03
3.371949136672506165e-03
4.904861961166630605e-03
1.506137762400631616e-02
5.033192604380200968e-03
1.447607780436856910e-03
1.245022392065438634e-03
9.076598091837764131e-04
7.941581405070412616e-03
3.833776410853470713e-03
3.896160934623104678e-03
1.318181693693824688e-03
4.535854673078668943e-03
3.859207839808240659e-03
2.891536913355544514e-03
8.992421058223471625e-04
3.689288249038514406e-03
5.070830764991589301e-03
7.115178012633421867e-03
1.727564320417960403e-03
2.048927539525821021e-03
1.708403683851530356e-03
7.944685556373925388e-04
1.344986659006397033e-03
8.785152651725969264e-03
2.008437031005175059e-03
1.616422219563101812e-03
3.430779258952767769e-03
1.509033390407751819e-03
1.525578494294247116e-03
4.579955830638467000e-03
7.699247050221658638e-03
7.094165719313578686e-03
1.947985414822851150e-03
4.267521166247105306e-03
2.114918652420811739e-03
2.645600673347132947e-03
1.947350004197101036e-03
8.141060710148093418e-03
3.518596002255094252e-03
1.061530513019501645e-03
2.842058663415132896e-03
3.472880156268256385e-03
1.265578791045389624e-03
4.634513652693580434e-03
8.729341847473048172e-03
2.600109589698669857e-03
3.666381390874539140e-03
6.700548448883770179e-03
1.967738654872764649e-03
2.646100382381709817e-03
2.620326359027128418e-03
3.261850475716706645e-03
3.299112016062230850e-03
3.766801005781392035e-03
3.534334065129221981e-03
8.745746052763528344e-03
5.453386170969383787e-03
4.093802852884367849e-03
2.949996413410220855e-03
2.826487695538413246e-03
5.040430306287701188e-03
4.390835400139793745e-03
4.218675744076143437e-03
1.681876491079306243e-03
7.288660643344624726e-03
4.727152592806459393e-03
2.265895626361120498e-03
1.057023593472904751e-03
4.845481045867565395e-03
3.313663543740963825e-03
1.866841113024881932e-03
1.960051565927132828e-03
1.337793203502281964e-03
1.778775861467780375e-03
4.388658676389235562e-03
5.494778879889698937e-03
2.477706077201759834e-03
4.561853459175675175e-03
2.220518786142726755e-03
6.829857979020990955e-03
1.510674932504501612e-03
2.194092293428222176e-03
1.529701177031823510e-03
5.947372837169439923e-03
1.848145502603628027e-03
4.462154363096827205e-03
2.119172453782749987e-03
2.452812842590527693e-03
3.673483325693777026e-03
1.923372140706209286e-03
2.260509421748534056e-03
3.359112830607752752e-03
2.394032479496403451e-03
2.513819728301004176e-03
4.433609496625394268e-03
3.823596190815754109e-03
1.845243729391347117e-03
6.472785708001448264e-03
2.170298933149444193e-03
4.757987793432680648e-03
2.376624232698537446e-03
2.453131037450989680e-03
4.235357785501451568e-03
4.404569068921261599e-03
1.290392143105079234e-03
1.807258982714773443e-03
2.682272691429428771e-03
3.492229179148962498e-03
4.364552374259990028e-03
3.378481892480005716e-03
7.557982148429398528e-03
3.931665618566513969e-03
1.657518522524927809e-03
2.743277991995146745e-03
1.375296170431929664e-03
2.731551656064957166e-03
2.212494237586422503e-03
8.742410055344578684e-04
9.459069216013077722e-03
2.284799956845167887e-03
2.042081678111566309e-03
1.026621462610543102e-03
3.095976868199953186e-03
5.566895704603238258e-03
7.171121142207585036e-03
3.329369508623389057e-03
2.019687496962307722e-03
3.408026267460186141e-03
4.086967670552167989e-03
2.272614118417698014e-03
1.913734085221295133e-03
1.909703686192436214e-03
2.492307678458297385e-03
8.976841641523093055e-04
2.723240972436361505e-03
1.703457929379623191e-03
4.498411894244544636e-03
1.598487690671749391e-03
1.678222009761259122e-03
2.761564844976686483e-03
4.501108828058213336e-03
4.264425962874573983e-03
4.606296001437000867e-03
2.230945448520834425e-03
5.907344418725994986e-03
4.981620335688378108e-03
2.374994384491109153e-03
8.390384459340474374e-03
2.459258863462127943e-03
5.193293556316002681e-03
2.031426541632394989e-03
2.792580703354724525e-03
2.258285606899363730e-03
2.118295350900890016e-03
3.843321875584443294e-03
7.052721619811687728e-03
3.832169446621606738e-03
2.277012088010889074e-03
3.750349211536867927e-03
4.274738790685359349e-03
2.575318939594817801e-03
2.132818373713496647e-03
1.528188964338269597e-03
1.579120341925883703e-03
6.692334574262884944e-03
4.921857027581938437e-03
4.693815486803523326e-03
4.716059159190227716e-03
1.396705005190919347e-03
3.030484755498430265e-03
9.041307491346640838e-04
5.237394541396473910e-03
2.813056462327523030e-03
3.995540570261487887e-03
2.896858926008911896e-03
2.014058315676004428e-03
2.927654556522821770e-03
6.771132367913554675e-03
9.696306960092853332e-04
2.064523981833355469e-03
2.313116160059918922e-03
1.423996550399980873e-03
3.198494050847789597e-03
3.266903550601041144e-03
2.645869756914144555e-03
7.499944606034379506e-03
4.830114148618350201e-03
1.889992060208314523e-03
1.554828752766156119e-03
4.854752084565779231e-03
2.688874235285509777e-03
2.628926167103852202e-03
1.062517541244830527e-02
1.253918972853319304e-03
2.318791361236187832e-03
2.589745205625721379e-03
2.179827152660759101e-03
3.569612604238312815e-03
3.081910002039788682e-03
1.060724338356779962e-03
4.463678026469172777e-03
3.486204969196006996e-03
1.062184652414394082e-03
6.554470661575139030e-03
2.425783901960578640e-03
1.568091784922649853e-03
2.954603818598117333e-03
9.581009066933671202e-04
1.846468601288451302e-03
1.389779947884610053e-03
3.261680022806467960e-03
1.417572860229144617e-03
3.871133081299987701e-03
1.100462164685393242e-02
4.827124358864372591e-03
5.242531369712775946e-03
4.352848296793428683e-03
2.463412262863959659e-03
2.889475025805513832e-03
1.967545332221542174e-03
4.957877402252832029e-03
9.905643721414187936e-04
1.221015072813147993e-02
1.486464010641129095e-03
1.827154578692996188e-03
3.906310390597493229e-03
6.489013917273272168e-03
2.681393695912616826e-03
2.690460942134588647e-03
7.297848027053988398e-03
4.533480833733447186e-03
1.191402105650664692e-02
2.646707384559796646e-03
1.029505919579074566e-03
3.226575426382353659e-03
2.006500422571302206e-03
1.136621869490806597e-03
3.775003838583474661e-03
1.595188288883314393e-03
2.393705616748998104e-03
4.476275667210139614e-03
1.502253837914956872e-03
3.614668217072668568e-03
4.307336425362663646e-03
3.417239676609531724e-03
8.047627612841563860e-03
2.067431317903044817e-03
4.027301157567929682e-03
4.781979988863366629e-03
3.132213732283471719e-03
5.085232817781183343e-03
3.172580217274529463e-03
6.887502108917203589e-03
4.821774367787984988e-03
3.691813540107993438e-03
1.309649519184499615e-03
1.232218747349247360e-03
4.832943969653412386e-03
1.142454876787174110e-03
2.808561148238718826e-03
2.739140877855655506e-03
6.809923614860192119e-03
1.507609155774119764e-03
2.093680775360711507e-03
2.912001895657866015e-03
4.921249854401112296e-03
2.285414164074795352e-03
5.283617023899282727e-03
1.473416007106458179e-03
5.840175445583267733e-03
5.715446384945778273e-03
2.290336332877676399e-03
5.529266562645390910e-03
4.505186727440161493e-03
1.515247328143647185e-03
8.421319230064443218e-03
2.375219583338594037e-03
3.866376417881364422e-03
3.123396868725836998e-03
5.831951855322313125e-03
2.608459813811336500e-03
2.519420075815361447e-03
1.392693329845600455e-03
5.333379954807315748e-03
3.302804030590852664e-03
5.013742863055991976e-03
1.640349484757982600e-03
2.079932975351594677e-03
5.446650903354778063e-03
5.511245876964098248e-03
3.277152541359401074e-03
3.889347992400957015e-03
6.707145697485024025e-03
3.556201825909182778e-03
2.143625183975485585e-03
5.197495388086867223e-03
1.168367573181476691e-03
1.605284680930852076e-03
3.899560183113012866e-03
1.776850907891752837e-03
1.570013544982714433e-03
4.056188767598292721e-03
3.311956397009561959e-03
3.623209265112893075e-03
9.192021795940300086e-04
2.140122355521566992e-03
3.946620661435175370e-03
2.203415522886307404e-03
2.912704843866037712e-03
2.891563648982839897e-03
4.641522317937820524e-03
1.463291123891918236e-03
2.653160278261402528e-03
5.139176251319859529e-03
5.255345681460939569e-03
2.652127862566154137e-03
3.304974322463294367e-03
3.338339188831109666e-03
4.414743191998814903e-03
3.170754883495825564e-03
1.365110397332527448e-03
3.722673045683923786e-03
2.106588044199246210e-03
1.483461368646511258e-03
1.175143612953621691e-03
1.027517242147320134e-03
2.094033825870744107e-03
1.284801306177112221e-03
2.406597229506332244e-03
4.357110556954895374e-03
4.979703743785312241e-03
3.223035619301090407e-03
1.003052159897986715e-03
1.832290322372242923e-03
2.228924349343410286e-03
5.231046069002566294e-03
1.868726446886848948e-03
4.081056084369013084e-03
2.544523352954857973e-03
2.561751842374442034e-03
5.901461980990304820e-03
4.839757108735130361e-03
6.542903713138122426e-03
1.054137529792589702e-03
1.662456006031324835e-03
5.696834020022027018e-03
6.287475933576825923e-03
4.336165046878681824e-03
3.298491084388416143e-03
1.077679862634264374e-03
3.771891697565284921e-03
2.802750203051474192e-03
3.871049625900705934e-03
1.523612475662881622e-03
3.406052858397685956e-03
1.705993597752112397e-03
3.851385717642410479e-03
2.695612117364780663e-03
6.563226634958415837e-03
1.486601468827809846e-03
1.196848796257261524e-02
4.137488609156214983e-03
2.749148476638896624e-03
3.509053873337066986e-03
2.142735401252757362e-03
1.243858692280520482e-03
2.404707866579649470e-03
3.843504878149940542e-03
1.170089068345010015e-03
5.835690771428232206e-03
7.011427150190218532e-03
3.324100929059529367e-03
2.197059828147121963e-03
3.187859160042438422e-03
3.940065289936230813e-03
1.749341800882956701e-03
3.550152210942522993e-03
8.973307643876321862e-03
3.264588491591718846e-03
1.778883315217412268e-03
3.535841856890412430e-03
1.367218145037334912e-03
3.841821862999982712e-03
1.979689941053867398e-03
8.076526506855124382e-03
7.667073715148395308e-03
3.066086758625313595e-03
8.401237700670926862e-04
1.186033730925730063e-03
3.057771476926515568e-03
4.413882241734610676e-03
1.151999675974021455e-03
6.614156660954992285e-04
4.471746145460360304e-03
1.654169689339230701e-03
2.855893096456106096e-03
5.910139142311082207e-03
5.266485402567406930e-03
1.314289560868826812e-03
2.630132823780547552e-03
4.369122078616255456e-03
2.083901585676784830e-03
1.139396312277204081e-03
1.759412979686800129e-03
2.281823454391447743e-03
3.958097253769277991e-03
3.443698132736570244e-03
3.237334576239171962e-03
5.119157296054538571e-03
4.471961818560869252e-03
2.345467100390588155e-03
1.612711400667427367e-03
4.752469073513474439e-03
3.513080898818737342e-03
5.393877788202196266e-03
2.856508099104866031e-03
6.902398551650788978e-03
1.097989396911142144e-03
2.967223278870876647e-03
6.933182711120438983e-03
2.757670457240984051e-03
2.737412968979887912e-03
9.718186472611169135e-03
1.362405346750096211e-03
5.963394455024751718e-03
3.431675480975884471e-03
2.271976609961062765e-03
5.548879794541845996e-03
1.925648555848816267e-03
1.802120753822814654e-03
3.727681179025031395e-03
4.698849823233280758e-03
4.643633550506692624e-03
3.042344527226837486e-03
5.336434292582096714e-03
3.908615697008895745e-03
3.826129015430056700e-03
2.144848037625849031e-03
2.466808140729719566e-03
5.853739273829221615e-03
2.770841789373176215e-03
2.380457014838795876e-03
4.397981912714451352e-03
1.621479673273723554e-03
4.541932643070461725e-03
1.849543932079299961e-03
2.827259064235545204e-03
3.206345791646244420e-03
9.101780894783523387e-04
1.694836251722829559e-03
2.833911267142104600e-03
3.269493303736617507e-03
4.776916291009162922e-03
4.302717068995409386e-03
5.726566549993298942e-03
2.705942202420592683e-03
3.643534013898461731e-03
3.426002038638468333e-03
4.626192345985854007e-03
3.894360563049138486e-03
3.797192889613294070e-03
5.048058398890968232e-03
4.740541402216788547e-03
5.499345995409778143e-03
5.339735631748898821e-03
3.388307546372191104e-03
4.732217436467190882e-03
2.848091155274516412e-03
1.224434035171095793e-03
1.636270503555439966e-03
1.555885798783420391e-03
4.790896027777511411e-03
2.790563530828860279e-03
6.123807291402366855e-03
4.412936380850647142e-03
3.723430800586267214e-03
1.046537207382219632e-03
4.238990670201936255e-03
4.199111985646498610e-03
2.293370433841166855e-03
1.725398770292878910e-03
8.422096085463685183e-03
5.985005060158983536e-03
2.304059306565177552e-03
3.984492286985520486e-03
3.582055657906404924e-03
4.071532541206845934e-03
1.204556458914568095e-03
4.234143511234693576e-03
4.126070096291140771e-03
3.914767497754326024e-03
1.932467556266025208e-03
9.575397080942538944e-04
1.474162350338196169e-03
2.836206050997602379e-03
6.099123303068640194e-03
5.686224143634996397e-03
1.367796245283586266e-02
2.293571798556535892e-03
4.785454791189588421e-03
1.565664755413286860e-03
3.377551517258521943e-03
2.296106580153551516e-03
5.077081018533540803e-03
4.800930611990312721e-03
5.871460514660687552e-03
2.164227535080160639e-03
3.232687166077343865e-03
1.849705411257379813e-03
3.152987626239404408e-03
3.937300378637696198e-03
3.751337625161582645e-03
4.394917927998846091e-03
2.429840058873416943e-03
1.914135904948449478e-03
1.744470521774540376e-03
4.731949698760310949e-03
4.278048204873959384e-03
9.810976547701660833e-03
4.081384482003284908e-03
2.571653361357941966e-03
4.691204704136072400e-03
2.669330719730536594e-03
1.391514668282825724e-03
2.391585125690003436e-03
6.936212483121069819e-03
1.344237553257581104e-03
1.117150329744524134e-03
3.109867131124844156e-03
5.888852905722214218e-03
3.098241853681147316e-03
1.586306810090312106e-03
4.112647120723524584e-03
5.943420954328745842e-03
8.118973143221627081e-03
2.679307137703429952e-03
7.350326003135598460e-03
2.850375586959234299e-03
4.440143489812202644e-03
4.318493574410991499e-03
3.675230332905524144e-03
3.138262140237821959e-03
6.640664809076681635e-03
3.812082384482749949e-03
5.018602291151903413e-03
5.621091865055236579e-03
4.608407850157172220e-03
2.951963558580827148e-03
1.722161010831073065e-03
4.821464635249897088e-03
3.552035212963576723e-03
4.989049578606863551e-03
4.566147896710947250e-03
5.336610563104832172e-03
8.773787399615400138e-04
2.191885174448472348e-03
1.021722966546563137e-03
1.330768714021257236e-03
3.832331113236315309e-03
2.469025921835643969e-03
1.742255486257426097e-03
3.946757510654786208e-03
3.892283117208531797e-03
1.157008204181724431e-03
2.898033736117754805e-03
2.662700050125973300e-03
4.183335266518638587e-03
2.948990751539070851e-03
7.814305725834110820e-04
5.066586901845993376e-03
1.612858984390153592e-03
3.472762198163925271e-03
1.800029238914864754e-03
3.128878286828853071e-03
4.554743393129385802e-03
1.664951209161604287e-03
2.897434721716194567e-03
3.804143257912074357e-03
1.995056261109409961e-03
2.637783218370745846e-03
6.051664587395770914e-03
3.125319430019793312e-03
2.474868491336533818e-03
5.854799571557850468e-03
1.764697495600324635e-03
2.544308932667074547e-03
4.352831884309563658e-03
5.572630812745167465e-03
1.590583588938119207e-03
3.601400178547227611e-03
2.619439675570862588e-03
3.341413057029591661e-03
7.421122818720609152e-03
3.218690472848638462e-03
3.484672221257401580e-03
5.786045292706872706e-03
8.837421218813940743e-03
2.103730729971436432e-03
1.408109194416775050e-03
3.967280216765241285e-03
4.319094763644228466e-03
3.323932572805359930e-03
4.700904015404811648e-03
1.350301813674171592e-03
7.869642940877840526e-03
1.007340432612382781e-03
2.583523129353627532e-03
2.782065480678491166e-03
1.685745884295776357e-03
1.909689934560034833e-03
4.136422644779260208e-03
2.463118166008935583e-03
3.429809151906933456e-03
2.834587378266085513e-03
6.467722330186930282e-03
1.147266004959344651e-02
4.741627831885628953e-03
6.529411900272914099e-03
1.694984618032649871e-03
5.335947252067325085e-03
2.711127422017163210e-03
2.632501994119330023e-03
5.814415841474693605e-03
8.048494071618376164e-04
7.226977217846716241e-03
2.304480525042658032e-03
1.042213781970782347e-03
3.123151838384022588e-03
3.306317953072612174e-03
1.565750470866053264e-03
1.629313851212392528e-03
2.817472673016299493e-03
1.529523797650694274e-03
3.002549952300993460e-03
1.041562576783130155e-02
2.325850814516866680e-03
1.352156075120179799e-03
1.343351931669562686e-03
5.179253295836377079e-03
1.786195536963260501e-03
5.607922785151302908e-03
3.202709429458274262e-03
1.569857213776123563e-03
4.745883301506126709e-03
2.941816887515995901e-03
4.608200329715947050e-03
1.141372043989436966e-03
1.457724652821547340e-03
2.690179471013003781e-03
3.082352253603484575e-03
1.212323841427533511e-03
1.417930746054819023e-03
2.135062787739843045e-03
3.950676508860531157e-03
3.754401079732226990e-03
3.545693478310736873e-03
2.633524574068342710e-03
6.143582289454881801e-03
1.663315307714360782e-03
2.057317823957077393e-03
3.205902802489011064e-03
3.901958007570285620e-03
2.538471631017361670e-03
2.607884663412264777e-03
2.834261768699493193e-03
4.090915881549490180e-03
1.026176371398467360e-02
3.147616764289423198e-03
4.958202972979348228e-03
3.844329731654695225e-03
3.301326572567288113e-03
2.544109938750727454e-03
3.086066607039441440e-03
1.667490224706785502e-03
1.148626713477005762e-02
3.162879253370715852e-03
1.849418389605344756e-03
1.250143610805084377e-02
2.217291311340489554e-03
1.485076007123673934e-03
8.556144307077093907e-04
2.525206588279318813e-03
1.720007929668137788e-03
1.314619091272068406e-03
5.451022368416555755e-03
2.384558701150112092e-03
2.920285235004911259e-03
1.727143207155351461e-03
6.152229491199510264e-03
2.603939592738451630e-03
1.546891763945680044e-03
1.858779295083293377e-03
1.754874281648474959e-03
1.851449355220579967e-03
5.439168339956026305e-03
1.105446669498487411e-03
2.567449663088646784e-03
1.280065103230531784e-02
1.911013511289103538e-03
1.707691883906141753e-03
2.686698885872565359e-03
6.388444392561681145e-03
2.164617671973941525e-03
5.416764130008779043e-03
3.373815800004935622e-03
2.587104126537139934e-03
5.262411340166961264e-03
1.935441546020465805e-03
7.527938858580248208e-04
3.290312331882801720e-03
2.178216447514765876e-03
3.351428724911014075e-03
2.445209189469924396e-03
2.840476335443526887e-03
1.346675825884552889e-03
2.626618853707486483e-03
1.330105422879432906e-03
3.709546660794269327e-03
1.194039474020543124e-03
3.344582686319333420e-03
1.056317669966511281e-03
3.567654272456497432e-03
1.649046804100164640e-03
2.385950182271251441e-03
5.293163087042252780e-03
8.243229283005450159e-03
3.686465631275240296e-03
5.091835863091765009e-03
7.146251226758025717e-03
3.476922066750026859e-03
1.255989441978521814e-03
3.540292626428015368e-03
9.247765156691014786e-04
2.745784395090732077e-03
3.683062651206571274e-03
3.521232994942340329e-03
2.957106119436319052e-03
2.283538804175815670e-03
3.873624391810691521e-03
4.869175323193574226e-03
1.277307192086650934e-03
3.803010017629910016e-03
3.725955401941139639e-03
1.338636915678894940e-03
3.192270404852561722e-03
3.707160432075647105e-03
4.765234201649542686e-03
1.250130044751857723e-03
5.226317739885773597e-03
1.020734166891268304e-03
1.463940885112439885e-03
2.834356235836083850e-03
3.226681158756520423e-03
4.799401369112602476e-03
4.577189572620141145e-03
1.898781619000615949e-03
1.006718457246932787e-03
5.349247370877738793e-03
2.162630570743865818e-03
3.104582452662880097e-03
1.505246870431366322e-03
1.068413918077448961e-03
5.383864566854142976e-03
4.063106184589163755e-03
3.992651412489493790e-03
4.631673715887331400e-03
5.358190203643112444e-03
2.316398594834372625e-03
4.110268911188578837e-03
3.178860340842267103e-03
5.130205403932862514e-03
3.108890439118627315e-03
1.354045844247789418e-03
3.799533818148276027e-03
2.577632611946557503e-03
6.119205043759312103e-03
3.579908011283499010e-03
1.563003296624536440e-03
7.861085105565797718e-03
2.653059074445771309e-03
1.985264609930051383e-03
5.951251822470087979e-03
8.995128692408903021e-04
5.940968119408731631e-03
1.318639419448204824e-03
1.785281056950399365e-03
1.723374036833040914e-03
3.265164690933407797e-03
5.748233379182796435e-03
9.880739460626369874e-03
5.533680078562851559e-03
3.361415481117193370e-03
2.266194653551910528e-03
1.874975957829221399e-03
2.329702281428388307e-03
4.690811758546494306e-03
3.863736378684329113e-03
9.297389715153194130e-04
2.361476829186503687e-03
3.880207609298929120e-03
3.438198395103271229e-03
5.812677173564272798e-03
4.417410169187056812e-03
2.888895750131280707e-03
1.012783766865480578e-02
4.621732078181063977e-03
2.972085912429034849e-03
2.216054948718593123e-03
2.830052160626016396e-03
9.379726475070781014e-03
3.752122694527071367e-03
2.151899343106682475e-03
2.642868821971480937e-03
2.194244577136727006e-03
5.592992427388045716e-03
2.535054781267234193e-03
3.913414120485915124e-03
1.807549787092354709e-03
1.821000626924431775e-03
8.933772841714414728e-04
2.672480593182357915e-03
2.445159379858050531e-03
4.735661236336939986e-03
3.447092335414067739e-03
4.322278279741284535e-03
9.375205954367713500e-04
1.718062354238785675e-03
2.923125232864965100e-03
1.814625950797897494e-03
1.269580465196396349e-03
9.760410465046484140e-04
6.341229229262429663e-03
4.737964688782376511e-03
2.148766957160785397e-03
4.358460330157461898e-03
2.195084382891940300e-03
6.825252329883043159e-03
5.124245273790623348e-03
3.279839313608687301e-03
2.538755791426591975e-03
2.661558838335242004e-03
2.046131240957301065e-03
3.444661070395856582e-03
1.655368416803351542e-03
4.894536955957485592e-03
2.166640178098071072e-03
2.987233072352120551e-03
2.215808501180153902e-03
9.298208427625853645e-03
1.983001699577532917e-03
5.146419848574464335e-03
2.192868127628916277e-03
4.114105878811223291e-03
1.990033374801383065e-03
1.779304293224155458e-03
3.394971822113655897e-03
2.259973333637320218e-03
1.934775936675587260e-03
2.137477688656526809e-03
5.240734396434881814e-03
3.655510830543684010e-03
9.854022408813745484e-04
2.493712695149629191e-03
3.231881824766753408e-03
2.678674229601055862e-03
2.006256590586901964e-03
5.377386541810681014e-03
7.036923441069052425e-03
4.700484362842836071e-03
2.238349029560147019e-03
3.558285865398728813e-03
1.081384208423111356e-03
2.807779548543600130e-03
9.422081240468983820e-03
2.024020497008117460e-03
2.685617644721366090e-03
1.477826487338297114e-03
2.033989794246708702e-03
7.198128539866069202e-03
7.809630489812293720e-03
1.326513851391636096e-03
1.726101169599735148e-03
5.998410952201924974e-03
5.609208366555640951e-03
1.585769426740683049e-03
2.302680356830348780e-03
2.776484144440669564e-03
3.657050656086714702e-03
3.645414108744671720e-03
1.743826137959288494e-03
4.802982996483774747e-03
5.590207685776530863e-03
4.949873276129950102e-03
7.085649367413622383e-03
5.329126014287734192e-03
1.421302680509772386e-03
1.573416330492901933e-03
4.907220660300864665e-03
3.396142328589228741e-03
3.095070894438437491e-03
3.387267498075108296e-03
2.603569709989029830e-03
3.970498047183012094e-03
3.231042902183080788e-03
5.963487672907464079e-03
2.871287431021926628e-03
3.957110179750986459e-03
1.410355756250986168e-03
1.230492929254662065e-03
2.424453731965056300e-03
1.726628440715201329e-03
4.706106507378666690e-03
3.359267285448271773e-03
2.077889535242000325e-03
3.768697126792566569e-03
1.248096760808918657e-03
1.499556386433095355e-03
1.937863911211991667e-03
1.093392854780442930e-03
4.601397102536873215e-03
2.291590970993290580e-03
1.673442912798678685e-03
2.282331820198039551e-03
4.020669398629833288e-03
3.274865681501000231e-03
1.033760996858673186e-03
1.757175075582513698e-03
3.616537513027285981e-03
1.522124897064247671e-03
2.284637228088157689e-03
4.606826931330011872e-03
7.570812176958095427e-03
9.623887683449834293e-03
1.818515070838721539e-03
4.672910597866571959e-03
2.250156224314760027e-03
4.084636176458355736e-03
3.313887998398687678e-03
2.897656058068743146e-03
2.441852429039194795e-03
1.076711129434394136e-03
1.970385873921267662e-03
1.834017388572690803e-03
5.590053530437598568e-03
1.388321021671310015e-03
4.484118432687405481e-03
2.975844977298441885e-03
1.153831673168510472e-02
6.296735943950068637e-03
4.952095257322583488e-03
1.081512632506147903e-03
2.172001893434073478e-03
2.413030511453631219e-03
2.695738792372017432e-03
4.168039301004267637e-03
2.101005922226280992e-03
2.507478294877420275e-03
3.720790397733163106e-03
2.324479162013119889e-03
5.283955723823164502e-03
5.862929181554800938e-03
2.948840435794560910e-03
3.430976515377043203e-03
3.700779846890183376e-03
1.615811075372368920e-03
1.365952353677773838e-03
8.717398086344136168e-04
3.635966719030980614e-03
2.273736104384079665e-03
3.003766714573368954e-03
3.905186963477094708e-03
4.111140217505894479e-03
4.312899358944207069e-03
2.778146325972468203e-03
2.163090005739084446e-03
3.275125979471855010e-03
4.542789817335707997e-03
3.496150615529419921e-03
1.399139742993271924e-03
4.001594128724424160e-03
1.463868889365380500e-03
1.599466620546563262e-03
4.889723284512110385e-03
1.327674354977630882e-03
2.218891469366294708e-03
2.359490200791897543e-03
2.727602769854883379e-03
4.011735071786743864e-03
3.112950654371351121e-03
3.900229873525317900e-03
9.940798346243541472e-04
1.294089630603396110e-03
2.809362092659291408e-03
2.136174933089336064e-03
1.742307974867685939e-03
2.667769356157932530e-03
3.455360020278564186e-03
3.020387355291109712e-03
4.352329414337551515e-03
3.219390388798384472e-03
1.454149627782500964e-03
1.168798848824866054e-03
5.536962396384091656e-03
1.117064676212482788e-03
1.777815761208107912e-03
2.149062257177429287e-03
8.226787866922848557e-04
2.506184017426935605e-03
6.572694089474737100e-03
1.188331400283469067e-03
4.661114265891058359e-03
2.583084852938516071e-03
7.805139870953626928e-03
3.319871213518047273e-03
6.363379981797643789e-03
8.051884994562674008e-03
4.312167185453462045e-03
4.118468404734330381e-03
1.529999238254761175e-03
1.897325723411756983e-03
4.835459038409461660e-03
3.622543711863207908e-03
2.133971664500554540e-03
5.890939929464881347e-03
6.639973764734696977e-03
5.094145376700020579e-03
2.183629524422706948e-03
3.791726878855363522e-03
5.884170707403187442e-03
5.888200205925162890e-03
1.961621186711240417e-03
3.524862815560151665e-03
2.230099571389349174e-03
5.246066637957411474e-03
1.331958174349179031e-03
5.609856950582291571e-03
3.551808137992288651e-03
5.825202928248805756e-03
6.598852024943872158e-03
5.316711901852425211e-03
4.686579497918992240e-03
6.564879460586554166e-03
1.740955623549032046e-03
3.486385578597434119e-03
2.882773135045237078e-03
1.760122450168890478e-03
4.338525346753091712e-03
1.591625012960315270e-03
2.236622351250956015e-03
8.087861556613024777e-03
1.341954249770214644e-02
2.495982005865211850e-03
1.304140360530540825e-03
3.525531760903332680e-03
6.380551174564995202e-03
1.858922580271318023e-03
3.952175822012041380e-03
3.978450996883289154e-03
2.578579230675932463e-03
7.902522196044831776e-03
4.169469161834866988e-03
7.912938849139556849e-03
7.495567724880454127e-03
8.015518765138670426e-03
7.126491959042051058e-03
1.570314499953554639e-03
2.665124630589046743e-03
3.906148023485495144e-03
4.907423604884577489e-03
5.813142154611302369e-03
5.265130350270081847e-03
3.765154641782944653e-03
3.573613559328480023e-03
2.284974242223705883e-03
7.277460831343219444e-03
1.342168729906231947e-03
2.388551807692465036e-03
1.381741533875654755e-03
2.325707014105748462e-03
3.071752223756052391e-03
4.188671583175488516e-03
1.409019520571058986e-03
9.415150805009101648e-03
4.981304386289104637e-03
4.218862395752985377e-03
3.853448837043991181e-03
3.671243582539242354e-03
4.741955920493845164e-03
1.187510538357935269e-02
1.491709301558108913e-03
4.216486741138556968e-03
5.183906483798835473e-03
1.664930562558749813e-03
8.285556719497381289e-03
1.840909495813096257e-03
6.063419108927453442e-03
2.079912429738706593e-03
4.858502095720030646e-03
1.511884060736057040e-03
3.682406663307169654e-03
2.195361148365135122e-03
1.185451936358702073e-03
2.729985500058334895e-03
4.069532924227945749e-03
5.217259291768049957e-03
3.631769335052260211e-03
1.191206676670998306e-03
2.820332106152054642e-03
3.139167502425212544e-03
1.464162454392876379e-03
1.248235189092626206e-03
4.780505962846492637e-03
1.809717093329827556e-03
1.408910860406390646e-03
9.977708253473666598e-04
3.772195683299687120e-03
1.999217387377583751e-03
2.831555716769880351e-03
1.445759540614614293e-03
4.710819545437333958e-03
3.873135720714380743e-03
4.179602189485334685e-03
1.578402113035520631e-03
4.672066958383918125e-03
1.875718245524896815e-03
1.730532247984408085e-03
3.071390255654889417e-03
2.330580195329539934e-03
1.470018683822456144e-03
7.201969114199065040e-03
2.054344271094647647e-03
5.943450803238894097e-03
9.141540762984345925e-03
4.517365352990602642e-03
2.763415596451648457e-03
1.181185987508251347e-03
1.871692790870805364e-03
5.111012188305867274e-03
4.949197869113091189e-03
3.799036862328854149e-03
1.180777748197040823e-03
5.371304144523431773e-03
1.493227015639433074e-03
3.578853736276046537e-03
1.085115843159126757e-02
1.466904559787492613e-03
2.761292342891422114e-03
1.929445403460514682e-03
3.782966674308616342e-03
1.800910006327046276e-03
2.248693265752496357e-03
9.438562124183768470e-03
2.817913630245750568e-03
6.102091937492609176e-03
5.150897480698969112e-03
2.555409513209573602e-03
3.735682602711991145e-03
3.863157546303502311e-03
2.440231700486116765e-03
1.800198278659147439e-03
2.115620606221385938e-03
4.036281863357273764e-03
2.223991596178493107e-03
4.294013338218449945e-03
2.192356163650446832e-03
2.086945638615916431e-03
1.592220826602708033e-03
1.462962888887295310e-03
5.185222529218808281e-03
3.756526110878538171e-03
3.858419710053235044e-03
3.665723572233537536e-03
2.455557828322375673e-03
6.738659114551347716e-03
2.736349970163472027e-03
9.093715991644220342e-03
5.205741521769383616e-03
3.392218412204630034e-03
1.611472347390902581e-03
4.077269214945394502e-03
4.418341635165132404e-03
3.185422992073601474e-03
4.158749369958272997e-03
1.568205778295895863e-03
2.353124841216722857e-03
4.217636609509486587e-03
1.263109286328054255e-03
1.880253686349300443e-03
5.654607306787308094e-03
3.133531547173344992e-03
1.758459009126956980e-03
1.032744384877623415e-03
8.320007820582960012e-04
3.836128133808468926e-03
5.391706322789517787e-03
3.105065381840657786e-03
5.048924020546491365e-03
4.645777955562571150e-03
3.779894461131748026e-03
1.930776221256824861e-03
3.178045363394494619e-03
1.757077251650070258e-03
3.675095181225194324e-03
4.980130531438589463e-03
1.841314332027467731e-03
2.516800550073425638e-03
1.055339611684658844e-03
2.840441405173497157e-03
2.947121771779776835e-03
2.618936980642316576e-03
2.959728752313563888e-03
1.071424041246501081e-03
1.768020100814616993e-03
2.015565723761436612e-03
1.256667398300783788e-03
7.053265431589246515e-03
3.623344419096579620e-03
2.351416673566584722e-03
1.716354712788393209e-03
3.253198312438085934e-03
2.168794626524773398e-03
3.765562456931840097e-03
2.309233601365811260e-03
5.083434448267068820e-03
3.680298134888735414e-03
1.211178809452161369e-03
1.925094976320436847e-03
2.546597386442655056e-03
2.789047724344817861e-03
2.241293011997817775e-03
5.062774858106872805e-03
4.553608365646048817e-03
2.285209468516668022e-03
1.694297491830382835e-03
1.506989436009888161e-03
3.251895133570545555e-03
7.374543254407769054e-03
1.221953001374401909e-03
2.226157435835283537e-03
4.186047366891007190e-03
1.545512818620391280e-03
2.690951576705421719e-03
1.615434664465349723e-03
2.463029744815868095e-03
6.515209354353106858e-03
2.604695868254844511e-03
1.018189807570654953e-03
3.124741605623691711e-03
2.612989818297559511e-03
5.086384905638077769e-03
1.048338692337882124e-03
4.248548683621429858e-03
2.758865516898649419e-03
4.306038895603143610e-03
2.334495080127309535e-03
1.129941733817046165e-03
1.989493181464633415e-03
1.917066235784806649e-03
5.962130128686991132e-03
5.280471948637966047e-03
3.758718395256687491e-03
1.712280600971542331e-03
4.356097334043147057e-03
6.717964532689758503e-03
2.397939515384574401e-03
3.748054984925296932e-03
1.479110381195489514e-03
5.201322684223156842e-03
7.237831955609363467e-03
1.566659185836682825e-03
3.330470284536620265e-03
3.815117273978495954e-03
1.635872156869637960e-03
2.353783240081315856e-03
9.137140981154572711e-03
2.948729006243804279e-03
3.019094325110039962e-03
1.455356255487384818e-03
3.985901459086914345e-03
5.461424632344625760e-03
8.105683721539398354e-03
4.831982619867927244e-03
4.627126538567134101e-03
1.829727645201773695e-03
3.666784917050244525e-03
1.226100974692179331e-03
1.285130241806867711e-03
1.300240251123867610e-03
1.781581292716310789e-03
1.635554320232665256e-03
2.970848678687969865e-03
3.200220564899695311e-03
9.660920509039695736e-03
2.218852809217001891e-03
2.776162323652834989e-03
1.176494087454909437e-02
4.934092098796676734e-03
4.054201379847745604e-03
1.186217268687869003e-02
4.917866322590032716e-03
3.912782433588519321e-03
1.858312178653474377e-03
4.960198318096346870e-03
1.158969369879514748e-03
1.423228694288980380e-03
1.753970867968453716e-03
7.616541025331639674e-03
1.254002668779184357e-02
3.109514594653127375e-03
2.027680182109448202e-03
1.305839368339392452e-03
3.189754794266072557e-03
4.501247731027715679e-03
3.129103759022591573e-03
7.652611462525833307e-04
7.254308620780224211e-03
8.799777541454743834e-03
1.094012988443565388e-03
4.319849132227360743e-03
2.294615339457877021e-03
4.820979666643018108e-03
2.762365874266711242e-03
3.103185390982469982e-03
3.363791483709728612e-03
2.458451261815757828e-03
1.808956682834688334e-03
5.598928429419936653e-03
5.520489402270240507e-03
4.083427516450592078e-03
1.649774254453120585e-03
3.855654506444454975e-03
3.037424322910362018e-03
3.190897842026528628e-03
2.967257169876680919e-03
9.286508739697127294e-04
5.421926520615837422e-03
1.525370419144058505e-03
7.111720715140728080e-03
2.225693327580641808e-03
1.751605142525597923e-03
1.312898758788131129e-03
3.577470791096629306e-03
1.691002747314198848e-03
3.026548820468164328e-03
2.305209964788692417e-03
6.084188042515136299e-03
3.130329524218620606e-03
2.375259067685197515e-03
5.464229234176677316e-03
1.546735304448677894e-03
2.459843292181464105e-03
4.245489573003628780e-03
4.709192890738698144e-03
2.727384058572871611e-03
8.377307691289205202e-03
5.185165328613633093e-03
1.228837973485705660e-03
4.247570978317448745e-03
2.704247208767798089e-03
8.008993560830648256e-03
4.293176323105103546e-03
3.446465291841551912e-03
3.979714420387064217e-03
5.049835294059282914e-03
1.882731465819342202e-03
3.283653730938103105e-03
6.062836171359250841e-03
4.025582260727076853e-03
5.761049711011148253e-03
1.310326159377854559e-03
3.720867995703609939e-03
1.015909192752005499e-03
1.609804236383654023e-03
2.648398733629630727e-03
3.492903908438588570e-03
7.727234430593190803e-03
3.239559240508992858e-03
5.208320025427641553e-03
1.594593390927153114e-03
1.479770523910255500e-03
1.132857758111573869e-03
5.273699433337750847e-03
1.143484766002675953e-03
4.689669305269166324e-03
2.469305895213809530e-03
2.011440545869724178e-03
4.949135679805728542e-03
9.777400416023580062e-04
3.259066891214159462e-03
5.486562571916328047e-03
1.994843941538634001e-03
4.463901710491331720e-03
2.556506811574301308e-03
2.027129701615356435e-03
1.785481920760611640e-03
3.303570861721904367e-03
3.650070741170702987e-03
1.033166762915783358e-03
1.725624087714415413e-03
3.791669894742758298e-03
3.253939339401370253e-03
5.607382236425554646e-03
2.780387433588805100e-03
5.149217748396172495e-03
1.659967707630979460e-03
3.699200382629867171e-03
3.064044428224531498e-03
8.320137734108747768e-04
1.457753964688661202e-03
1.497870478372470646e-03
4.479935071824609621e-03
1.781229526867959259e-03
2.176324454009844790e-03
7.042141188402158483e-03
8.886221796787942620e-03
3.491088760853264771e-03
1.685838511397947694e-03
5.245875181734959217e-03
1.720900270136942363e-03
5.091593364176739273e-03
4.015110300284096753e-03
3.918643633029552688e-03
1.269580126211521890e-03
4.981355396628799927e-03
3.581036608115737135e-03
2.069365725604945146e-03
3.811123004310540668e-03
3.373900157176190455e-03
1.780892109140197162e-03
7.658335365302547382e-03
3.275060933822132245e-03
3.420395133335683326e-03
1.127123246257607896e-02
3.581138172901648931e-03
6.617040415915887916e-03
2.420640613534554703e-03
5.336515786529449218e-03
1.541467959656481809e-03
3.844268790255230689e-03
4.932776127707768667e-03
3.872118760720366822e-03
3.121503657950383277e-03
4.426008120216952217e-03
5.828134561405418253e-03
5.650348366108882275e-03
2.344067207176710275e-03
5.449464529706098646e-03
1.172464290991305936e-03
2.840469637443353724e-03
2.935031610157123449e-03
5.275378470365047964e-03
3.951093252404170621e-03
3.241269399537603270e-03
2.492061672821191398e-03
1.773994744030179573e-03
1.338527119412215739e-03
3.111333309590186801e-03
9.360727030224142960e-04
2.575455347010922099e-03
2.719346066508796823e-03
2.986929034549234280e-03
3.259751468976340369e-03
2.385050972488899843e-03
1.408273270046557848e-03
5.166239218859199414e-03
5.154082512613693615e-03
3.333590544455387449e-03
1.500324376251131525e-03
3.876318966336549099e-03
5.909235344323093136e-03
2.761624787875645217e-03
4.696173254328232620e-03
3.044619293206487446e-03
2.006308945835033608e-03
1.615641557901239004e-03
4.376127123012046351e-03
4.303665869431344548e-03
1.762820111453777859e-03
4.560456057771977365e-03
6.164176792691683504e-03
1.900250204451119041e-03
3.481104393450320123e-03
2.847780263210689632e-03
4.753688618339990159e-03
1.788729278927178850e-03
1.117018558944929407e-03
6.134531540317115193e-03
3.278345175179257602e-03
1.911836122089627344e-03
4.877234303399880129e-03
1.143707883074153182e-03
1.204412413944522080e-03
2.727178968365444496e-03
2.238310254843706767e-03
8.932565891063042746e-03
5.133108733069534704e-03
1.669665502013325305e-03
2.199659486547250915e-03
1.338912844917767523e-03
6.617256344039390906e-03
2.043694599905795592e-03
2.333729696938106717e-03
4.231670098525666668e-03
3.518161688822824418e-03
1.682518192886025762e-03
3.146224245336014073e-03
6.629959940197345698e-04
7.185567779369691523e-03
3.826917829196217324e-03
4.385545560440923946e-03
5.499829645153633123e-03
3.548705497998449858e-03
2.995173241458839314e-03
2.491858660989369582e-03
1.210175335286055396e-03
5.246329250720522565e-03
2.203043005279371573e-03
2.345078128569486227e-03
1.833496224182630790e-03
3.269908403533805085e-03
5.495630241280398919e-03
2.180433670483479351e-03
1.373295689826324172e-03
3.869575122015451226e-03
5.458355183367675015e-03
2.197188185399166598e-03
4.598760663233003587e-03
2.206687358966684647e-03
3.436784808582958421e-03
1.566986034758054754e-03
2.235233929646182616e-03
1.630725152023849642e-03
3.346769012595133576e-03
1.259851478099426568e-03
3.266298345589801946e-03
4.016390069614416553e-03
5.028236729318149439e-03
3.151458432048259359e-03
7.150921747289309613e-03
5.341659997150498794e-03
4.267665406655039850e-03
1.282892017941026589e-03
1.481669096234813649e-03
2.020096306072525702e-03
6.231028510452828878e-03
2.683967642211138645e-03
4.060651034414374319e-03
2.026128457638414447e-03
4.863211201546143586e-03
2.951575329247268890e-03
5.546501325561203552e-03
5.198718488716546141e-03
8.015403176765897864e-03
2.914343426712269047e-03
3.776245793014496206e-03
1.776791733202095179e-03
3.945169267109775377e-03
1.636393219478103969e-03
3.837569342426299865e-03
4.963017121723213229e-03
3.513398558634379682e-03
3.511325564891231051e-03
1.480198126462719047e-03
4.498005785017905947e-03
3.080500205625882545e-03
3.148023010848950871e-03
1.641793329690206457e-03
2.636264133786677625e-03
2.997502713574281240e-03
5.552364356970951667e-03
5.469326025739313507e-03
1.622120819566342425e-03
7.361180390225844847e-03
1.274690833299183543e-03
5.203255248826098994e-03
4.978622233425873504e-03
2.731248640208231403e-03
1.510296556439805421e-03
2.501400951475598808e-03
4.028132677433768176e-03
3.531488128188666441e-03
3.495255947405768050e-03
2.321522006357087942e-03
4.229674095464578190e-03
3.655739716779678444e-03
2.347624218779229520e-03
1.708425895606267928e-03
4.487928091744352969e-03
1.577499812410650907e-03
5.158126858814070931e-03
1.427294596989747959e-03
4.932028339513108359e-03
2.064830636603478403e-03
4.340920023027140806e-03
3.781171622832026676e-03
2.472025220809546085e-03
1.085547668869891189e-03
4.134733785404154718e-03
1.084869978282120484e-03
1.037683893347574916e-03
1.675669732506101205e-03
1.997074936045888528e-03
3.258909544701441875e-03
8.212610970517023046e-03
7.558314688396700759e-03
1.044209222600263462e-03
4.432713663466753343e-03
6.847278786428236813e-03
2.267448196635021666e-03
3.182214137465363794e-03
2.581948769561622468e-03
2.860970417816366147e-03
1.786874877911967009e-03
2.004592691626551522e-03
3.788738633266042731e-03
1.617743029506628523e-03
6.877454881526440245e-03
1.423176663344243855e-03
3.143974325393778229e-03
2.986057684401114635e-03
5.722088318466616967e-03
1.958508598635049815e-03
3.739639522864328120e-03
2.804437024302304862e-03
2.068949213970017100e-03
1.294891821027697272e-03
1.375481734881138811e-03
5.066203911871224388e-03
3.474269563313414459e-03
1.304144686732870359e-03
3.365149923364254853e-03
3.810891924315576614e-03
2.746535396691475710e-03
2.148883672072219794e-03
2.357290503070483441e-03
2.022066561667821508e-03
1.719498423719994281e-03
9.705209928499646758e-04
1.471269149998943697e-03
3.954197949836308137e-03
6.654131208671136555e-03
1.282274172344003999e-03
1.803503098662937116e-03
1.723597372012164019e-03
4.206538934178211467e-03
3.076846299258296797e-03
3.605563219081450894e-03
9.391208543421098549e-04
2.062192450019702944e-03
3.838540389848069719e-03
3.927554683277998185e-03
4.673455232210901519e-03
1.670345459541361724e-03
3.548643203381020989e-03
5.392274370667178227e-03
2.208131471736469661e-03
1.612417425749572853e-03
2.038731822837030073e-03
5.019133224609556923e-03
5.588106348366718087e-03
5.714487753722923349e-03
7.478312666291916586e-03
4.348130063346350264e-03
6.087775280517911114e-03
3.118350813970608565e-03
7.129613918985168268e-03
2.431951195760582995e-03
5.660988462179199036e-03
1.428826043299604148e-03
4.908238341942338691e-03
1.084316116040217031e-03
1.839413955274921044e-03
1.023433436001378689e-03
1.073503930482786264e-03
1.412411517734062354e-03
2.387424967458443188e-03
6.096512038036613901e-03
3.126541084501854775e-03
4.960558304220899668e-03
2.705336191678193308e-03
7.459278513510947048e-03
3.731456037770118379e-03
2.991821392958872883e-03
5.504294396593934630e-03
3.487841027392956164e-03
1.113823539961627390e-03
4.872909521155590826e-03
8.362022567841085989e-04
1.886455490765905768e-03
3.019153642693487953e-03
2.953414606412212672e-03
4.511138084573395636e-03
1.912435676588400413e-03
1.256664298921521868e-03
1.689689609951457909e-03
5.113608614016626995e-03
4.216187204567378374e-03
3.857059327871032763e-03
5.311766085661367640e-03
4.766372985743123902e-03
1.085016409067196194e-03
3.641948518306632743e-03
3.147532747991744692e-03
3.508638195446767399e-03
1.883501049914154506e-03
3.633224496147281248e-03
2.376043303806653004e-03
1.718933714067272071e-03
5.270903980214155030e-03
3.205723661302182885e-03
5.536011052568858525e-03
6.108336129396743988e-03
1.083249240786457977e-02
2.647911141130053145e-03
2.086183342893108139e-03
1.327452104761136630e-03
2.381226561549467258e-03
1.718416803887298262e-03
1.278118674547096094e-03
1.312641147741946306e-03
1.309331535719392408e-03
6.084716533691388388e-03
2.066511316908315170e-03
1.724758323425618165e-03
5.494796547571435819e-03
3.762940728416361291e-03
2.203042567408166567e-03
5.448805225854152362e-03
2.372165659160563669e-03
3.417627709376529210e-03
4.307918301372866757e-03
1.139131067775673569e-03
2.386820909268671641e-03
8.506978762527369047e-04
2.973784395333884702e-03
3.524829440555473335e-03
1.942204585549666372e-03
2.793243590704915912e-03
4.402449029470308257e-03
1.391191303021835661e-03
1.782575057666617360e-03
3.381640163594312569e-03
9.575285719303431708e-04
3.562076696782128481e-03
4.797686215992515331e-03
2.383926711095647830e-03
1.414605958314162385e-03
8.936670367123122558e-03
1.187210344979794472e-03
5.828616477619404102e-03
1.609254768831211001e-03
4.008909393711315890e-03
8.186025277127563938e-04
4.125347971110738393e-03
2.695174170946107364e-03
4.726825406411751945e-03
2.447097710007730201e-03
1.853514501753783603e-03
3.854293602804316401e-03
5.216250155240865702e-03
5.727409027282331921e-03
1.946622479547374098e-03
2.185470432858930244e-03
3.917515503017852951e-03
2.872833622623779774e-03
1.106381674639660573e-03
3.218030938937418463e-03
4.210171235497032864e-03
2.619793263084464405e-03
4.928728106560125583e-03
4.231082385884048398e-03
4.627194149325332753e-03
3.744344079106344016e-03
3.646695163675097925e-03
3.667568132534394874e-03
3.692413162735843756e-03
2.984806620372975217e-03
2.712700072379712214e-03
5.406899385397213875e-03
1.416402865515162561e-03
3.964309333989907841e-03
3.829301522654150226e-03
3.067082072920605373e-03
5.501855070629849999e-03
5.055884306693208229e-03
3.722154305037860076e-03
2.482428839410202003e-03
3.695113944872089294e-03
7.265374474147190051e-03
4.014151212692063271e-03
1.388461307655480641e-03
4.105774123755198332e-03
4.875239175673516494e-03
6.466586653648728755e-03
9.492174931086034585e-04
1.721459728641613895e-03
5.692691811655119574e-03
4.338693129785250492e-03
4.421570996482512492e-03
7.864187676775316257e-03
6.556849458606385517e-03
5.786032067361364731e-03
5.043098051732070215e-03
2.049456304936424049e-03
4.058140162853358414e-03
3.956391451737531137e-03
9.302203082706495072e-04
2.222554638245589909e-03
5.917306519878848085e-03
7.169574743915944209e-03
4.441177657852113207e-03
5.004628493458321628e-03
2.158126123055761989e-03
4.987093729194901244e-03
2.679903834358449057e-03
2.510321024905503261e-03
1.242415492770741281e-03
1.907806960296192346e-03
2.441464981866664323e-03
5.105520160922197986e-03
6.301668220856469251e-03
7.940246027419495256e-03
2.043374265370279282e-03
1.412871074348284479e-03
1.409152081741971369e-03
4.872366257195804955e-03
8.543710485652259226e-03
1.697368763257980136e-03
2.258098451691652880e-03
3.062537090956888013e-03
1.827419395067695837e-03
4.105170971236572937e-03
5.982806414237279262e-03
5.292788400390398447e-03
4.047353189447554060e-03
2.443808087172584693e-03
3.635917981374307134e-03
2.488337881939621781e-03
2.119981079028104322e-03
5.578781584560675577e-03
4.750300971058289169e-03
1.108555812064473392e-03
5.830108601683758884e-03
9.377530456745879206e-03
1.420777290937879495e-03
8.916772031727677886e-04
2.063973793292967970e-03
1.978260559076766133e-03
6.010372719466035296e-03
1.685282036941489550e-03
2.948847078377558016e-03
3.624410397848094965e-03
7.733670325563484806e-03
3.698172756303602648e-03
2.479331946338939920e-03
4.192201548655644788e-03
1.342831862555665841e-03
1.270229928367313035e-03
6.505649568852904518e-03
2.587886212986233864e-03
4.938147567402413618e-03
1.490575914305373659e-03
1.297107546294687039e-03
3.312700068461016389e-03
2.567569948765886182e-03
2.825481131464146339e-03
1.270935605856819521e-03
8.986007569666056363e-03
1.565186212687311000e-03
1.882904555780166595e-03
2.574589679967314616e-03
1.874220285330916239e-03
8.244940706555656945e-03
5.175666865107151488e-03
4.790150170223139367e-03
4.756830100759098200e-03
2.707850101413895871e-03
4.222729761543350668e-03
3.020108388668277764e-03
2.123355945298077176e-03
1.840189173377236066e-03
6.174436492852855909e-03
4.578271843793316545e-03
1.292132059744762612e-03
7.143303378288164834e-03
3.155146834095679843e-03
3.386389616695425261e-03
1.062762895970559762e-03
2.038912995420919666e-03
6.146286770326839580e-03
9.492024749361244011e-04
2.489147851451146715e-03
3.846968716923084355e-03
4.641532592423659037e-03
2.439128586364708133e-03
1.604530753781266850e-03
5.304622123966734604e-03
4.339317935625012883e-03
6.028201783009284540e-03
1.152853676511938607e-03
1.249743791877198570e-03
4.694358413158255042e-03
2.150292820234970051e-03
3.319580389614526332e-03
4.743143032761859210e-03
3.083809592714176640e-03
4.729337899534063680e-03
2.240327881483669334e-03
3.785683163012234544e-03
2.686430709559776454e-03
5.805966281823260119e-03
1.543779068576701073e-03
1.176447941204074700e-03
9.763967247454924956e-04
2.176384030011572178e-03
1.057137011858117447e-03
1.565771097631452708e-03
1.133485893453041633e-03
1.922601364254571728e-03
2.803454420536646667e-03
1.361746836188529493e-03
2.018464208693993706e-03
2.170855547220319585e-03
1.214018327853505844e-02
4.773927819795882078e-03
5.045909180347979070e-03
1.080741461423796171e-03
2.457672640956970380e-03
1.660790404181776685e-03
2.440839425140396615e-03
1.826361626950134690e-03
2.477672494674183767e-03
3.868608807771570495e-03
2.567543781420789442e-03
2.214639848950495857e-03
1.455955104273945911e-03
1.795775920139381678e-03
2.280807956524446602e-03
1.594414105279924262e-03
1.572613519479291663e-03
1.039743284981242038e-03
3.130437882098538113e-03
3.102458370600700947e-03
5.020788436103318375e-03
2.588025218725711462e-03
2.164392591528787550e-03
1.814298719296430790e-03
4.114075851868396159e-03
3.461902649368059533e-03
5.280264785177736855e-03
2.316858611956165194e-03
6.523220507845194430e-03
1.935973650761489305e-03
3.043592295158201178e-03
1.703910299058485978e-03
1.534368742164105709e-03
1.074724726453704041e-03
1.752249888593200100e-03
2.545203897361438851e-03
1.446858039849072044e-03
5.180847359980566766e-03
3.397925312726665734e-03
3.407071336600397092e-03
3.347601159726292484e-03
1.863670808919400644e-03
2.997367263811796106e-03
1.776414383032276934e-03
1.061536048484462832e-03
2.928028474318943551e-03
4.545695463938440387e-03
1.237823459275120414e-02
1.937554939517400912e-03
1.379807235575391481e-03
1.154745399300974133e-02
9.247445782306861189e-04
1.378666028849306804e-03
5.196184070614796521e-03
3.470866311862320225e-03
2.727054536169416180e-03
2.063427516320830331e-03
2.757751472358949824e-03
4.015147494095047155e-03
2.642751876083974938e-03
3.847139704714467191e-03
4.110825946265628597e-03
4.129548346250030630e-03
1.983970804539424062e-03
2.670452322237184661e-03
5.632461328791331899e-03
4.810617048230073252e-03
1.180953613085200006e-03
3.886539333720796276e-03
2.951383957626399750e-03
1.600054764716024071e-03
2.689612591125766904e-03
5.825171178760234561e-03
5.057031100513154249e-03
2.868079083568908678e-03
3.325939039834665059e-03
5.925902304178115240e-03
1.606842742088759402e-03
3.478513621349212451e-03
1.750887243112367493e-03
3.874503761530534007e-03
3.380657372487748131e-03
7.339400941659083438e-03
1.686948177624911270e-03
2.176539325081281676e-03
5.093597170037069549e-03
5.838564005760330661e-03
4.003017889547770720e-03
4.991340184538274778e-03
2.395226684966058998e-03
2.540313718919584227e-03
3.843857932051953849e-03
3.804536873023018316e-03
2.048608583258701259e-03
2.396476391383354793e-03
2.200392568860148890e-03
2.529469563446106514e-03
3.059150737261188361e-03
1.843838203583006126e-03
3.590969303226546148e-03
5.350920702367985282e-03
2.611255020488067232e-03
1.567693865908526083e-03
5.077426635293775387e-03
5.141348448050008998e-03
1.786598743029492887e-03
6.925916977513180486e-03
1.497256316501245112e-03
5.370233879651194198e-03
5.067704887100019442e-03
4.734470754804126491e-03
2.423849578040903827e-03
1.671114820892109949e-03
4.869141704637766979e-03
7.387744169566555150e-03
1.337460876762478759e-03
1.949265344087766898e-03
2.509056024081798581e-03
3.555614553046318287e-03
3.725610605051879985e-03
4.886304541293435590e-03
2.242330923014725693e-03
7.259479927143135808e-03
5.521998726849459277e-03
3.336531651049213891e-03
1.860981717788243606e-03
1.330134343819728941e-03
1.669338303841913680e-03
2.996714319953451035e-03
1.560809472502639253e-03
1.942774588581379792e-03
1.372736455446289024e-03
4.343557744318839696e-03
5.666652136130896807e-03
1.988367719332476830e-03
4.172187913679910320e-03
3.383140354018083270e-03
2.895200227161616024e-03
8.643847794907545679e-03
1.550011117781021491e-03
2.037239227857993475e-03
1.884715396870369382e-03
7.989944300120127227e-03
2.571860456392715318e-03
5.526651151429746826e-03
4.523222339348294610e-03
5.522527855183262911e-03
1.503246957771603096e-03
1.899550697697397752e-03
6.117689941428922605e-03
5.581818700953251715e-03
4.619522839698330871e-03
3.585183286845165709e-03
1.187744166038015234e-02
1.696780448945686345e-03
2.875451420818378630e-03
6.426188834783057996e-03
1.397268774852426483e-03
3.008634832885190551e-03
1.125491642876601944e-02
1.361122224112389003e-03
1.905125808756301213e-03
2.562749829509908261e-03
2.373810087777226095e-03
1.731444880959645679e-03
2.268361073569096116e-03
6.389298251044315397e-03
9.226161317050495534e-04
1.602405777845460674e-03
4.522920318557607094e-03
4.437045568487917903e-03
2.954262212278951829e-03
1.192800474253898893e-03
1.602317900980719740e-03
1.667088969210470941e-03
4.551495392104754935e-03
4.488247906072127813e-03
2.550000756467135643e-03
3.900521461409875261e-03
9.728725991848407792e-03
1.217406088637205301e-03
2.783431305594523918e-03
2.388985965076242165e-03
1.437036028131725290e-03
6.409691739890452204e-03
6.645350508104008042e-03
5.202292161988033951e-03
5.456670417501750456e-03
1.095914549346723409e-03
4.281805887919755589e-03
2.497752084373199184e-03
4.042581060871902957e-03
5.214563937985937370e-03
4.284948552022290955e-03
2.264850295156431090e-03
3.539668519589895136e-03
2.763359394873514483e-03
6.177321365375675402e-03
3.862359215773325961e-03
2.386667622417604738e-03
4.543008296402117549e-03
4.199425775534136596e-03
1.313057522025350317e-03
2.188633929557753845e-03
3.184243674455908019e-03
3.002599652552152398e-03
2.035183046255549608e-03
4.934089459815696813e-03
1.052394716432319445e-02
4.112428323560667412e-03
3.480651395636105445e-03
1.936275973819726786e-03
5.938749730215683170e-03
3.868690155940738336e-03
2.392682676158716833e-03
3.259348046657272249e-03
6.397961601696675743e-03
2.140275645266384672e-03
7.825459465703411485e-04
4.761892034633664200e-03
2.447932038828994159e-03
3.729465993843515681e-03
1.475215511385619387e-03
1.717441434344717851e-03
3.341816805157650679e-03
7.753633800438891610e-03
3.330794043260750653e-03
2.100593154118538669e-03
1.544516592547790466e-03
4.691339722812023875e-03
2.730934833188368091e-03
2.800143280392612503e-03
1.762012734912899066e-03
1.482933302792686621e-03
4.856833746858597173e-03
4.657869916869856325e-03
2.666234762500285533e-03
2.198121452883527050e-03
1.493599370194389651e-03
1.381102424562723457e-03
2.115606041704199899e-03
4.922666611601196791e-03
2.841425023120290692e-03
2.522422513477376796e-03
1.852971952117347769e-03
2.166421567663223691e-03
3.091796379145737329e-03
5.466077815412186298e-03
2.488462993278891741e-03
4.261067818842599955e-03
3.418427139898827256e-03
4.866180686810519379e-03
4.810324034127925683e-03
2.469629218362675259e-03
1.319026899658768759e-03
4.190343466943249710e-03
1.573473276977123241e-03
1.552719457453788539e-03
1.016624338187429059e-03
1.779590191398541278e-03
1.670018253422904516e-03
2.824301894270364773e-03
4.169044072892522101e-03
2.572380537962083713e-03
1.885095287430873850e-03
3.278657778688995154e-03
4.915531586504088245e-03
9.835916545169842533e-04
1.570728029328130170e-03
7.726043047574122739e-03
5.122950752189070825e-03
1.081904393520469534e-02
2.388514848781637424e-03
1.835754094648737620e-03
3.082897275230752927e-03
5.701637284243166182e-03
9.254216233072616550e-04
2.200093569650520518e-03
1.545067127628638355e-03
2.944990504249685170e-03
1.124792184468966904e-03
1.314573231524473291e-03
4.724742378740661754e-03
4.777094803471916562e-03
2.904146867871328433e-03
2.961530896146264812e-03
1.673591810571558106e-03
2.825700768110119346e-03
2.305986455752761805e-03
3.693887720642298304e-03
3.649891351190931530e-03
3.023261331725072068e-03
1.434546627341669149e-03
5.341077866813092288e-03
3.926225679704823876e-03
2.150518782149414380e-03
1.892264427468793057e-03
4.896869834967289628e-03
1.686269681398890660e-03
7.348974606013233823e-03
1.287744285192464130e-02
2.165926983799330071e-03
3.526853971337628752e-03
9.630977400329920239e-04
5.866725417118348260e-03
4.453322168203016629e-03
1.907460475647367992e-03
3.556349295253067103e-03
5.018456604820532331e-03
4.172917564704297158e-03
3.506795648376203473e-03
6.504073688459012861e-03
2.393628691628036601e-03
3.612108694120692506e-03
2.364354188570698921e-03
1.036046564838380077e-02
3.451423575045457770e-03
2.777326914791986186e-03
1.764043194035971613e-03
1.168891057206468756e-03
2.264132467610347442e-03
4.588655969343324002e-03
2.107898418554213834e-03
4.242791112849060922e-03
1.324536714542596388e-03
3.917094179343093632e-03
6.302945773311603890e-03
4.721780009826271815e-03
1.470358352425297881e-03
2.839677387746040223e-03
2.011303041470670523e-03
2.241710265459949652e-03
4.136695801023701491e-03
4.240035238533653404e-03
3.591434644283591007e-03
4.669494227957497225e-03
3.389686195333282363e-03
4.351298028644460907e-03
1.082851124886330049e-02
3.112347791025671297e-03
2.173037240341217907e-03
1.067760569850899691e-02
4.479687099727831454e-03
2.300893053664047633e-03
5.215737116826181345e-03
3.939111124431724821e-03
5.661878909743770297e-03
6.584409521561316973e-03
6.560750381181696192e-03
1.059387140352325424e-03
4.445341218651603990e-03
7.159191410130159514e-03
2.044996856862280662e-03
2.202229085966284864e-03
1.609090141651019993e-03
2.844495706365222660e-03
5.653204473123578724e-03
1.487392161628687788e-03
1.051247428382545311e-03
1.615363456108940199e-03
2.195619004512382004e-03
8.097238999527942710e-03
1.555011757007805639e-03
5.421752334023571124e-03
4.257737106742404999e-03
9.051948818945698347e-03
2.184209442240537050e-03
3.013229002363016547e-03
3.237261474926368156e-03
4.459241982580153599e-03
3.071201854974643132e-03
4.970787886042995866e-03
4.375807438087203453e-03
2.810927352967596514e-03
4.315168651012722331e-03
5.221144764218418194e-03
2.762904240232216119e-03
7.529982503319225008e-03
4.725010424173018732e-03
2.845820073714371186e-03
4.329951434091458377e-03
3.410352576497761162e-03
2.229119188688201674e-03
8.958964231379299434e-04
3.235207268928924629e-03
2.598895211881863121e-03
1.883025198002110778e-03
3.829637996369498511e-03
1.116755284305875374e-03
2.199054818780784692e-03
1.365181986752059436e-03
3.237718006416161545e-03
5.595391605864604920e-03
6.382970216228843821e-03
4.299044392691318828e-03
2.820001703809087764e-03
4.935063516639457727e-03
5.757074141512816268e-03
1.202628856819623789e-03
3.745285056816417130e-03
5.405395912701889231e-03
2.721457434535841380e-03
3.053465834362254633e-03
5.565656855953562791e-03
8.885057158983602349e-03
3.519700549457202565e-03
3.233026611925247408e-03
6.651436960977398505e-03
4.076914329038941118e-03
3.188680070337315126e-03
5.076989515493270100e-03
7.641516610531604546e-03
4.799782986815416541e-03
1.386796035124206097e-03
1.136346186991537156e-03
1.048163655084484447e-02
1.867660593582636322e-03
3.804496615344166773e-03
5.040433650139299580e-03
2.177412703013422747e-03
3.580520954710592930e-03
2.345087889672678449e-03
4.243550720286296332e-03
3.729271377273684664e-03
5.462725522140192067e-03
3.810019411090392622e-03
2.710181722689076426e-03
3.204078695153145077e-03
5.401671046452777639e-03
1.620924618974748342e-03
4.188106244674251813e-03
1.107644742778976857e-03
3.148411892187433572e-03
2.485283134359594220e-03
1.607328227772695552e-03
2.754206415482374128e-03
5.229449657070960739e-03
3.777009887581447151e-03
3.609383989359745901e-03
1.966533759430370495e-03
2.932395454378883878e-03
3.529420516433323749e-03
3.362297188837040825e-03
3.825152772161687087e-03
2.666925074147510292e-03
3.497301741747622494e-03
1.846912633938269967e-03
2.537991790724051198e-03
1.394680240563888392e-03
1.337542812148865678e-03
5.247447953280921784e-03
1.012024260267637126e-03
1.710575177850492349e-03
2.233549971619809820e-03
1.245728849705419507e-03
1.219739754530093853e-03
2.092379276270635823e-03
1.457381901757436515e-03
4.948598008050112025e-03
3.413294402372735702e-03
2.668062086546752962e-03
2.437186242859145160e-03
3.352723020978947040e-03
1.890434490631451563e-03
1.665017708701051809e-03
1.425458361343973079e-03
7.036182225142396246e-03
5.593001665582715901e-03
4.869966447490771747e-03
6.017465443012176042e-03
1.319904553456321570e-03
9.709835705220489638e-03
1.542666346539365825e-03
4.252062018619167869e-03
3.587439579090852954e-03
2.104189315463063023e-03
2.643526410470738337e-03
5.171853384845480697e-03
1.700069535996782781e-03
4.316264253715993739e-03
5.525760703459872171e-03
5.180689464481537040e-03
2.973171237635740226e-03
5.471557425440368855e-03
4.053553493268662565e-03
3.992018593076402180e-03
3.646240627769048361e-03
9.658486491184320195e-04
4.832525114173224536e-03
8.389266641619767123e-03
1.753363460759415834e-03
6.036671994113228766e-03
1.118934710155845488e-02
5.056001122233567957e-03
1.330613886266914913e-03
3.015217524186941840e-03
6.076912002316076436e-03
3.596615262773700424e-03
5.068121108805047521e-03
1.553140268916072732e-03
3.592667228363123025e-03
1.569837606782377958e-03
2.499135585415977398e-03
2.188051140858147947e-03
5.268190223038938733e-03
4.001877666177256626e-03
7.155620175387761295e-03
6.798545477976386357e-03
3.450813686573104850e-03
4.133272347834065705e-03
9.065586455572299763e-04
4.133651263766350246e-03
3.288735957259877364e-03
1.556178627143079297e-03
4.088277532963924266e-03
9.701771526521190455e-04
2.426756700485980817e-03
3.484960296497540983e-03
1.656466308889465323e-03
3.812551638330844740e-03
2.943134420607602594e-03
1.701327598447033990e-03
3.289485767905672188e-03
1.765183433345741699e-03
5.440585317997790812e-03
4.630751921974259749e-03
1.348286849349558973e-03
2.257034344084477701e-03
4.801034857071619436e-03
5.099070421322569532e-03
4.139203328595112211e-03
9.585656211402848043e-03
8.408365558715074316e-04
5.708327651652872307e-03
2.796795983290583862e-03
2.953114005736260598e-03
3.870920824001732215e-03
5.177166493768598464e-03
5.102453825817042203e-03
2.707244249856428225e-03
7.725027736832319747e-03
3.475749485249202131e-03
1.418379728822901330e-03
3.000688811796791734e-03
2.169713025123689784e-03
1.512618698357756034e-03
4.047343778251163288e-03
5.677753301647539205e-03
1.675952325744228116e-03
3.548794393237833002e-03
3.095818765890853957e-03
1.505244121383747437e-03
3.341587274971698652e-03
1.209601137159997154e-03
2.182406715600979531e-03
5.159262917333608776e-03
1.112478349798009213e-03
4.347391108663193823e-03
3.541657970912100856e-03
5.360587558308765530e-03
2.446077066036924687e-03
3.855950845031944942e-03
3.980536976593955674e-03
1.942553518450076131e-03
2.230983338551453116e-03
1.640000186194535015e-03
3.819532631860642850e-03
4.504780006560898421e-03
5.416328717932582075e-03
4.663464186155831179e-03
4.662303650289734841e-03
3.522472666111977659e-03
1.006580983865530687e-03
1.951245071327714457e-03
3.949542273628143044e-03
1.333356874118462676e-03
4.184062177747849103e-03
3.883263430244247860e-03
2.933267532388141637e-03
2.229356847150869465e-03
1.031071879890112968e-03
2.815212148859604861e-03
3.933451091862820437e-03
1.441316450825403696e-03
2.084952623898126897e-03
5.284081754012690327e-03
3.904861950519359325e-03
3.554417566203559552e-03
1.555487520766307393e-03
4.435358501987697426e-03
4.607387140187556122e-03
1.792705520308985473e-03
1.005472887256495364e-03
6.053257893216649338e-03
1.059024268472226861e-03
1.927988296640674752e-03
4.035064878884775386e-03
5.660732044423571509e-03
1.115247202540434277e-03
5.839286874326842652e-03
1.272189416278169446e-03
2.743597502415638135e-03
2.758538753040054407e-03
1.263149564117716818e-03
2.557774559051826171e-03
6.758795217763955906e-03
2.405871605454782194e-03
3.186051003286621917e-03
9.085033770203863532e-03
7.115438075350656241e-03
3.150184508668418901e-03
1.877810908475551670e-03
1.087523505291271243e-03
2.297064748472656820e-03
1.190556292004872965e-02
1.097578503219406561e-03
4.909724301850093391e-03
3.471618109455257024e-03
7.163339173642493084e-03
2.466653317934961853e-03
2.944824588891971177e-03
2.505070183304022868e-03
4.784637382211143382e-03
1.775129961479725987e-03
3.693484084328129465e-03
4.127626554246102697e-03
2.541825366656245457e-03
2.181155496707655635e-03
2.659727796796956725e-03
1.857950154822930007e-03
2.633965320372045563e-03
4.905675440737430025e-03
1.044693600782083120e-03
8.252929992904275286e-03
1.538105584861792791e-03
3.331874181925268980e-03
1.179884910360195615e-03
5.810843267299731392e-03
3.226515184173090519e-03
1.564909454740396558e-03
2.196208794904545240e-03
1.526058857884644458e-03
1.286419298783109382e-03
2.912600951685141281e-03
2.515139253687405721e-03
5.272897740400892853e-03
5.232845322716671820e-03
2.345644813522018007e-03
4.392882136699726922e-03
5.497702065579990367e-03
3.820064197146676773e-03
1.397490442913206909e-03
3.497544008420639186e-03
3.023746533698135498e-03
3.460609977162343136e-03
4.832321417180100893e-03
3.032219760812538030e-03
4.784340548303967974e-03
1.653966521102765742e-03
3.776390480430279455e-03
1.732448582421045350e-03
4.309425241095538907e-03
5.116664431553747533e-03
5.097668770177064129e-03
2.346291855376748513e-03
2.942503068021868912e-03
1.629324553178178097e-03
2.420731332029878603e-03
2.788152390936237280e-03
1.905918217447023647e-03
5.102663863027013039e-03
1.048278025462478190e-03
1.998995533876441258e-03
7.244415508080100270e-03
6.147284203523070180e-03
2.673251340752747819e-03
2.102563542753539162e-03
1.867936451412088861e-03
2.682617957159974097e-03
9.032995175676801491e-03
2.426392413250535226e-03
1.698281448195350894e-03
2.048218171316216942e-03
7.746676347016491146e-03
1.703209699270119906e-03
7.269460841703337395e-03
1.946639167659722485e-03
2.353523417407400904e-03
3.667904141230630532e-03
1.213836941524818261e-02
2.901882355655962739e-03
1.059867391006493603e-03
4.661633368709304504e-03
5.382644519499314023e-03
3.425994238949977774e-03
4.755663212037242182e-03
1.085118204560117476e-03
9.438720536128466978e-04
5.568834542236909824e-03
2.099146130802801401e-03
9.809915196178679853e-03
4.830399089328089174e-03
1.430258392963693493e-03
4.665574945852986669e-03
4.372570440715166720e-03
1.538495289981279841e-03
1.719364677367519198e-03
1.513322014864049983e-03
4.731788815937698275e-03
1.533442034897505120e-03
1.102621704045772229e-03
3.738870455545962104e-03
3.527976485868641269e-03
1.898719532475455322e-03
3.641355385688870797e-03
6.741684092081357688e-03
4.852002116014662511e-03
3.047167460897084318e-03
3.198580778557828797e-03
2.936861941899480966e-03
3.402500068396338648e-03
2.546907627474997039e-03
2.877828425116671709e-03
1.350989951959031751e-02
1.244710339103144003e-03
1.031534716904516404e-03
2.186879260918395042e-03
1.500008935284142739e-02
5.822446845291861899e-03
1.404309488823056755e-03
1.217561782664128419e-03
1.590206256263170664e-03
1.953946030319789022e-03
1.230270197204639919e-02
3.077089923354587534e-03
2.203276455955497856e-03
8.080372790416748274e-03
2.377950174765540350e-03
5.894328783346286169e-03
5.421712875384981055e-03
1.875188274711164478e-03
5.376199621481732305e-03
1.705336480364458935e-03
9.002456127052374524e-03
3.871141435488118909e-03
2.325850067294007138e-03
1.252288668158413202e-03
1.378058920415667224e-03
3.116930470172314237e-03
4.307364506724970302e-03
5.327123451017628207e-03
2.970110894051494928e-03
1.058152189088181665e-03
1.222428543590164864e-03
4.549739447569672857e-03
1.134945124792949680e-03
2.376225728824069711e-03
2.488414237682384615e-03
6.311484105899312774e-03
1.480722143210390015e-03
3.598233256353705785e-03
2.312287578456557937e-03
4.890815046703697946e-03
3.546446265882904209e-03
1.712184258474556920e-03
1.680666388126231606e-03
4.530870254274369999e-03
4.904668570426276575e-03
1.606335418422604605e-02
5.319685723603238305e-03
1.476403200110444972e-03
2.835873677803478314e-03
1.853682723637035653e-03
3.589983778209859984e-03
2.790554098726209277e-03
3.008422486751303939e-03
9.982143580483287051e-04
2.279516539324534345e-03
1.267504663251205720e-03
2.506077428320195068e-03
4.999562356747274880e-03
9.058789686776980155e-03
8.432433045951238937e-03
4.509093977815769802e-03
2.607654922333907648e-03
1.578281065763218610e-03
3.154235963058414291e-03
3.023714908428545324e-03
2.075464297571956614e-03
3.787543340040854401e-03
2.974225594464475521e-03
3.893009207482312807e-03
1.467397863228645308e-03
4.416578757442059591e-03
4.723657606784312062e-03
3.294986148697311591e-03
1.154528804555468840e-03
2.444711067411222023e-03
5.145633105252042476e-03
3.164140968241613804e-03
2.286684512157819826e-03
3.728764056122906099e-03
4.889697699502797840e-03
2.456569672266381045e-03
2.488795955247082633e-03
4.259208431816700891e-03
1.042410533198243495e-03
5.244951519382253652e-03
2.361883702048639660e-03
4.816883111116383558e-03
4.470965436273679865e-03
3.632214536604482132e-03
1.961883724833964754e-03
2.735337719117458301e-03
2.576477380852823865e-03
3.702751825610822115e-03
3.433062756153499370e-03
7.083343571403834813e-04
2.896451815236401363e-03
8.612450922701740327e-03
1.309369450428955533e-03
2.242377150490288025e-03
5.666127452721114038e-03
1.615736317348317758e-03
1.192222114277073641e-03
3.469043459868256969e-03
1.735888514670746226e-03
2.536284699049063188e-03
5.100718067382755370e-03
4.343788148416022864e-03
5.208467508717029050e-03
2.476829201053931152e-03
2.937064610988849439e-03
1.080318828267924549e-03
2.733135253967710829e-03
3.210341866079766300e-03
1.010922007622314491e-03
2.723755983180052576e-03
1.523223061814287611e-03
3.918693567289469742e-03
4.860977250511712769e-03
5.331924274021270990e-03
4.997973505485631823e-03
4.044315243061159457e-03
3.591241204971696091e-03
3.216770466260398652e-03
9.427378780505503691e-04
5.600174989396594465e-03
2.747919085610062151e-03
5.687242516136163661e-03
4.166176191262121326e-03
4.909585631124665714e-03
1.735757808732293472e-03
2.936446663140691339e-03
2.736979397982619577e-03
5.584635146293902459e-03
1.199612704433227102e-03
1.998707091229626892e-03
5.115502714381159333e-03
2.084357321111139638e-03
2.808131978765247404e-03
6.794597029117675595e-03
3.897592407297393365e-03
6.543483092619576183e-03
2.891648803438889772e-03
9.469361524239182371e-03
4.001789382137990042e-03
2.345162241919232504e-03
1.225237343747519279e-03
4.290348096132759123e-03
1.302629871432136981e-03
3.764900274154697052e-03
2.843391576558724609e-03
1.790152713921986348e-03
6.013799386579097087e-03
1.467404844387656861e-03
2.822478322909366573e-03
2.788132126073967695e-03
6.642624684932790791e-03
4.034004614972361118e-03
2.852011448943647665e-03
3.843391614769910147e-03
1.209125108314515040e-03
3.877254049659968095e-03
1.824003261331646900e-03
3.159094822786460369e-03
5.246424167581750959e-03
2.192802833928560527e-03
1.118039895003925498e-03
7.324208095160529217e-03
5.741790125054124262e-03
2.723500130065258703e-03
3.387399296272183141e-03
4.875347479747403623e-03
9.877014677977172599e-03
5.404640334296414821e-03
5.472183550445187949e-03
3.333480164972224026e-03
4.347857637724695211e-03
1.110770000030168649e-03
4.208214380038863278e-03
5.223820121953487786e-03
9.610411644738591636e-04
4.131707805543210349e-03
3.214437772682561707e-03
2.776677598535116833e-03
3.789357747517930076e-03
4.427828246406786440e-03
3.271683877524461572e-03
3.454939554272581145e-03
1.421595088139185076e-03
4.572590269824126225e-03
6.349235824830647308e-03
1.494175475696002701e-03
1.604349365033362184e-03
3.126373187291972729e-03
6.004833090682753192e-03
3.468089247824514970e-03
3.583464991969288575e-03
1.330699955260178542e-03
2.290663302442398457e-03
4.225121511615315302e-03
2.497920384363732510e-03
3.380129937485677142e-03
1.522358211124563709e-03
1.356101911118724268e-03
3.893002851800778791e-03
5.703081662204477487e-03
1.157966518961623965e-03
2.367688842204334655e-03
8.851786665890362324e-03
4.034307352914513582e-03
6.801560818328351160e-03
1.653809887795764429e-03
6.408713558812844865e-03
3.784738511914288034e-03
1.790771998283753001e-03
2.834238420216970370e-03
3.736495421759267101e-03
4.573714386668636771e-03
2.344865583980431083e-03
2.638146866916679135e-03
1.747335813045022401e-03
7.372227864117814056e-03
4.722733504798495331e-03
1.013746381553949465e-02
2.793252962808752838e-03
2.985052800757235884e-03
5.706510414195104137e-03
2.360347219448469865e-03
2.897831586334578997e-03
9.464217162088584337e-03
2.263610406131538223e-03
5.187039474344848182e-03
2.958957855799943838e-03
4.088501453924777568e-03
4.260542746615072693e-03
4.204326579546209183e-03
2.493151852098219982e-03
5.479066371759148957e-03
7.401973397261656790e-03
1.256681769323370144e-03
3.396958324282845637e-03
4.364381287221932512e-03
2.459313141357008427e-03
5.483522378523628463e-03
3.165367284209038776e-03
4.355614210928214838e-03
5.329482880289618946e-03
2.547017853020356552e-03
4.752203832524734897e-03
3.491130193960247010e-03
2.902961360711657068e-03
1.571840804885918895e-03
3.814942928086496529e-03
1.400036166760868471e-03
3.375641093931699629e-03
1.828399027484006473e-03
2.038454819486162396e-03
2.942120748487228252e-03
4.823123741952321970e-03
1.126561409572251343e-02
3.721604612202348596e-03
5.565161345865479378e-03
1.291839743043270497e-03
1.013675603951205012e-02
2.700336309754057702e-03
1.464598505148833468e-03
5.849680861599888988e-03
3.505250487191654760e-03
5.115258958829832503e-03
5.103743450184582316e-03
1.350501660296345424e-03
3.296193302374079547e-03
3.501177115332354626e-03
3.177492881276965976e-03
4.244662604503100095e-03
1.944017667411219313e-03
2.249209868008610145e-03
4.903432430276534991e-03
4.249481663369372719e-03
2.512442722672988439e-03
2.550562189430647091e-03
6.205746274029311227e-03
4.825642114745527095e-03
3.456878902095795233e-03
3.894927103000956573e-03
7.980305212098292092e-03
4.035060771777242844e-03
1.387934896252348551e-03
2.274928088267822151e-03
4.042125203375895696e-03
5.485634505555945714e-03
1.396516310763904183e-03
2.734169867447368979e-03
3.845721869603534009e-03
2.568731150785652072e-03
2.105958555453184104e-03
2.232163125038951097e-03
1.602115155997959435e-03
1.699525475138101297e-03
4.888644385984079049e-03
4.132438275771241343e-03
1.588995883362635158e-03
2.021173560544291779e-03
1.369619191755735944e-03
2.618481755205764872e-03
3.578975088124438167e-03
1.626391396093278437e-03
1.285715675289722786e-03
1.702774961157944031e-03
4.228549507474976821e-03
1.450391841247870720e-03
1.365975585480894410e-03
4.278780280231149306e-03
1.956122762030966349e-03
4.775535299829146776e-03
3.099889939643527687e-03
2.708512655666350799e-03
1.845704470274974873e-03
1.373467520414386675e-03
3.428726722540717791e-03
1.537576782212292902e-03
3.615104893146721572e-03
1.493245795404443080e-03
2.036852718506358597e-03
1.548520843599736786e-03
3.066919091492726138e-03
1.291161412551253013e-03
1.582226078430881743e-03
2.948386120565934729e-03
2.408901399556291449e-03
5.330354275842249037e-03
6.393465928521543593e-03
4.065187835309189493e-03
5.672830151844047986e-03
1.740877221455070694e-03
4.184518963069609222e-03
3.193061603190956027e-03
4.222024916266762552e-03
4.352145418413163463e-03
2.758881946406121360e-03
2.054543913925279026e-03
1.816900536801557831e-03
1.441659066209162367e-03
4.450414893006751638e-03
2.554646255771135001e-03
9.550989100976119139e-03
4.582286073943819468e-03
3.086544943942629449e-03
2.561390950536989591e-03
5.077847581810462571e-03
3.366216042784419236e-03
4.653384298334370221e-03
3.826695151574358716e-03
2.236444391041819343e-03
2.850784792252039884e-03
5.018290326110734674e-03
2.479039215295243161e-03
1.035163642748944748e-03
2.495790048559102386e-03
5.554786192370693952e-03
2.788326532888793681e-03
3.144952407035927437e-03
3.449897637357880829e-03
1.081836453619531560e-03
1.966954897291805018e-03
1.010225013256014137e-03
3.996358925071282799e-03
5.469920038712201490e-03
5.015563042828687437e-03
1.718103088748334974e-03
2.279977757903517595e-03
3.140314453358680844e-03
2.320378015797235158e-03
1.792446319954769333e-03
2.698246000698780074e-03
3.341628265318156901e-03
3.624502529868306715e-03
2.778118609026260406e-03
2.849557694083112123e-03
2.462595487720759761e-03
3.684035784867101867e-03
1.237370909727047389e-03
1.138012038333893663e-03
2.534247718929963627e-03
1.609150658964289982e-03
3.505731028022112186e-03
6.048223750286465042e-03
2.215622230689344788e-03
3.565518125322474779e-03
5.045962621949071428e-03
3.758199033722271765e-03
1.476450446228020057e-03
3.944227145240009058e-03
2.662887080075312767e-03
3.004342120018652692e-03
1.187472077556523016e-03
1.949873406539463522e-03
4.707568617567482044e-03
2.122791058709013953e-03
2.675013332931430211e-03
1.954275621530161215e-03
3.354966088235876095e-03
8.087045278010226990e-03
1.102775653064594699e-02
4.849165465878528362e-03
2.764429219818577074e-03
2.224022169201480929e-03
2.569732974113337655e-03
3.117389972342921815e-03
4.084775785265158145e-03
1.321334855250281149e-03
1.739032765983167684e-03
1.449656432803293326e-03
3.458292321732640492e-03
1.637482854290371083e-03
4.922881631297243259e-03
2.461355128826963560e-03
5.638627677038154928e-03
1.453750974544409545e-03
2.392815895070380620e-03
1.674171196335707146e-03
4.035521830757399751e-03
2.172733974366197578e-03
1.846262479460353571e-03
5.623142611385337566e-03
1.144603104811373236e-03
4.487882514481315518e-03
2.995256816601883296e-03
2.150076541357051532e-03
4.291934254979429784e-03
2.428638945977222227e-03
1.445924997851499253e-03
8.001717721647965548e-03
1.178121429426630612e-03
8.261366045072948000e-03
2.286634731095547012e-03
3.110944154055168397e-03
1.341158784415085467e-03
5.224698131508744708e-03
3.006592612386160650e-03
2.268934381455455992e-03
3.494494514620680170e-03
3.230907885300234907e-03
2.875644286653203027e-03
1.388688405593053402e-03
1.858272696839074730e-03
2.355804668471166846e-03
4.986212882129060185e-03
5.423643638103557534e-03
2.957302162566231938e-03
4.312818931784506704e-03
7.418988741640099652e-03
1.891088420180708123e-03
5.755769767708472304e-03
4.702736212968502104e-03
3.193148072945127189e-03
1.466377038211347759e-03
1.215259744580824081e-03
2.152012711207071122e-03
8.067572800012938125e-03
1.008615759546080230e-02
4.933651355077662420e-03
1.295160869351164685e-03
1.551249557082250109e-03
1.567685430657226979e-03
1.409891790746538266e-03
8.782403694911053438e-03
3.172878102609610982e-03
2.438166418392141970e-03
1.540666343425407467e-03
4.600827347766500534e-03
1.623114136030164934e-03
1.597426626343292650e-03
1.320321942182822381e-03
3.890530643290266224e-03
3.709973273938597157e-03
7.671823198734634142e-03
5.059552381685988517e-03
3.319412653658886884e-03
3.159564766324480557e-03
2.731542450249336944e-03
2.199072341184357508e-03
2.207450602973275600e-03
2.622572204005796728e-03
2.517544197018024323e-03
5.067080282275252499e-03
8.986957748451315092e-03
3.252577130749461157e-03
1.471804789756599695e-03
6.329174229002810549e-03
2.358265799855067610e-03
1.761531853790560377e-03
4.062045107082377926e-03
2.670602534332409267e-03
3.275383216484379668e-03
2.662719141223094006e-03
1.432198965037331274e-03
2.147273554296409443e-03
3.761624310408902879e-03
3.405612213504598685e-03
1.918874663888927440e-03
9.742108448325959014e-03
3.099695131108880664e-03
4.722088338066598306e-03
2.336342243887325199e-03
1.631239536215326521e-03
1.211144274169362496e-03
2.613101447395552515e-03
9.911742736832245687e-04
1.774730261860216858e-03
3.409618511837822670e-03
8.936443589686964700e-03
1.817510589145198818e-03
4.741707698827352276e-03
3.534100363219432484e-03
5.504324985682981959e-03
1.095680661170323703e-03
2.296172231492642300e-03
4.966350411805957842e-03
2.095514478473109801e-03
2.946708686921560572e-03
3.564132906049057633e-03
4.615224600462448229e-03
5.908276478742516616e-03
2.015333572963320247e-03
1.097496291327844115e-03
1.385500731100486153e-03
5.003561008372378431e-03
4.079363506532021101e-03
2.931967905639092098e-03
2.483035831765419751e-03
2.090750275313013867e-03
9.876906246244630989e-04
5.003313654300902205e-03
2.035157851624133304e-03
2.810659113034148088e-03
1.402253045658439275e-03
6.307865615632957113e-03
3.365528496219704659e-03
2.065714367756504247e-03
4.734126891846541021e-03
1.070188863636965457e-03
2.017033286038098262e-03
3.422246258691116587e-03
4.176978596314445333e-03
4.579259013269011344e-03
8.701264500338271903e-04
5.837559150107236514e-03
4.975635205192898217e-03
2.635925068470104486e-03
5.142497486141388643e-03
3.382827589667363258e-03
5.989292302622704033e-03
1.881699233708894383e-03
3.745196397331140327e-03
7.555104651465952351e-03
5.601360823948959948e-03
1.567868957405292238e-03
1.061890695181954940e-02
1.146749256723702745e-02
5.050382744654437900e-03
5.538929993005288835e-03
2.435755663855582002e-03
3.958450962158331816e-03
4.289956068574420599e-03
1.646118907101876486e-03
3.929696156322342107e-03
4.259121577869378478e-03
2.141559257985831393e-03
2.216768498567654212e-03
4.945813422468444201e-03
3.267727467163644792e-03
2.183528719747288363e-03
1.281158236817181873e-03
4.889631882154348887e-03
6.424923885511159977e-03
5.120054464867299787e-03
1.720698113114091550e-03
4.591595742154909975e-03
8.528693212613151428e-03
9.016540827795102402e-04
6.719313489506461602e-03
3.692508613960140268e-03
9.766958882565755784e-04
5.683814649650926511e-03
1.644644310597274256e-03
2.249829852457097164e-03
4.560228348125487143e-03
7.331834144652861485e-03
4.423778757191310258e-03
1.429061890365539243e-03
8.300871740417744074e-03
2.879133804980577287e-03
2.153922812718698284e-03
1.150233555499263196e-03
1.927500638082583692e-03
5.246278897951506606e-03
1.657506937255407396e-03
3.733195654174024762e-03
1.506322952201385708e-03
2.033045324742558616e-03
9.615167327425190244e-03
2.164099383802010196e-03
1.379592251129690625e-03
3.761227823862153645e-03
2.237445122254556971e-03
3.265626791072481598e-03
1.878291975604592587e-03
1.126063202590115407e-02
1.860062278703370495e-03
1.578292958771998662e-03
2.611364670825304726e-03
5.179681574194367616e-03
2.852887644858893845e-03
3.060254960983294775e-03
2.434416652366230057e-03
1.642873604087097174e-03
4.514972628602608243e-03
4.016907190112065963e-03
1.614212097206970190e-03
1.791715323574342815e-03
1.650839398421735790e-03
6.170177921867827514e-03
2.959709728600890162e-03
3.298825849203842683e-03
4.868207939954406240e-03
2.696740037491031968e-03
3.846923304421728633e-03
1.513989633493094443e-03
6.330726271637974328e-03
5.179168413816132889e-03
4.319395356453353124e-03
1.459428528541891487e-03
3.615530835408529292e-03
1.834552512811835241e-03
6.854404063847284803e-03
3.134567513957260861e-03
1.747907139562572369e-03
1.311903221949135834e-03
8.797446780531568630e-03
1.329119269639981310e-02
2.945327031360018936e-03
3.035619889224904465e-03
1.834330728719263002e-03
4.727311083794002652e-03
3.688581876688586982e-03
1.438972907046107011e-03
6.455221911081568398e-03
2.061991448372649336e-03
1.257892499420725733e-03
1.395716977618941717e-03
2.030875066276621038e-03
4.903684347052595163e-03
4.693092479659650811e-03
4.731790241763804764e-03
1.862231965183209830e-03
1.054210023023914458e-03
2.030492875830202694e-03
4.393201740820780812e-03
5.133208996854024021e-03
2.296757757083116649e-03
4.761477586560473874e-03
3.196674130392419128e-03
4.235466387228511639e-03
6.803536659952506491e-03
2.325841030547076520e-03
2.425954677522717314e-03
3.703999267238650400e-03
3.023971187475544067e-03
2.173194371935637057e-03
3.758361619958702424e-03
5.465899182393501969e-03
1.474418962438468457e-03
3.037654404680373722e-03
1.290096247916874004e-03
4.649900308488673188e-03
3.281157448427887095e-03
7.378269064310121915e-04
3.197811469452437484e-03
5.855815930052356635e-03
1.831876979702938644e-03
2.003800549149929548e-03
3.279505373200251352e-03
2.851718586403611914e-03
3.040646040242526472e-03
8.452926017061913877e-03
9.504674642586858355e-04
1.226878418210141253e-03
2.480505693877799438e-03
1.941117427197098025e-03
2.068841161926036464e-03
3.977105527226000581e-03
3.974648056237067850e-03
3.163139582278390143e-03
2.068428004276406246e-03
7.461833627592891899e-03
9.242346364104279954e-03
3.662019914312843183e-03
5.282127996620685460e-03
1.062151742503091370e-02
4.006769414884044089e-03
4.887289224178751473e-03
2.772695232367531834e-03
2.151272401015576728e-03
2.926903279286062389e-03
4.787212702768908930e-03
4.594802973634221251e-03
4.760120873895806043e-03
4.994758868674491897e-03
3.875726944306216032e-03
2.171961726820479267e-03
4.101805276525427590e-03
4.066863176747511147e-03
5.412655305142812651e-03
1.891387122931876066e-03
1.484456630183941805e-03
4.554116045159790384e-03
5.187562610539927371e-03
3.208124752654463625e-03
2.475992458785489410e-03
1.643994950862755905e-03
8.417264280998922737e-03
1.455440960682475530e-03
4.530352108804712279e-03
1.731239246304059481e-03
1.953743788717608558e-03
5.471650657022195108e-03
1.099272862816979635e-03
3.653775529016421979e-03
1.199958008317358188e-03
3.716419494424745822e-03
1.604723531088333857e-03
2.759068181009115620e-03
5.216509024755481769e-03
7.385800797082667755e-03
4.414952486264606471e-03
1.101247230175584832e-02
1.458800195324219586e-03
3.685472373915875659e-03
1.856894917460557171e-03
1.080074112712970345e-03
3.336806153785073972e-03
4.183811436809694272e-03
4.875309285477809340e-03
1.117625998071360496e-03
3.833037532253545134e-03
3.991624403330585116e-03
2.610070988569372554e-03
1.775979333113161199e-03
2.102425023367756295e-03
1.706544872817075502e-03
3.914079900646619779e-03
8.099309447054335240e-03
6.170798934416265626e-03
2.465998948134272110e-03
4.317722832776698695e-03
8.404297638251642319e-03
4.216015816868503435e-03
5.510235757060560555e-03
2.062349471265325154e-03
3.108697934194431991e-03
2.581718118252586316e-03
6.946390213962210999e-03
4.443204893152527708e-03
1.860570416373862664e-03
1.410501847594939750e-03
2.556011545416019166e-03
3.031164219730394724e-03
3.806975419348965911e-03
4.344287353834682536e-03
1.393590559434788748e-03
7.991932586603068406e-03
2.847629685796329406e-03
4.480178089055071936e-03
3.389120405423953330e-03
1.348920116368993415e-03
2.931307567738561208e-03
2.067658910852094266e-03
1.110706587105592807e-03
1.030084628135596392e-03
1.962646759202968903e-03
2.012678235749920403e-03
2.448036332392026452e-03
6.511807358452186001e-03
3.035912222907242563e-03
4.637615209264183552e-03
3.720449092326450109e-03
1.971718911803369261e-03
1.780348827708928263e-03
3.752828071809437022e-03
9.134295393263051205e-03
3.542439492814011479e-03
4.353969208423556260e-03
3.450224014894691816e-03
3.702254440452136010e-03
3.813737988670991633e-03
4.510164206677592241e-03
4.936278715216873246e-03
4.795275701969498906e-03
1.238357828615226823e-03
4.565169870812846309e-03
1.001973971987740047e-03
2.934668615301072331e-03
2.450480682692479043e-03
1.833312017479357724e-03
1.315647706481004858e-03
2.901913876392960695e-03
1.997941037173199021e-03
1.578560723389535242e-03
9.438599196200618893e-03
3.285696107925941030e-03
3.709693697253971158e-03
1.550005626809796474e-03
1.779038466306138381e-03
3.668493004785579152e-03
2.407791262045611610e-03
2.009028939200015445e-03
2.137101583226337208e-03
2.393925912029237595e-03
5.576719198026295829e-03
6.079811124363363427e-03
3.823673231550754788e-03
5.093418347671096504e-03
2.001275517003264261e-03
3.619034609690408542e-03
2.809531207851581093e-03
7.338066842176359759e-03
4.769069643008584658e-03
1.114057137238576734e-03
3.976961368167566957e-03
3.070375974639341209e-03
3.341968658087468048e-03
1.499675290370833074e-03
4.868103384684820817e-03
1.851124579072200346e-03
1.434796834644528306e-03
3.025557198437257844e-03
2.298526159765096073e-03
1.313943239006369959e-03
2.536574401726332962e-03
6.022722722080129515e-03
2.408889548833534171e-03
1.229085041708620051e-03
2.239413461395119587e-03
2.505555517758930803e-03
1.494922637110234886e-03
5.684322678570555981e-03
2.149993550450202996e-03
2.278314941596594999e-03
1.984770705801876430e-03
5.392825183497966350e-03
1.344437531862605149e-03
7.361042895311984205e-03
1.531280042766009581e-03
4.550533693171782829e-03
4.407624413194928537e-03
5.887004183187272144e-03
8.973486251008570835e-03
1.493656161676307215e-03
3.986170163294628505e-03
6.527627525321903421e-03
3.323950557325280539e-03
5.061665438537717339e-03
2.017043821101499341e-03
4.661609121241874765e-03
2.397163894511819115e-03
4.139063467317996049e-03
4.013175391802999668e-03
5.433362085006189328e-03
2.905793230893871995e-03
2.092654176704649392e-03
4.297376124696189459e-03
2.474075147363069289e-03
2.081078954247998422e-03
1.279142372817862775e-03
1.641642297377722938e-03
4.616458216069754469e-03
1.760808075844882015e-03
3.545381968871621180e-03
1.084139354104447957e-02
4.157116767065048395e-03
2.682254386466511806e-03
3.452656447724100110e-03
6.876259297891399065e-03
1.517843661172194091e-03
1.930121924782064215e-03
5.130190470445814867e-03
4.126923117135672045e-03
2.444449677792178734e-03
5.270302078078250609e-03
1.777801464228460438e-03
1.627521773710094953e-03
4.056513715352608185e-03
6.241354471126198990e-03
2.124910461602297004e-03
4.650685988261558414e-03
5.766679168493321107e-03
1.959671505575786166e-03
7.236386792527702352e-03
4.159853184526178874e-03
2.594135542798272492e-03
1.000084590806101783e-03
1.616529722802343381e-03
2.453627851571679817e-03
4.188579787464377993e-03
3.110301495420452270e-03
1.483803083052017639e-03
5.358485464365528306e-03
6.817093157273153466e-03
1.062502985705085588e-03
2.591676786229317984e-03
1.635481293851929162e-03
1.516025506136562187e-03
4.432338795436982851e-03
2.460166301546730036e-03
2.210899273736109845e-03
2.087986415219263928e-03
1.499881367928533344e-03
2.715334826326683097e-03
4.747147141944429473e-03
7.832308641803238658e-03
3.882346578186346084e-03
4.100977140734215522e-03
1.614040111655106781e-03
1.563115291491687679e-03
5.070778874598218244e-03
1.526369525702385779e-03
1.942066809279459740e-03
2.603470349938919945e-03
3.726604214739743896e-03
3.091713142512323396e-03
5.216384921624121762e-03
4.830088254835466707e-03
4.279859340695630135e-03
1.857705696850250757e-03
1.432156125537365626e-03
5.435628109327689771e-03
2.408027449324750668e-03
1.392770949865092603e-03
2.012801655375018837e-03
1.510128377129565979e-03
2.881652741003650105e-03
2.693360493463936925e-03
1.842592881329662563e-03
3.747034539490557477e-03
1.180565979404274869e-03
5.033593358859451972e-03
4.525409320147839864e-03
9.782017375674682824e-03
4.930281477620609629e-03
2.744697874917160357e-03
2.842143525399760690e-03
3.192389880623626875e-03
9.874305999205383252e-03
6.203467678737778490e-03
2.792334229679359348e-03
4.287407013420964016e-03
2.434231279416880934e-03
2.140604364571775057e-03
4.636526214231091389e-03
8.962738416922553381e-04
4.578761129892571294e-03
4.970026596113058873e-03
2.766085224238417489e-03
3.259654591476749373e-03
1.579948965088135999e-03
3.520623990728738700e-03
8.200530455192891338e-03
1.137863305549940193e-03
2.049903707468194759e-03
7.838729644544142894e-03
4.132826204597979218e-03
2.052386351811047970e-03
1.910900982382511592e-03
4.126817854694246439e-03
3.932663187877859408e-03
8.289388113112699727e-03
4.009141901921376046e-03
1.760946010699746206e-03
4.101134451434113384e-03
3.472262889717588931e-03
1.290852234035716256e-03
4.787856134421664828e-03
1.268867625795627903e-03
5.012745076224227325e-03
2.813090398297492072e-03
1.199522143475704149e-03
6.289800509222736799e-03
6.185799904353606396e-03
4.935703725562252259e-03
2.255330752323617301e-03
2.473477729525557986e-03
5.182181395072250202e-03
5.072589394803414531e-03
1.970300922221792338e-03
5.938227545324207581e-03
2.412905647756725339e-03
3.109861141588997693e-03
2.383203604639919267e-03
1.717103870323589444e-03
5.640167192847605690e-03
1.179307708600586509e-03
5.052694742922358984e-03
1.662254841698095932e-03
1.777441859683272316e-03
2.643639705203370237e-03
5.165962541160169265e-03
1.967058022575730609e-03
4.356753475304799526e-03
5.380895854072686828e-03
2.355909413448793212e-03
5.081747995071711835e-03
1.946347764921012129e-03
3.463845884654943603e-03
3.807996923863335784e-03
3.170759034568166029e-03
1.959530731504920131e-03
1.747540287796884749e-03
5.636876961815783134e-03
1.681647298774520405e-03
4.320424839452923632e-03
6.022901263391252161e-03
6.140453533679624508e-03
3.798722609236082192e-03
8.199923923868040684e-03
5.341922808091663713e-03
3.726556359592645817e-03
2.965788008927322007e-03
1.964657318016051722e-03
1.134880352275762167e-03
1.060182805601202075e-03
1.976931880752753196e-03
1.766520123947804433e-03
2.442408626219610100e-03
3.526755410697287717e-03
4.228427384000634989e-03
1.491256153610794706e-03
2.142598580159002768e-03
1.802063108789250193e-03
1.349144859022200198e-03
4.735504403680991167e-03
7.841021231111518913e-03
1.632656705238226666e-03
3.875334463609964031e-03
2.467598918942493814e-03
5.712861724102659411e-03
7.390664267027990779e-03
8.231950318729880627e-04
2.700094936535885840e-03
6.197385399012206655e-03
3.295592670517043764e-03
3.135569706337471962e-03
7.382084743981941720e-03
1.038306409581993446e-03
2.225649488230403705e-03
1.315669242724091257e-03
5.976624781275358470e-03
2.335387369641754238e-03
2.267775450582149369e-03
2.960199211306020588e-03
1.891452659709759541e-03
3.497641361399146838e-03
1.077649034125990717e-02
1.066620871148886429e-02
3.996760364237250847e-03
3.236757092218225072e-03
9.960150218531519349e-04
3.202036874169219335e-03
4.879744167041319240e-03
1.381836212771979291e-03
2.638894609143672271e-03
3.703396462792548499e-03
3.207337925508142121e-03
3.169843121042917322e-03
1.466929849257924030e-03
5.113552127260903579e-03
1.931123919628543973e-03
2.246806035609835890e-03
1.634728224806355611e-03
3.017756219545520563e-03
1.543232808695014667e-03
3.188751916281706410e-03
4.255105602845406752e-03
4.653898350046471039e-03
2.590471330496376800e-03
5.545354679692226715e-03
3.441548672845315057e-03
1.946687699881003960e-03
3.385708447413836308e-03
4.881451355440576470e-03
1.953799757121448856e-03
2.894397555029445523e-03
2.468431195297394239e-03
2.987862770050198069e-03
1.510481628442902685e-03
2.546244310390161948e-03
1.068036157575928072e-03
2.579114325032766733e-03
1.572562628579338108e-03
4.519262857118544127e-03
6.481915021130434627e-03
3.703390808888519081e-03
3.533804070952178793e-03
5.226881395057843271e-03
2.469143895599236298e-03
1.187495653809263717e-02
1.498912803655670905e-03
3.579942000032832264e-03
1.643543445997023948e-03
8.345343530989979275e-03
1.577286168527259431e-03
4.769782313806851352e-03
4.963343154094704279e-03
3.188040817282959682e-03
4.154238526073086336e-03
9.742989218331029764e-04
3.757932024337638094e-03
4.155220732527610886e-03
8.601363476223235216e-03
3.904247512247289737e-03
2.486317008332571653e-03
2.967849745412543590e-03
3.867542209261630014e-03
6.207107586241263769e-03
5.327767529609565150e-03
1.598837221811416111e-03
2.484329380486433557e-03
1.089030941004912392e-02
3.865844982441345515e-03
6.183296167281683749e-03
5.055388014744444450e-03
3.163111011778126352e-03
1.833501248341682472e-03
5.350913414053987821e-03
1.258625010727433893e-03
3.952334853551806547e-03
3.155078349182844927e-03
7.583010734173336979e-03
3.349312816403444103e-03
4.650723248657304652e-03
2.588657980978682251e-03
5.302475277707420498e-03
9.044401366603501986e-04
3.642547019215208737e-03
1.909970608329138782e-03
4.100760520573864566e-03
4.148772786582721056e-03
1.564405047043253890e-03
2.808675856487481692e-03
2.217864500755545049e-03
3.156360753967315646e-03
2.857544328115563421e-03
8.117191217672882486e-03
1.404360045254039778e-03
2.030252860769849246e-03
2.162603642590902285e-03
1.180024439730010220e-02
1.495424876226174489e-03
1.082069966347770206e-03
1.488762165790028002e-03
2.421470656157127116e-03
3.027739415925214620e-03
4.751317657990903644e-03
4.554495556385424263e-03
5.217334092413210452e-03
3.469707925536566484e-03
3.173539470108159392e-03
2.361057606764883736e-03
1.444932254142825175e-03
1.115271509278224337e-03
4.210867826211679883e-03
2.601482823562940513e-03
7.114701047704059637e-03
3.091677704991910476e-03
2.204189414017749832e-03
1.110574774394219996e-03
6.108275910753899196e-03
1.186220150724665370e-03
5.376943688731784625e-03
5.521083782724835881e-03
4.520742244622503146e-03
2.785715196645070259e-03
2.397872572941050183e-03
1.189884794557500300e-03
1.852159146597080102e-03
2.428631747932315579e-03
6.197904125677097809e-03
3.022863703141138829e-03
3.101885263521019648e-03
4.968694859156807392e-03
2.674748350999016540e-03
5.319236973365442690e-03
9.218648940760756482e-04
1.474205559105829259e-03
1.710909381921643007e-03
2.979812106340371924e-03
1.526997352551295439e-03
3.186957867258282361e-03
9.349295563288233203e-04
1.387827614940198052e-03
1.302001738130889857e-03
3.908465235884034383e-03
8.832190220914174286e-03
6.263075243571501402e-03
3.880428323084317115e-03
5.792164887365116102e-03
9.293744908439095266e-04
1.154582599099704659e-03
7.626613800294146026e-04
2.954186827299040610e-03
3.825881401426079603e-03
2.931977242848608951e-03
1.179889951064414444e-03
4.459825452047956086e-03
3.692486390879782567e-03
5.385589588380388336e-03
1.370063576968856512e-03
2.010629771072369471e-03
3.893612902345900111e-03
2.490011306918743332e-03
1.459443789060837224e-03
3.480751432402438752e-03
5.424975693896016450e-03
3.165537428159693415e-03
4.974873499253906761e-03
1.687512261993221775e-03
5.164737684919614921e-03
2.086487034628051011e-03
4.891572220335032618e-03
3.877498984513841167e-03
3.682254591427636722e-03
3.143386500182464207e-03
4.947812473930545199e-03
6.502274134389862681e-03
4.563663494757706947e-03
6.872178355805924274e-03
5.234967329237782095e-03
1.937710550133706425e-03
2.783938957074398157e-03
6.828711774444405636e-03
1.534721055252613858e-03
4.251690318023399959e-03
3.938711994377354017e-03
5.378782450276726849e-03
2.564380016790403921e-03
5.888264878960485817e-03
2.897066187164481187e-03
4.875461435887711546e-03
1.448573440208986325e-03
3.181347744253854460e-03
1.365790562895901304e-03
5.886177465217177530e-03
2.364902982666890457e-03
2.689710496647422511e-03
4.613328016332391909e-03
2.265458472708640168e-03
3.716789097854907194e-03
2.037580142811905304e-03
4.786076476656039511e-03
3.232596957309140720e-03
1.387303576267877704e-03
2.756242749512844478e-03
1.166592340955210829e-03
7.552668746041469282e-03
4.679600890564647973e-03
6.002192809659252781e-03
2.266923027678243493e-03
3.744452687213833692e-03
1.403511243154085490e-03
1.329249183415444520e-03
3.917935116092634631e-03
1.478814662962311087e-03
1.591421504002445662e-03
5.905527705799835936e-03
1.542337000712383022e-03
4.706147419361879358e-03
2.237261354576975791e-03
2.197628956598687931e-03
1.362783918893329272e-03
4.039778355558569511e-03
3.111186585868914306e-03
1.831102214384948195e-03
5.447806087591806554e-03
1.859746096444906327e-03
5.996103158046912386e-03
1.348105000251446049e-03
1.099802213890320370e-03
3.247529680962315916e-03
4.096632159319896910e-03
1.756189781957350230e-03
2.658359528204542500e-03
2.209865148922083092e-03
2.344390392772465609e-03
2.695057783773217169e-03
4.697875692506415721e-03
3.551647960134552383e-03
2.857727894166570224e-03
2.613439571524844764e-03
2.181853111508457073e-03
7.428600147935711905e-03
2.252879755424686947e-03
2.780261977165353858e-03
1.798197978541187176e-03
7.063297729214015191e-03
5.104180032197418171e-03
1.977242120623807099e-03
3.729283795009460511e-03
4.507617713311570622e-03
3.491468850685303625e-03
1.096667721994318669e-03
5.179466876911575229e-03
3.485442552897603623e-03
1.221210359398122725e-02
2.408604839561402991e-03
5.148127238777825375e-03
1.024591366876820417e-03
2.544910972848783356e-03
6.278486258730965261e-03
3.356875669860096695e-03
2.117227576606808912e-03
1.689373915753140075e-03
3.327301489796962927e-03
4.479448586718720940e-03
2.156840934736032646e-03
3.100676353029812975e-03
8.813444273540976467e-03
2.336989800683324583e-03
1.373452591767861325e-03
3.324852176709823959e-03
2.200747747245541345e-03
2.297007308386934694e-03
1.778300228941886302e-03
2.111205760869888908e-03
1.729704797010352775e-03
6.634571259476132986e-03
4.101145921927768119e-03
1.768593769830469498e-03
1.560523539174921148e-03
3.382307796635852532e-03
3.616911619746936493e-03
1.335577506038773720e-03
7.871896241557213222e-03
6.775132902195417882e-03
5.144960561161652374e-03
1.973833198008109833e-03
2.139166008644764663e-03
2.388090575224440827e-03
3.540342247559560666e-03
2.308153131959151359e-03
4.742642267297810660e-03
3.538595009601980517e-03
2.958102965005881407e-03
6.748417564699682458e-03
5.255065944936487300e-03
1.701331468003255661e-03
4.889822341342183083e-03
1.084507591345348736e-03
1.458181151965174619e-03
3.109786031956288110e-03
1.029234542704982047e-03
9.471197444866422122e-03
2.727622172390704869e-03
4.552067964840541582e-03
2.401833026377094005e-03
2.971546168504131911e-03
2.032340884203090621e-03
2.350758087285324035e-03
6.141261239702135166e-03
9.393772805792623484e-03
4.206990816174393556e-03
3.005115447914819861e-03
3.145589846185892907e-03
5.370274124407521145e-03
3.800579749016532068e-03
4.617807114232009083e-03
2.687506334101160462e-03
1.990166111621738572e-03
2.892657198326726003e-03
1.974284756577664862e-03
3.198606999366688467e-03
4.459157894507265185e-03
1.856164785121760131e-03
1.343666543997459363e-03
2.069465831065077366e-03
9.390113517941417898e-04
2.027634419194590011e-03
4.222632262899721559e-03
5.703841695184604620e-03
5.603175934808120838e-03
8.146046066504170763e-03
2.916675588580205924e-03
3.805311950945043653e-03
5.127914671171456863e-03
2.619127733231978346e-03
3.993570923422392477e-03
1.892969226731962620e-03
3.441459917465367144e-03
6.042664618198056656e-03
3.080622314320196481e-03
4.381033119269001248e-03
1.472629742415684090e-03
1.371063338720409849e-03
2.502515249947016070e-03
4.475525158967680328e-03
4.464798312009182236e-03
2.953305129083587388e-03
3.144642561651706490e-03
3.384046726655942378e-03
5.465042739711230453e-03
3.534614556108699179e-03
4.617112904784581931e-03
4.884317291248461979e-03
6.031310004270576744e-03
2.031260918634880414e-03
2.490909016436742510e-03
3.748464631238039232e-03
4.892517082042221847e-03
3.313591652285092972e-03
5.599347246348930149e-03
1.540515051132555768e-03
1.781915869094815880e-03
4.470402005970566979e-03
3.874109727363626507e-03
4.210756085264340254e-03
3.184030140286622183e-03
4.697512875168757818e-03
4.429240050856427663e-03
5.194230200638996070e-03
3.120552024404899503e-03
3.805832725615976905e-03
4.391618661090839967e-03
5.647265933034166692e-03
3.700875356896630476e-03
2.336358396787836713e-03
2.942646631183175755e-03
4.198746652272513508e-03
2.727267942819414787e-03
2.235978975295037016e-03
4.114363884305421645e-03
2.788042281700515036e-03
3.580715163468048932e-03
4.299347135464405556e-03
3.138612613865605742e-03
3.484526556394565346e-03
1.762095467989018395e-03
4.783915610196285556e-03
3.234888289354148280e-03
3.686462728551479721e-03
2.960989670262991185e-03
2.656731631630021573e-03
1.875601822047484081e-03
3.503084411428790835e-03
2.044065515307930733e-03
2.080960886450613188e-03
4.384363026478233297e-03
3.612136249411492060e-03
3.658515627119272515e-03
1.847882080667439218e-03
3.292318714031582366e-03
2.109319292785615321e-03
1.396070977140703544e-03
2.275487286766594494e-03
6.436779611581814817e-03
1.012103127455279104e-02
1.384392282431586713e-03
2.286132062689062456e-03
2.513374635078509823e-03
2.277115057971552167e-03
1.574487916789680695e-03
7.621782988374201616e-04
1.779945226592311112e-03
7.862145438023018101e-03
2.414487015378284467e-03
5.272462954143350596e-03
2.757416412939677625e-03
3.875001188338891671e-03
3.151707959446695389e-03
4.431363753718444223e-03
3.701535063130371311e-03
5.578909040163638859e-03
1.912690359870111668e-03
2.588253389363372268e-03
1.802098928621433246e-03
3.122426595816872597e-03
4.087806103306834693e-03
4.664858544705626983e-03
3.744328741954775722e-03
2.765086145445304604e-03
4.570908480983672424e-03
5.092680901913742078e-03
2.803693518004474281e-03
1.644756433074254232e-03
9.771693099092668231e-04
5.705129252342485205e-03
2.211048887091489855e-03
4.088432901220128389e-03
2.683686254641537254e-03
2.975870279835992303e-03
7.351324487444322112e-03
1.891746410786518656e-03
2.394016408357791271e-03
8.318109907749844656e-03
1.829526856007177406e-03
5.323625866652153052e-03
5.113771540164866423e-03
2.800635516583755910e-03
1.674729852917877836e-03
1.766343067187698193e-03
1.496538252121781733e-03
1.294366535714127058e-03
4.135606796947637227e-03
1.446756131264818239e-03
4.269178427832515284e-03
4.158673769032259632e-03
5.291004840822038924e-03
2.253671875159388160e-03
8.582505491752389498e-03
2.801841913675342209e-03
2.524523508505979383e-03
4.335452011994034294e-03
1.213534744786809536e-03
5.069445109130381495e-03
6.588771520641923014e-03
1.628064262516754242e-03
3.497075638071165012e-03
4.117301535741451496e-03
4.083941521281819580e-03
4.753995389665203325e-03
4.466656273646165895e-03
1.120134515720042252e-03
1.744328347494611062e-03
3.543934512888395703e-03
1.703108529283339214e-03
1.923790305414761932e-03
9.531017795855771177e-03
3.293446611398576085e-03
6.201055900945740343e-03
5.293348869496775598e-03
2.995572503879787019e-03
6.693577753783104545e-03
1.831723337866868109e-03
2.936204084304928907e-03
3.463568801246669476e-03
2.523817639851564341e-03
1.412691710415507444e-03
3.588855827108216288e-03
7.694962350568386455e-03
4.675030296500664456e-03
1.528988187399709688e-03
1.482453802850348598e-03
1.487748186662424341e-03
4.555354270631399409e-03
2.046030427132402262e-03
1.105307161132665708e-02
1.348121844043555402e-03
3.234642449856161249e-03
1.185337170678995525e-03
1.432426561051881051e-03
9.035889747510279443e-03
9.466390016725599946e-03
1.460592269678449634e-03
5.579970994162949081e-03
2.327732637749545339e-03
2.183022205590988418e-03
4.225000111874750372e-03
2.903804057630700840e-03
6.365543597762697396e-03
2.224390888490230308e-03
5.333174619807955381e-03
2.195643047963414217e-03
1.422269416326438262e-03
9.474931540172346111e-04
1.335523719408285900e-03
1.365921846014093392e-03
5.828428891353697530e-03
3.568381734046385118e-03
1.413658443703277607e-03
1.972156754696233975e-03
1.709576320037976566e-03
2.485004512370722965e-03
6.168774484728475373e-03
1.341936779350909933e-03
3.993723021319828086e-03
7.662343121070481176e-03
1.958932456709129750e-03
8.095362995085949448e-03
2.649499653959161601e-03
3.326193533240906150e-03
4.345646280128402129e-03
3.015128506402764939e-03
4.455956425404004190e-03
3.722532989788161772e-03
4.594288734261033243e-03
6.253639778575169686e-03
1.102809255286446230e-03
1.891679649944758663e-03
1.428686898622932768e-03
4.311301110109745996e-03
3.057262208154216346e-03
1.558181579924627479e-03
2.403499124571111586e-03
2.505297403981047045e-03
4.150234917055241682e-03
5.593839913354763105e-03
4.895389717208657038e-03
1.820525306061363457e-03
9.528445133071754107e-04
2.121310244605131672e-03
1.705243068207501229e-03
3.423740248199318506e-03
3.972764435994913072e-03
3.899954044177319969e-03
7.422096170268678919e-03
2.939345498878597612e-03
9.572899535848385794e-03
7.085039816839645843e-03
1.811730163976063308e-03
2.517113705558153211e-03
6.512673989595793404e-03
1.385762106693255594e-03
1.094704396625613071e-02
2.105365983967259769e-03
1.036021098501969852e-03
6.425180350611018470e-03
1.205214657412256819e-03
9.864438113917550419e-03
1.786842391261965392e-03
7.523510510457191020e-03
1.609004481762693140e-03
3.649267683506305249e-03
4.169879705793081565e-03
2.882638283463450496e-03
1.679401241734518541e-03
1.502412927030050225e-03
2.735861399197796803e-03
1.940326464243357328e-03
1.208895713681589065e-03
3.631627423854523213e-03
2.096732678935534552e-03
2.660556010938677166e-03
3.811569620934020242e-03
3.414946816002331978e-03
2.258305507492732248e-03
3.122853725999085589e-03
4.643626464091773348e-03
5.367332807085569216e-03
2.011089945222684604e-03
2.225381952879996496e-03
2.506032098404238802e-03
1.069518059902007604e-03
3.232226512165842659e-03
1.407986294341177910e-03
1.717741896754691397e-03
7.056945984792275736e-03
4.013763037758530730e-03
4.238685378130299490e-03
2.875992080956024394e-03
2.562509181918907163e-03
3.448345275016855872e-03
3.295744811811154949e-03
3.345112786401174126e-03
1.857751095147674829e-03
1.453991835527764344e-03
1.775388730619110273e-03
1.165805731114200657e-03
2.953174455798024140e-03
3.817380039990892968e-03
2.979222141056460903e-03
8.892508697043293234e-03
1.122382875411555205e-03
3.117930201734254395e-03
2.645999808820421670e-03
1.732449683754412086e-03
2.069859444065996930e-03
1.713907920510537343e-03
2.716217978430017065e-03
5.200705534491860405e-03
3.701940587098424482e-03
4.966915845109873273e-03
1.429271888755195711e-03
2.046845230471213556e-03
4.366318128553063269e-03
4.080481388176210311e-03
3.072775000685349159e-03
1.620449580502731322e-03
3.599934205315407851e-03
2.566492971415632041e-03
4.032096068823002623e-03
5.686874962633850852e-03
2.145568265177465531e-03
9.788982431439667304e-04
4.409409760005865084e-03
1.829341930968028966e-03
2.886135114317923793e-03
5.692152025831486058e-03
3.600239141205894070e-03
4.622238579284011252e-03
1.834844103055458886e-03
5.034258743233652363e-03
4.464028102194898470e-03
1.205336636767964480e-02
3.798939266103473766e-03
3.682376163307632400e-03
3.573974598883704074e-03
4.700317973054807599e-03
1.420420929726488000e-03
2.523349139806598841e-03
8.149525730081022025e-04
3.104221333182229526e-03
6.000450196670791686e-03
1.096630008421694245e-03
2.901448113927017607e-03
1.194765542404839769e-03
3.816357760259391722e-03
6.015282654765308212e-03
1.329564133778479706e-03
2.757013881544077318e-03
2.981720488290190169e-03
1.113213177107108195e-02
1.530441258830786671e-03
1.236068700742152778e-03
7.111279957647095168e-03
1.461814084875329286e-03
7.484876486870076055e-03
6.091455279098031105e-03
2.552585398793344278e-03
3.967823839549059275e-03
7.851098814096719655e-03
2.275290454225264731e-03
6.953703692260429850e-03
1.587009583583747418e-03
5.795304508691168435e-03
1.952794521323442199e-03
4.437360126012500350e-03
1.164533390983759405e-03
4.098706440558808756e-03
1.330446903366265792e-03
2.613867534770553114e-03
6.547473632408457034e-03
2.611819296582407537e-03
3.621927985862222199e-03
4.162415087016114838e-03
2.124785676331785843e-03
2.878780093776499641e-03
4.181251769074988134e-03
1.878344078809010640e-03
5.744632965722400002e-03
3.548611823591507619e-03
3.708842808499076670e-03
2.039549270063960220e-03
6.731834734971148954e-03
1.908554403169686678e-03
2.649749285145881587e-03
1.895846895456667876e-03
4.892405045942286278e-03
2.156968927219389803e-03
2.299301795681188594e-03
2.588590910026460426e-03
4.954962075291549292e-03
2.690766203856457574e-03
5.326286235151568745e-03
3.580033946184643049e-03
6.771090579524689096e-03
3.890136277277782967e-03
1.883163233007480912e-03
4.841435489365688433e-03
5.873729206417512699e-03
1.207921704452662864e-02
2.052112915797134340e-03
1.672465202921638409e-03
6.194326524584486959e-03
5.974033539135456886e-03
3.908509303815145899e-03
1.269168195918324521e-03
1.126185978426564108e-02
3.262134494343167830e-03
2.307088918400749655e-03
1.864610839186998806e-03
6.797480807779338920e-03
5.299866333369204069e-03
3.048203918862847119e-03
8.042499083088317305e-03
3.590526479972862370e-03
4.356811401587663661e-03
2.496276350274244469e-03
8.834375866662130513e-04
6.710357925808642550e-03
2.784374027896029721e-03
3.230473140376935535e-03
8.245332048613910822e-03
1.605808008169198409e-03
1.656108263405359042e-03
4.658819347552180419e-03
1.794798336882511263e-03
2.750323292878970906e-03
4.355023334826493321e-03
3.641988226866678304e-03
2.733273531118637825e-03
1.405294040075963672e-03
1.709235690323572098e-03
2.704244714342756133e-03
9.881767984425073210e-04
1.684636365085320255e-03
5.572168354220646477e-03
4.808974470174128511e-03
2.288175071102331853e-03
1.380418890447556411e-03
6.398524585570355278e-03
4.849490639273537455e-03
6.603208656868724512e-03
1.256454164849172671e-03
5.591714259335466529e-03
1.124604103528092751e-03
1.512555997805511239e-03
6.624294940259027077e-03
5.484022242144671357e-03
8.688501297109444636e-04
2.279340861268852603e-03
4.112623092360746802e-03
1.471157898205355426e-03
1.088618409374991422e-02
3.784630946134400192e-03
3.113356818714177465e-03
1.919211799529242386e-03
7.026820010056219340e-03
1.863214339927850381e-03
1.388056580245859099e-03
4.491936999693871280e-03
3.780331569761581287e-03
1.212812275747075091e-03
5.892139575266955830e-03
4.668592177663928762e-03
3.549559104827451714e-03
3.486390226953926808e-03
5.465456938500014294e-03
3.065669692684136211e-03
2.073448319231124912e-03
4.043360413716914209e-03
9.972306471706302283e-04
2.689548309664309758e-03
4.747590352724368259e-03
1.384924928441107900e-03
6.715391113513688275e-03
4.740465855942394349e-03
3.953773174507884541e-03
4.346254360373931133e-03
3.906732836646887620e-03
2.681851911319764296e-03
1.371649901587510510e-02
1.445993202085660290e-03
2.197987764010322226e-03
1.683897793558070122e-03
2.045086951457159366e-03
2.063603724480331421e-03
3.180724575777012664e-03
3.766503566518547823e-03
2.319151969852487147e-03
5.846179315625530878e-03
4.910311389241230062e-03
3.548472495835206658e-03
2.118305507708144637e-03
2.691437385450788124e-03
4.570509054955780755e-03
3.291242249447323687e-03
1.686058462342202762e-03
3.822200940050026960e-03
5.380312296162701076e-03
2.117356059477716948e-03
3.205771861585808395e-03
2.462315719834474656e-03
2.556846592829081170e-03
5.277899729048057126e-03
5.119642414299515470e-03
1.898966769352682452e-03
3.502436496965131638e-03
1.501759571711572911e-03
1.716359300038388649e-03
1.993578004728216706e-03
5.590040592098791117e-03
4.487769724340165065e-03
2.325516832733453502e-03
2.306856310165114003e-03
1.956137419104071046e-03
1.081081131991904615e-03
5.015028633184665657e-03
1.216364343977225553e-03
1.871928377149638476e-03
3.431083484174161403e-03
9.771072497513301394e-04
5.089772869215068198e-03
4.236265963795012024e-03
7.969480194458960359e-03
5.170140974698242409e-03
3.427289262285730925e-03
4.153412834285067669e-03
4.346554319187330082e-03
2.207974960796550527e-03
3.669258919879612481e-03
1.409137652580739423e-03
5.694427687303562323e-03
3.824142914103797423e-03
1.259679336310207207e-03
3.786699795697133324e-03
4.624623658599214676e-03
4.588252027970376144e-03
2.079708592695782635e-03
1.209755872404198219e-03
1.806777498292645289e-03
5.530975244172667803e-03
2.191869193345402124e-03
4.083341179814638754e-03
9.183832389840038135e-03
2.814365593743322833e-03
1.729100254265211875e-03
2.108893931337359369e-03
1.824475001307204010e-03
2.346916567301930798e-03
2.809738008783125261e-03
6.795599880032287751e-03
6.467954083872805987e-03
1.828599291474328811e-03
3.032796735997775675e-03
1.320898701443637586e-03
2.676653568352244366e-03
9.868964227438309540e-04
2.025225784909486654e-03
1.309420464034290969e-03
5.356292670578054367e-03
2.721266744396725647e-03
2.926939700214967535e-03
2.101781920206496988e-03
8.009726113061187147e-03
5.862634610104841895e-03
1.766714294219658577e-03
3.120856219609819023e-03
7.097697079293911748e-03
1.108052163662049403e-03
4.158535613021950572e-03
4.061933315784069243e-03
1.431122947154679290e-03
2.668210789510805977e-03
5.945489361124375177e-03
2.585373567733186603e-03
3.009231830384912973e-03
1.133365561772654547e-03
7.279571374352947384e-03
4.095782085832232015e-03
2.445917742240267655e-03
4.629217836776157620e-03
6.839494392964428141e-03
4.737751518551932411e-03
4.000361999427718557e-03
3.173287372541272033e-03
2.739767535104034590e-03
3.284494722173063753e-03
2.751176683199468061e-03
1.645539572678137450e-03
4.376721609535334616e-03
5.302598812581890177e-03
3.006149002643906422e-03
3.616376515957377222e-03
4.241463996084328739e-03
6.410948770403959891e-03
4.810717073553761984e-03
1.805261385109876776e-03
1.024486970451581307e-03
1.647893168215721835e-03
1.308613382684349841e-03
1.616142641393882983e-03
2.115121958518111859e-03
1.527435629439105819e-03
2.540603248645205772e-03
3.592148516977321064e-03
3.519599917454032442e-03
4.036085632514892912e-03
1.267548715774946327e-03
1.284308494965747923e-03
1.623378598369966397e-03
7.041160634024878039e-03
3.874743694879906157e-03
4.445767016332443852e-03
4.282462509929196859e-03
4.782486889903345313e-03
8.687415685093048678e-03
3.626795927753724471e-03
1.212518358065165728e-03
4.987664804939981149e-03
4.188337437515773920e-03
3.308699126372172290e-03
2.191558061293543726e-03
1.109081463498019738e-03
4.991929771220995904e-03
4.674125026205473883e-03
7.258088644510694160e-03
5.211264536631515440e-03
1.694856588615054060e-03
3.199194497978016284e-03
1.342404637612470151e-03
3.040810844394515374e-03
4.801935822890173768e-03
1.613037851521087040e-03
2.764243102257406531e-03
1.032296752555639414e-02
1.553273115383091950e-03
3.202409717699688553e-03
1.934028171406429811e-03
8.850053351595945153e-03
1.023476806992505098e-03
2.905794727228678924e-03
4.454527644076229642e-03
2.102706664368150964e-03
5.994964884109479399e-03
2.143512492608896144e-03
2.577545998784674421e-03
4.719631879626661614e-03
4.259902783019276461e-03
4.401749225405173632e-03
6.376182548591177029e-03
3.002130317824707947e-03
9.538796692945527775e-03
9.284302780473468108e-04
2.537259092411136077e-03
1.921838099105109034e-03
4.747660162992215979e-03
2.303055129362261821e-03
2.952307924643647608e-03
8.452700601067059463e-03
2.292749392849902090e-03
4.074905877353823466e-03
2.720438495173791230e-03
1.333113448107666778e-03
5.861296103004063826e-03
6.653340150117688888e-03
5.365353668054682543e-03
3.431284131340783024e-03
5.893170617923382260e-03
2.557871934027337001e-03
3.306758608254448898e-03
3.099310281329323638e-03
6.129641960505473677e-03
1.000002812999322213e-03
8.199305879994964966e-04
8.315544441701748979e-04
2.833406099889091475e-03
1.697051472761067908e-03
4.585703474647987582e-03
4.432652476428134390e-03
2.863611064591414963e-03
3.340231153713400444e-03
1.870291353483264415e-03
4.597199368846356833e-03
5.756525753970005536e-03
1.901905863044719199e-03
1.375556546185833541e-03
3.721305546442449722e-03
4.612804614304417093e-03
2.798350897870021618e-03
8.656422170671713295e-04
1.759359547103194615e-03
2.864121651623503708e-03
7.955109154851206649e-03
2.007913536942831402e-03
2.879468236291810816e-03
1.408139541086630671e-03
1.111173615343677944e-03
4.020681966065096750e-03
1.999019951313103262e-03
1.120981288539936579e-03
1.060734172740216037e-03
1.780521782873841245e-03
3.360972351244243591e-03
5.184560765399735295e-03
1.898285056908346514e-03
2.455892998070502865e-03
6.955857124223873561e-03
4.439464099669934369e-03
3.946338225891230823e-03
3.642131040195694704e-03
3.286829724284333690e-03
1.340697043700988644e-03
1.166119194858519911e-03
1.410267802184493949e-03
3.481839825935108528e-03
4.223744237836728373e-03
1.369266577222597253e-03
2.336282695160904390e-03
3.069243150887302363e-03
4.882429302629910477e-03
1.914765933305321395e-03
2.569662317108696841e-03
3.004429383689118539e-03
4.591606273872858232e-03
2.720006041573501659e-03
1.755795798620677500e-03
1.109325800155890312e-03
1.180194100821972377e-03
5.503954159536100614e-03
5.042481869091560570e-03
2.072674821017556936e-03
1.258939233204387593e-03
1.469384323483575441e-03
5.010559157012196146e-03
1.606191245873851963e-03
5.024344160791978722e-03
1.630298809079480139e-03
1.279195816323887291e-03
2.601079987903465694e-03
5.206062948959477854e-03
1.401556333722127172e-03
6.607411158765168213e-03
3.318818638395022898e-03
5.727485782036080900e-03
4.834905455236230241e-03
1.403514703013137091e-03
2.111395974073034323e-03
3.109649343095693703e-03
1.163796310534761895e-03
2.416045234714840791e-03
5.634660258229680363e-03
7.944012743995351733e-03
1.575749109213795546e-03
2.060924767465974021e-03
4.513193894193788872e-03
3.928390249356297249e-03
5.595288242690919789e-03
1.719754498466184332e-03
4.414687268205057594e-03
2.930606862053061409e-03
3.717200959832904061e-03
3.196612142646739190e-03
3.914204975619070895e-03
2.605998228001586356e-03
4.021931772941117651e-03
5.188533896340183013e-03
4.753077470734449334e-03
6.839748291211596165e-03
3.674185802319906210e-03
1.071943069909021178e-03
4.489652659980851446e-03
2.407435949504412899e-03
5.248415628480510887e-03
3.919001688557188778e-03
2.661877903704321438e-03
7.807066275846779105e-03
1.663318826786056286e-03
3.271848202551665488e-03
1.574570421993547057e-03
1.165119883072969400e-03
2.408990620303370477e-03
5.067793101963253936e-03
3.873425929192056850e-03
2.525003998882461610e-03
8.128841072023183789e-03
3.295146294727015462e-03
3.486399943655782256e-03
3.435969682432812606e-03
1.481510479664292345e-03
5.935780844702070319e-03
2.832679947362072310e-03
1.421527186358452011e-03
5.098298511998611282e-03
5.157484157017166136e-03
4.375468221778453654e-03
4.474011976948374589e-03
1.826217059476673574e-03
5.250729672781851917e-03
2.856748468813253075e-03
5.665053778686451012e-03
5.412005759319049591e-03
4.993152630134743697e-03
1.791650589920843178e-03
9.905043803493964166e-04
6.209733973574602280e-03
3.377306777340609908e-03
3.299409397149656586e-03
5.452807826546516613e-03
9.351153646813344274e-04
4.941435000095032587e-03
7.650826944092798190e-03
3.496793440328770184e-03
3.532054269873428909e-03
2.592512052470865701e-03
4.474807232345755399e-03
4.747459055506358071e-03
3.556603170035143278e-03
3.802995497649851869e-03
2.924973640884341673e-03
5.271017304362769600e-03
3.401745563732016218e-03
5.572395618987589436e-03
7.696344090291946808e-04
4.316279827205978317e-03
2.432245577946894315e-03
2.589032079077347760e-03
5.569843930912947091e-03
5.358937527218169544e-03
8.737781951659425112e-04
1.127907616857035111e-03
3.692607541393183417e-03
4.167340038270588368e-03
1.457794928236262263e-03
5.078462691494750950e-03
1.152775800697423709e-03
3.767689492665583523e-03
3.359438016409542309e-03
8.778262159863617353e-03
1.071765452086166377e-03
3.596611744533403671e-03
1.130414986687253978e-03
1.226196435360225878e-03
2.367301586527595630e-03
6.049168574637015655e-03
3.088153231906354095e-03
2.148766879715701631e-03
5.347233329754059843e-03
9.568147251860445197e-04
1.107663369689830882e-03
1.766107241525236493e-03
1.151455335480677973e-02
1.858468838576684276e-03
8.848485880480393140e-03
5.494623619112839683e-03
6.030566315487455829e-03
1.695573525569617256e-03
3.846182128650014326e-03
3.106932805408161788e-03
2.973066641980508587e-03
2.142910271163806293e-03
5.953671920279839103e-03
2.426801579852217589e-03
3.890253792902682081e-03
6.866586669006699908e-03
1.535579870867368694e-03
4.152171369618818698e-03
4.454706663102226891e-03
8.818079648058856079e-03
5.216855722333488439e-03
1.130401500386890839e-03
1.121027617508584765e-03
4.416621282191012660e-03
6.387390627597567400e-03
1.748625046287044038e-03
2.371772378002148535e-03
2.776825881620529311e-03
7.989836318728554126e-03
5.446366323299438664e-03
3.362754488986109333e-03
6.098609303343364811e-03
2.782411740431054402e-03
1.384441113839368848e-03
3.241679177967507399e-03
4.187857364629895413e-03
5.669781000609271787e-03
4.310419822281033424e-03
3.874274356190891486e-03
3.411531406861733739e-03
4.481590002058308091e-03
8.150958363890315264e-03
3.462556492210777225e-03
3.549047204200306890e-03
1.329404668616465321e-03
4.634698409153683619e-03
1.788223672035798781e-03
5.023602158110047899e-03
2.317097932914036120e-03
4.532687277833893566e-03
5.038292659241249034e-03
4.373959026957100794e-03
7.271118895848477023e-03
1.432307672174850570e-03
4.273636722573266773e-03
1.241035836670824344e-03
3.654034256188270265e-03
2.013906186822207213e-03
3.403252882607681658e-03
1.600642142488270742e-03
2.019766706473586759e-03
3.939276226544068463e-03
2.252853711822012332e-03
1.634420703858650761e-03
4.236269833758866607e-03
1.630594577213380575e-03
1.130570142071074102e-03
2.154469438581369141e-03
3.892294270685416491e-03
5.648772602513110405e-03
4.289049890648250103e-03
6.643572932288737895e-03
8.975641338471140570e-04
1.711730399851458216e-03
3.727886364132207593e-03
2.301744424640999546e-03
3.651430967242471227e-03
4.725685887360131857e-03
1.031351299047350697e-03
9.795352045807510788e-03
3.046760166679863841e-03
3.483239941292010436e-03
1.768070271183836296e-03
1.680062666382413404e-03
5.263018080228732895e-03
1.118623792865704961e-03
2.761281374679492272e-03
6.481661155752901568e-03
2.843973333229471868e-03
1.228910930341814379e-03
2.324105364400134988e-03
3.138320326854774581e-03
1.846609888229225338e-03
1.875842866911423684e-03
4.887755222182696424e-03
1.570828422431330609e-03
2.896745676021135821e-03
1.544038958949387527e-03
2.059693563971725684e-03
5.767088109181732307e-03
3.515452112605252886e-03
2.683578821434374345e-03
2.265515920454078038e-03
2.974132402533074138e-03
2.612342693242379003e-03
1.164671293688659699e-03
3.377870157768593160e-03
5.370123434024155241e-03
1.637385646653768175e-03
1.162616594963600085e-03
3.493618926190006184e-03
5.062211055949180673e-03
5.136673095686591917e-03
4.649858176552390532e-03
4.183052027665173575e-03
4.239941448714132366e-03
4.040064445381469013e-03
3.564901506983902870e-03
2.599711518757979057e-03
2.185190135516279671e-03
2.138835441940406101e-03
8.044238062441359804e-03
5.612856644736780726e-03
2.846309144492705986e-03
3.580635873615165866e-03
1.074954869979186621e-02
8.688760133377902706e-03
2.368784996476177261e-03
1.028598838958020428e-02
3.654615737904261946e-03
6.341499652673374121e-03
2.350390719934754985e-03
3.183853250496938674e-03
5.303106615143740772e-03
3.262499707111910993e-03
2.881346265248870085e-03
2.872223262047300663e-03
9.503722627363069952e-04
2.553544492400881827e-03
5.273756159155483167e-03
2.344265952698710177e-03
7.099756189832691702e-03
1.729266273151966677e-03
3.728171340584434529e-03
4.792787037178550778e-03
8.069746968741242643e-03
2.196059549909935502e-03
1.512924898433277120e-03
2.253407521674422216e-03
7.814791565466192719e-03
6.477278735075773196e-03
1.395385395550215049e-03
2.856473457364001704e-03
3.350811796824633166e-03
2.702407032546777325e-03
2.052934137717923619e-03
5.595571440837627392e-03
9.074291503610018225e-03
5.227074743494136005e-03
5.006856390305103842e-03
2.539655973465528710e-03
4.183499711782057151e-03
1.821671429180854018e-03
3.901058241604910340e-03
5.035555138393059751e-03
5.973598690735174022e-03
4.819149011883920065e-03
1.491584155120632060e-03
1.498219631199109543e-03
8.945172688999851462e-03
1.570751311757678705e-03
3.180489454349610771e-03
2.744162655250662400e-03
3.554323013236776983e-03
4.211136611342542434e-03
4.137489428161804893e-03
1.342404679044866510e-03
2.913310171718097759e-03
2.050196528223304296e-03
4.069507233504765856e-03
3.385331778432467895e-03
4.914454720130745358e-03
4.559190778550127436e-03
8.327784804344769143e-03
1.381347567943945476e-02
2.123648173428577604e-03
3.133013926268365858e-03
3.287420048458306043e-03
5.871592721503602653e-03
2.921873270158792651e-03
8.032039540814883694e-03
1.415825595838693385e-03
1.101036427313769814e-02
4.709985638592118287e-03
4.412209136385808299e-03
2.193401304363634327e-03
1.342747556305042000e-03
5.750542460170188393e-03
1.690557986689058233e-03
2.363221616579932495e-03
2.326453669587069846e-03
4.265051308268222319e-03
2.077643291473047632e-03
9.233787941465699915e-04
3.643400410712690184e-03
4.804439682287216934e-03
1.400179885331997477e-03
5.415251730630497341e-03
1.573528306982352985e-03
2.949885789437628296e-03
4.819472092183509082e-03
4.102648352037751786e-03
3.544576481908689840e-03
2.204557761683211513e-03
4.194651119341934534e-03
4.397102845459106325e-03
1.889311799471127392e-03
3.480598847431634960e-03
1.518065844434709306e-03
2.394962444013759833e-03
1.203500386210967646e-03
1.136671848009655240e-03
3.262856674931368783e-03
4.456340423649573362e-03
1.045054509825330729e-03
5.079554285029430627e-03
3.215671692655835707e-03
5.833873612180746036e-03
7.002296456305625097e-03
8.797820706936972752e-04
2.563535777995624553e-03
3.815409011626338422e-03
3.024372076392816116e-03
7.075614701643116906e-03
8.294873420655782259e-03
2.963729264822694606e-03
4.206984864630034654e-03
1.309664196014193906e-03
1.487698833323643569e-03
3.048093501595850342e-03
5.796688020418661914e-03
4.621429670395004949e-03
4.552652004118102474e-03
4.207488713763610395e-03
5.542736972602447729e-03
5.514064139512967963e-03
7.069768832089218420e-03
4.308082977704991157e-03
2.522254966913058550e-03
3.244597055458343753e-03
1.061491934483565960e-03
1.905319711992359537e-03
1.785555067951853647e-03
2.661060475490350033e-03
1.474198544803937989e-03
4.399438968520291184e-03
3.367734383527630493e-03
1.164585361337502987e-03
2.387556318394611337e-03
1.177378002927957114e-03
3.698488985961571711e-03
5.086833954875183070e-03
5.420664772302514860e-03
9.921024884690086455e-04
1.623632624493415383e-03
2.700319908070315193e-03
5.005730255182884274e-03
2.279919417747464268e-03
4.875759532869496267e-03
2.379949946917728817e-03
1.950341254075853856e-03
5.769558514498347723e-03
1.860742866539855794e-03
1.676831579677162329e-03
4.145356840359280641e-03
1.316189301184189728e-03
1.686947998310882584e-03
2.819933933478291355e-03
3.822212390674093515e-03
2.458481941632712550e-03
3.804926586154228161e-03
1.048253817268643244e-03
3.311751115196593515e-03
4.079477357065935603e-03
1.640792748109475268e-03
2.413105022978308083e-03
4.823659928867624416e-03
6.843633556069989542e-03
2.880974740340593639e-03
1.700337718028754191e-03
4.730648422727104681e-03
3.332141846613353477e-03
1.420204573823624248e-03
1.062785377435039287e-03
2.733583780362177154e-03
2.326970845812015732e-03
3.395838000911204253e-03
4.913953830290668234e-03
4.087233122370559010e-03
1.653990111037280429e-03
2.639199661491418991e-03
4.052203515746062926e-03
3.843911564259841745e-03
4.848207431957644344e-03
2.440321778950661422e-03
9.517082898451631728e-04
3.415927869452746804e-03
2.852061101283445092e-03
4.189381691729881542e-03
3.453457272012041418e-03
2.547194197291230248e-03
1.763242549489009783e-03
1.626506881831041784e-03
6.535857177096700971e-03
1.128622734800067496e-03
3.980370894869944207e-03
8.451757478219846381e-03
4.753841918598211355e-03
1.216239357204131327e-03
4.105416565468000302e-03
2.958996056292763181e-03
4.918963445205054401e-03
7.295556047690159897e-03
5.044013404628489537e-03
1.408745423950745045e-03
3.504325945414582966e-03
1.486778934650711875e-03
1.074063508001770525e-03
4.902500144202973087e-03
9.335928702540911145e-03
4.504308636360226936e-03
1.489005789194656299e-03
4.410107027885417849e-03
2.397667381144216910e-03
5.860071047967969557e-03
1.004028753902896920e-02
1.735238811930367182e-03
5.380026246821868058e-03
1.399563058646165767e-03
9.504646348144326143e-03
1.382166707425074893e-03
3.010551705734935100e-03
1.836793149663284996e-03
7.018782627943068522e-03
1.802058418664815318e-03
2.572952305844483298e-03
2.656056011952486265e-03
5.041054139549749034e-03
2.569707410881560180e-03
2.669455056670596432e-03
3.450608363667138911e-03
5.485207941154457943e-03
4.453853067896120822e-03
4.516996467946649864e-03
3.836454224358922058e-03
2.101725553325453199e-03
4.049293262114912924e-03
6.736627673147162383e-03
4.636531633673543484e-03
1.597010713430542560e-03
8.760174750499322106e-04
6.582597105781417407e-03
4.181987596071874008e-03
4.900400379419732680e-03
3.432197751730189060e-03
1.859315381158393532e-03
7.802360321486374352e-03
3.585039916925805616e-03
1.983111353322984660e-03
3.998982184128996656e-03
4.014296244795202868e-03
1.298743673212610864e-03
5.028751935857680988e-03
3.576675409246024735e-03
4.396933195334120845e-03
3.622300587467948592e-03
2.720530792841271452e-03
5.083512171108934413e-03
2.560248647615404657e-03
2.787758664507289895e-03
1.260985514068554926e-03
2.143177127293645692e-03
4.559634081538361042e-03
3.010417539141488439e-03
7.623049475437115689e-03
2.950775802008616302e-03
1.561395610055632240e-03
1.559378596905627076e-03
2.868457039253114252e-03
8.505181293758698035e-04
1.410877634895461993e-03
1.240106385993489709e-03
3.407819970838317156e-03
2.391563816987250617e-03
4.038462413999374320e-03
1.746072526145063487e-03
5.012972692144198814e-03
1.622559152833923232e-03
4.039775968344085262e-03
3.872751969316755132e-03
2.344792245243992705e-03
3.399242805215905040e-03
2.083769777797798897e-03
3.617208131945288258e-03
4.714663561216954867e-03
7.113711675491515146e-03
8.294276108101848385e-03
6.967830209012064110e-03
5.990436204982243010e-03
3.224055819842928765e-03
2.239282282808157526e-03
4.925538946744345385e-03
4.823737484196255823e-03
1.717678850981655195e-03
3.084243182024027762e-03
7.894398208729386593e-03
4.441924580305390419e-03
4.906903933542944990e-03
1.566134621426805255e-03
5.169833121741582507e-03
5.272881110352730522e-03
5.889324284497765224e-03
3.308971055304181768e-03
2.381857343960598963e-03
9.859160592911818660e-04
4.976694732889681491e-03
2.183350417299921749e-03
3.646283194924712819e-03
1.753985094261152925e-03
5.668163907615322676e-03
1.631308103591579475e-03
1.796310411786140307e-03
3.261736153820480981e-03
4.371467756074294726e-03
3.903833581165858709e-03
2.018335811438462003e-03
3.908545859466597966e-03
2.046356078043408584e-03
7.151875500537473694e-03
8.273300971078752925e-03
3.598805629339797349e-03
1.863581940944676130e-03
2.892288855539499291e-03
3.500167219663194093e-03
3.882958066000635668e-03
1.469265951775329971e-03
1.278055067511065478e-03
6.341683862723674486e-03
6.461858240052116217e-03
5.997884268697409142e-03
4.044347090305714515e-03
2.789835556593416813e-03
2.546531786918211897e-03
1.605567427661866442e-03
5.705517262823671040e-03
2.679618243260697107e-03
1.582709717855536151e-03
2.221338327356315884e-03
8.599496226810937963e-03
2.182846228518223013e-03
2.054134350887562490e-03
3.551451717889541823e-03
4.363977905410878870e-03
1.820826338113233807e-03
4.205076816563569665e-03
4.046203230914284174e-03
1.371639382320104629e-03
1.795457482903875610e-03
1.537823856599945501e-03
5.506684328018811303e-03
4.260912112301504413e-03
1.503073924980426407e-03
3.791841768674435089e-03
1.018696903399964569e-03
7.996991925891578853e-03
6.022850695767736559e-03
5.455240190344715773e-03
2.460136171996632135e-03
1.997898673564698930e-03
3.896998253671929424e-03
3.831575740964795855e-03
2.379604759136485018e-03
3.174613590814530286e-03
1.483863235745198732e-03
4.818342632321041645e-03
4.587306314107258629e-03
3.491326516886884314e-03
3.513470003861534664e-03
4.887813837469297436e-03
4.710346012252716007e-03
1.498304958643148586e-03
3.145448154761090569e-03
1.170364063889965710e-03
9.913308007227174604e-03
9.573111356159353345e-04
3.179865340591048022e-03
5.124683974776775459e-03
1.253606989789733889e-03
2.448355550240117941e-03
1.706025471921302503e-03
9.512924468880636433e-03
2.113427801441808071e-03
2.342228661148476696e-03
1.669722804843896177e-03
1.818335387653450489e-03
1.372404682413987543e-03
1.017312058530913874e-03
1.366456898086729557e-02
3.796996252531453613e-03
3.955053223849478924e-03
1.535777690898240851e-03
2.867264424296244417e-03
7.387669653292267859e-03
2.083940661356530576e-03
5.506111596299255798e-03
5.222991085952263281e-03
1.978219787536254770e-03
1.468983345778041277e-03
2.011392388866829663e-03
3.895362070750349459e-03
2.879942639932998871e-03
2.843231940200345847e-03
2.520019786555416797e-03
4.743204245947369238e-03
5.716803067299460611e-03
3.206777108017084925e-03
1.967041988257208808e-03
3.614689942629025540e-03
2.293683849196767079e-03
3.202257673230022531e-03
4.412160603450840553e-03
3.666883814585499869e-03
2.104746623695500848e-03
3.409110388274933824e-03
5.991958081178299679e-03
3.873702990549626399e-03
1.664163461210926408e-03
3.994460806873251398e-03
4.729972055110766467e-03
2.717272882233623572e-03
1.046741882163805017e-03
2.322403332610700494e-03
3.112630327867678664e-03
4.797080113521054109e-03
5.496082666239834359e-03
8.456086379226836159e-04
4.107137723947362415e-03
2.733191188745781423e-03
1.393838822500759666e-03
1.289800903386782499e-03
2.144312019653801370e-03
4.824538644832462343e-03
4.564659634150140810e-03
6.502305722622998656e-03
2.054843480291689006e-03
2.794371283915199431e-03
5.444288280593249409e-03
1.864415456088809207e-03
2.759032095758516372e-03
2.152061550711682671e-03
1.833573829282697867e-03
4.166431917007015415e-03
8.949801208658739876e-03
1.933488049905629893e-03
4.224694865407090799e-03
6.070089307812262525e-03
5.874545289671328704e-03
1.905292109972285455e-03
4.111145789546721482e-03
1.666692354573136477e-03
3.067273737696847753e-03
4.686282914930564418e-03
1.331684841051932388e-03
2.018300370895327253e-03
6.399618773937189656e-03
3.459943498500342614e-03
2.881371057308715691e-03
1.836281102842950890e-03
8.047939981332187867e-03
7.435043844439990710e-03
3.327393984466113334e-03
1.086147588352693802e-03
5.697478775598797604e-03
3.756637997806093997e-03
2.273609785276251363e-03
2.958854085492494939e-03
5.518597564298924514e-03
6.660797554953609527e-03
3.180687693437659041e-03
1.924476773999260135e-03
2.699439235556594287e-03
4.487705366366405782e-03
4.372482482743546978e-03
9.009348980986769603e-03
3.541637073111278573e-03
1.391350122530603467e-03
1.440058334734172808e-03
1.806413260645348172e-03
2.483640766015134636e-03
4.836486559887099440e-03
4.568500535180175862e-03
3.753125527469021103e-03
2.596796879646394961e-03
2.444955120977246842e-03
9.873978721228939687e-03
9.099032266926259261e-04
9.146982356502094454e-04
1.134070704086471678e-03
3.066309682580320092e-03
4.306346286483832275e-03
2.552240149187838189e-03
1.527951285762446307e-03
3.117381550853978115e-03
5.623130591682519441e-03
1.501736152903588488e-03
2.911674568615763362e-03
1.977462187286055731e-03
4.311642763792046182e-03
1.326591713085187481e-02
6.489688430532330674e-03
4.549935919375930164e-03
2.985566357107655774e-03
1.467826716751215003e-03
4.000583998075232101e-03
2.512822859719863067e-03
1.203150256188568676e-03
3.073599195227018355e-03
2.377694624890972809e-03
6.427308234686511176e-03
3.637689589730268465e-03
4.345383780013357261e-03
1.755656533227801294e-03
2.216498442648525379e-03
5.989346821085374598e-03
2.672220704636809729e-03
2.591484925771808841e-03
3.824286398970601006e-03
5.449732225909892022e-03
1.949162664839150690e-03
3.709092056330044133e-03
6.975848268450950476e-03
9.738902496207140283e-03
2.614473645179635382e-03
1.590587024004313371e-02
5.072169594427208481e-03
4.905831065337352102e-03
2.098549398413717716e-03
1.692177787241154648e-03
1.025712501173855042e-03
7.517284118005092622e-03
6.182366809872573421e-03
1.392937265109558563e-03
3.532783216824664403e-03
3.114964478396062796e-03
1.500986204217882349e-03
3.618296192863049328e-03
3.327990285804742140e-03
2.936224731245351896e-03
3.218362192762882264e-03
2.914426170386016403e-03
1.092649241265350457e-02
2.600036163529742712e-03
2.217295953985825002e-03
1.120039877842933301e-03
5.712692274745638683e-03
4.912398740926820009e-03
3.196387449273998399e-03
2.064621142359710382e-03
5.928534403611109872e-03
4.285833867266902568e-03
3.713063856207292953e-03
2.119164117010425424e-03
2.300039053431659954e-03
2.444309574216077443e-03
2.795969624004916027e-03
1.378459541231957103e-03
8.918234919949125051e-04
3.619396546144465574e-03
1.809557745556304893e-03
3.902037735877176162e-03
2.059873739353921228e-03
2.077321172389617800e-03
1.340892773576437928e-03
7.040898054701532661e-03
1.337717504592053890e-03
4.408648864051947433e-03
1.088506896245262402e-03
6.730284320729343697e-03
5.120714235646552787e-03
1.666261060073424144e-03
8.727100932779549569e-03
6.007098786239684247e-03
2.619509160872136692e-03
6.162375486272805326e-03
3.249978869463078079e-03
1.562223445825602084e-03
7.069079951493208690e-03
2.948049353822783467e-03
5.932310929292538421e-03
3.862708082673980796e-03
4.830151591847717946e-03
3.141320057215599842e-03
2.686028035858392237e-03
4.725300678975922347e-03
1.626189358760952910e-03
5.399193167055975871e-03
9.785620326379508137e-04
4.980632490718560866e-03
4.396094767202006481e-03
1.863660782514518950e-03
5.751434460424440474e-03
1.630672153941916183e-03
8.360274197260366899e-03
1.632947328395199099e-03
1.957727258479942563e-03
2.708062974015073687e-03
3.478566383886662252e-03
3.329872133915009937e-03
2.652089713457124812e-03
2.135965364103063757e-03
1.405886407472175213e-03
9.932036308876615247e-03
5.141037537952533425e-03
1.050338611736099546e-03
7.016447924386783573e-03
5.251988727897006527e-03
5.115090569404098612e-03
1.504303545711448923e-03
1.544924961358527761e-03
6.015008909434262779e-03
8.211389592024179174e-03
1.002419156164082586e-03
1.629634446578794027e-02
2.189354397001850791e-03
1.150736125890835376e-03
4.214772436292752236e-03
2.481166318189793451e-03
3.183431448593536904e-03
1.466798345697024018e-03
3.605104839364281673e-03
2.826986777317094888e-03
3.991898868436934145e-03
1.307490794629645198e-03
4.254281401332857086e-03
1.134439467989073642e-02
2.169416290294172347e-03
3.153683702457886137e-03
1.408154727561808980e-03
2.868295286081227156e-03
3.873368359590915067e-03
2.765697411378360750e-03
5.144155765174831564e-03
2.958981578698436244e-03
1.193814446592040331e-03
1.866001382813207076e-03
1.357169759763069599e-03
1.587167699891840452e-03
4.415770658151437281e-03
2.972968590109171909e-03
5.588212540252905300e-03
2.258895575398728144e-03
2.578058943852314273e-03
3.506188922489111501e-03
4.678946122987998925e-03
4.251500602025538866e-03
2.924481350220244774e-03
9.716419135524498318e-03
1.653566684818919214e-03
1.718662902460046720e-03
1.916930382048284134e-03
4.678172352703304469e-03
4.793956140886833708e-03
2.143542932564287094e-03
5.772205948951896967e-03
2.226508765304816354e-03
3.056316306552360647e-03
3.344286516673975005e-03
3.081612301652754057e-03
4.303871662019957862e-03
1.760861823711278506e-03
7.275571765138755947e-03
2.635392202737274307e-03
2.719435723190971165e-03
1.519193500054663538e-03
2.990380499403795609e-03
3.872082837746059370e-03
2.810119917726474487e-03
5.152458806961173615e-03
5.264996920935655945e-03
5.266090969349132393e-03
4.576983297052803976e-03
3.310976502852854171e-03
3.839060110248740734e-03
4.763804515281409510e-03
2.330675265635066395e-03
3.497210174222536300e-03
4.960145084828757739e-03
1.475526383096421564e-03
4.437596601902843788e-03
4.876358349978313599e-03
2.141848424892605057e-03
2.726151904307630089e-03
1.277470729672506829e-03
2.267412761235558863e-03
1.936903569666494334e-03
4.128071092006573885e-03
3.005190066847060471e-03
3.171662633959509460e-03
2.881724921072170362e-03
2.140811612712247534e-03
2.598382728178588816e-03
5.875613207691201927e-03
2.348212025374427515e-03
1.862817283277263961e-03
2.939080920740336569e-03
5.243421161994560840e-03
1.323434102515226628e-03
2.999391216068313971e-03
1.259893321823577546e-03
3.169378510897359613e-03
1.650345273088095433e-03
3.255692554853465391e-03
3.165800387892635844e-03
2.069163332640869442e-03
2.080301940573921812e-03
5.121212211012872960e-03
2.124940814423552978e-03
1.526409041097996806e-03
4.155314898027697573e-03
2.307960724015176331e-03
5.296764877741926697e-03
3.684260482598873156e-03
1.425070583939511658e-02
7.153017458114744286e-03
1.402782911674750436e-03
5.083327988324502431e-03
3.227990671349665122e-03
3.054152362900971508e-03
6.734462055283853103e-03
9.494105827084604009e-04
8.526521018785732531e-04
2.948807806833925529e-03
5.551917135571618131e-03
5.779856137273553518e-03
8.833431236796900760e-03
1.790150986318096542e-03
5.683842145262484914e-03
5.059330210938036906e-03
1.350158046937698043e-03
1.999545662644501912e-03
5.054502226770564779e-03
4.983219703521842882e-03
1.155916296740713703e-03
2.610910390254529354e-03
7.148304061337661802e-03
3.454117936361958928e-03
3.502922727841479254e-03
1.177982698846320167e-03
9.248372744117536182e-03
1.347476740607274738e-03
2.307619587625161540e-03
4.409187257721818021e-03
1.911837189317586562e-03
7.274944532263547675e-03
5.756877785179767212e-03
4.933552898438937732e-03
2.522216294686510304e-03
9.665441011239296262e-03
4.216075761730478724e-03
2.994415505046369146e-03
2.171659727655427495e-03
4.099045122190952614e-03
4.353356851474486471e-03
2.058249664621931985e-03
1.605926046829588526e-03
3.504484185992513042e-03
4.098844347540914375e-03
5.520966236218742898e-03
2.015000319988322595e-03
2.037000342808366511e-03
1.338517299738835754e-03
3.507881791691644120e-03
2.873132913555379378e-03
1.211141544780189924e-03
5.346603426101118918e-03
2.568640267004715719e-03
2.417400066632618798e-03
3.438856125910724239e-03
1.449142155240331275e-03
1.020854725053121567e-03
4.909732007888280292e-03
2.827236435928138104e-03
1.195933069034634064e-03
5.149915192331169789e-03
2.143291728898459245e-03
3.719604724716516451e-03
2.455138510920506362e-03
4.276299935799941776e-03
1.948528837609351388e-03
4.768670870890863792e-03
4.203138902396690718e-03
3.882778831414172675e-03
3.104845106871396455e-03
3.602904340977097341e-03
4.914889656397716973e-03
9.345178452079111985e-04
4.908044410535637031e-03
5.371055520054782671e-03
8.058153589464224151e-03
5.944356849326542722e-03
1.088439080219737610e-03
3.540645896977578835e-03
4.942835862415824108e-03
1.319065908726866666e-03
4.360640346433195327e-03
1.627805020740555938e-03
7.058877577587221834e-03
1.752638776426787602e-03
4.370525702031690697e-03
3.908902852226228512e-03
4.132772650068342740e-03
2.381089940536159667e-03
1.663627139382980406e-03
1.184258113754968434e-03
2.395842830118865598e-03
6.208770809184889841e-03
2.931564178502130830e-03
4.213120646529853845e-03
3.520350332651552352e-03
3.979970888830553638e-03
3.153621040165577143e-03
5.633154589743690974e-03
6.045240553349363194e-03
1.532010274378205151e-03
2.129867907939804635e-03
6.462902115300829184e-03
4.216704357963865085e-03
3.407352763238641769e-03
5.242484296046816782e-03
3.931105886313342873e-03
2.459004954401990475e-03
2.411991632053811247e-03
3.127373310006662400e-03
1.102778362928550498e-03
1.171501195537220236e-03
2.734619494994526036e-03
3.995593149954788578e-03
2.582151482478409633e-03
4.762767792473691052e-03
2.641589525811216359e-03
4.192249203679327199e-03
1.166690556718335886e-03
2.119714808287897091e-03
1.696318300651669187e-03
9.837088426603284724e-04
1.815329591343279323e-03
1.865783609502425291e-03
1.295817233301633760e-03
3.433852158287547390e-03
4.682383710806561211e-03
1.738478616233889770e-03
2.936657847302368528e-03
1.151781941064920810e-03
1.119409021968340370e-03
1.252901250763339622e-03
2.443959556560363223e-03
2.221390519063575278e-03
2.663532312544104018e-03
4.146658971936743876e-03
9.889711621223901128e-04
8.365276232415529796e-04
8.789380219197354127e-03
1.066466945284932910e-02
3.808976606253713839e-03
5.598653376444316133e-03
5.339499769262422146e-03
2.605138888864633271e-03
4.261793138666957956e-03
1.578799679317645843e-03
2.913879814843291227e-03
1.153796626688451685e-03
4.241016163335664668e-03
2.857476641449666240e-03
8.087891697991765345e-04
1.073609979918217772e-02
5.023872512343030387e-03
3.225746213882524360e-03
5.388238178968240456e-03
3.938113235422198259e-03
2.796480303416007222e-03
4.939585179547128710e-03
2.253813052123779595e-03
1.230772310085452743e-03
4.069512804789631594e-03
2.390810901158297013e-03
4.527721871542035766e-03
4.897430439002646227e-03
1.086132208761936193e-03
9.051209940897878004e-03
1.308182682952139467e-03
5.968841430165214984e-03
4.410240022555080366e-03
4.708671530379614570e-03
3.059521798586114713e-03
4.896814496122910317e-03
3.070764728179696795e-03
1.001901152711915516e-03
2.231603611474107865e-03
1.316742861776154863e-03
1.657581211615090453e-03
2.973120832245255019e-03
1.789391089023875496e-03
4.075092454189873856e-03
2.475079042462593592e-03
2.084710058494562528e-03
4.953733404696625264e-03
6.526464000051895170e-03
4.414967996703998525e-03
5.184535409979923806e-03
5.346416530549141614e-03
1.796723340103342477e-03
2.337875787754804639e-03
6.147289361592504428e-03
2.226846149081423629e-03
5.260364094556852811e-03
1.389334118759852962e-03
5.691183245423791365e-03
4.322824511514391892e-03
3.982475808817689984e-03
3.956611037529640489e-03
5.662743976970550930e-03
3.922514287927486749e-03
4.077187595208947579e-03
7.893318563716611447e-03
2.141296596682137725e-03
1.732494163137267805e-03
2.781029752122247262e-03
4.345371759827631152e-03
1.895581391528378427e-03
2.463966985574081274e-03
2.298978053688753662e-03
2.181535289490043987e-03
1.129031560946854246e-03
2.604664443052687010e-03
5.319726348717215142e-03
1.040200160000545821e-03
3.342350700592676763e-03
9.375928158701667863e-04
4.987571684600898211e-03
4.910505118489851516e-03
9.386408585688015829e-04
5.952281007112222508e-03
5.596744508203566754e-03
4.803719951310883932e-03
2.318678156957949908e-03
3.451102780983655513e-03
2.863118152426974254e-03
5.835681951978981437e-03
4.067260354000638324e-03
1.543689237186667658e-03
1.520852840832173907e-03
3.550678296660414804e-03
3.933993358270786514e-03
3.118976024462642715e-03
3.125085989877656074e-03
4.869749593522874551e-03
3.642306662350245500e-03
3.087580538351869953e-03
3.053212313518121213e-03
1.661773977361457027e-03
1.118477141037606953e-02
1.288545917958714131e-03
5.509488694889443615e-03
2.822501223332130830e-03
4.285825852252443148e-03
5.780546771482053710e-03
2.312185250071506493e-03
1.169107403472979811e-03
6.662745206604968676e-03
1.040517007400487259e-03
1.537485659195128064e-03
1.855348675326098148e-03
2.191108783992777587e-03
1.210726069303437848e-03
1.842475950724086148e-03
4.674301935534285954e-03
3.989455786173583089e-03
3.467668970530473835e-03
3.828849373825052131e-03
9.698744230609322031e-03
3.683409963020210353e-03
6.528584227797746414e-03
1.633653994383787002e-03
9.862836357915939767e-03
2.343831155002850612e-03
4.745797473621572900e-03
1.575562814488451913e-03
2.602077276485996373e-03
2.348036599394024392e-03
4.440383510800198150e-03
2.307405913591512557e-03
2.217948171539859976e-03
4.363835836415553074e-03
4.736475866917444488e-03
1.446274677624308658e-03
3.011939621253682114e-03
2.738095499935621398e-03
4.723835841453185788e-03
2.183479867743451201e-03
3.014786570518427408e-03
2.621602319299454285e-03
2.382330992491877089e-03
4.795451640610308777e-03
2.080332227461791431e-03
1.867362457649655166e-03
7.540852655445903080e-03
4.830836530676447908e-03
3.553320598734396700e-03
3.363384360264976350e-03
1.979389388012619232e-03
5.175162274282759343e-03
1.226479685812002394e-03
2.592149725646540007e-03
3.866354660126139313e-03
2.117712920377229618e-03
1.462600554909941446e-03
7.358526862144177880e-03
2.603000621917438834e-03
2.813103256848546729e-03
4.546431432064029603e-03
3.817697381100417821e-03
3.376013420113640681e-03
4.578889616588270074e-03
5.482108365649373052e-03
4.777197334105575191e-03
4.459722156953768724e-03
1.373803893297859775e-03
4.821441495014387214e-03
1.268349819678594092e-03
1.361447680489710375e-03
9.342914946266205056e-03
5.377724331949099677e-03
1.691008552449318851e-03
1.056734089602002005e-02
4.992031286851934639e-03
3.040783774899110184e-03
1.713037566031677846e-03
1.351551054481750806e-03
3.593464060458077987e-03
1.854744005448427484e-03
5.015131038006329783e-03
3.115680137626364744e-03
5.412700691015587089e-03
4.791411987388303692e-03
4.239077031770285137e-03
1.388238484143014496e-03
4.323965841264947388e-03
5.469759065948257525e-03
2.919182796625321031e-03
3.062115479259867705e-03
3.416345486929554288e-03
7.118657705941647609e-03
3.479888397019992394e-03
3.096995678135100981e-03
2.411777295325453693e-03
2.414946680091442643e-03
4.445526810891393954e-03
1.252523269502966476e-02
3.961941662972606575e-03
2.288051830654727441e-03
1.688592062375298547e-03
4.125506108740680661e-03
3.239343596584049086e-03
1.392857833998356002e-03
3.254118117695235790e-03
1.060536234821205306e-02
1.148734442052252872e-03
1.301430302596942850e-03
1.212660403071257097e-03
2.792150063394020689e-03
7.724259542661423422e-03
5.018894637220766911e-03
2.954922757073528885e-03
2.675000553443565143e-03
4.512100379153807968e-03
1.070591969153471962e-03
1.414515011018710553e-03
1.498755264355929777e-03
2.832119698676462301e-03
2.707894625281554585e-03
2.303467223763251432e-03
4.103735378168086971e-03
1.758349423910316334e-03
1.208083028183703405e-03
4.036975193221083169e-03
2.824830750192853547e-03
4.380148833231649851e-03
3.888919233511796934e-03
2.428762333177738111e-03
3.242825205888223532e-03
1.527809939549435846e-03
3.417126780135693390e-03
7.304958853320562932e-03
3.730525056460513942e-03
4.793250845528362371e-03
3.138038443425356441e-03
3.724861651777626112e-03
2.569662577096525416e-03
1.127158936842806089e-03
4.233059905842263132e-03
5.303596932612251146e-03
8.866022436419363634e-03
2.804600668378153579e-03
2.113379060992349057e-03
3.956789145566786542e-03
9.778648595274426567e-04
8.504551442265292915e-03
4.825394747301208973e-03
2.046000479828085326e-03
6.114823496605599658e-03
3.924407859453355255e-03
1.793904364235532388e-03
2.348855650445260540e-03
1.649511615996424648e-03
4.128587938660222001e-03
1.664904135866174901e-03
1.670416566161946623e-03
4.742266669038026558e-03
7.729116669215647592e-03
1.553773961113100394e-03
5.210503533059905254e-03
5.651873449416205605e-03
4.427744715050634106e-03
2.597810015611670686e-03
2.243071264634426045e-03
1.666215742559466794e-03
6.524272051160541312e-03
2.667421416642858784e-03
7.545203345544915924e-03
3.778158621742444632e-03
4.385050421821850598e-03
2.371173628541278344e-03
4.838500633407888558e-03
4.182362796746690557e-03
5.276136687316634877e-03
1.687790735485575431e-03
4.713116233499839956e-03
6.765760935492457807e-03
4.423803479288860793e-03
3.720566412386682766e-03
1.208140700837994101e-03
4.204455184020155188e-03
1.830145216639472022e-03
1.696659500742943739e-03
3.845863129253627045e-03
4.214664827992028150e-03
5.640950685553080060e-03
6.962058577402699573e-03
1.465671475239062934e-03
1.043222434846997285e-03
3.056649909254806688e-03
9.184758577803871704e-04
2.713126948576165699e-03
1.565060383754450155e-03
3.350972392476013299e-03
6.323008353858932361e-03
1.510347162976233195e-03
1.660223639450460415e-03
3.479781570958148315e-03
2.684324692564387434e-03
4.452104669716634711e-03
5.355443009156474719e-03
2.102477914802143924e-03
4.713780551931090121e-03
4.250207266912772036e-03
8.825753189498023593e-03
2.393032040500692875e-03
1.604477937063007687e-03
7.256899942395905051e-03
1.101597843413743743e-03
5.351317282113774582e-03
2.752826107774896530e-03
4.425405786633034196e-03
5.457751822789412392e-03
1.614344807544443186e-03
1.335667881622012824e-03
1.726652055404765372e-03
7.837194951681371313e-03
4.003736812821914737e-03
1.355600033434704215e-03
2.416481897245776212e-03
7.590663284276476588e-03
5.956207115519480087e-03
2.339450010788267278e-03
1.217279847574065984e-03
4.995869367650664257e-03
3.911562365116803483e-03
8.725957863874410705e-03
2.290809037563284068e-03
3.410771069260663119e-03
3.160556036632340953e-03
1.700379361326258103e-03
1.097469377228177737e-03
1.849647782055843966e-03
5.608382281329967432e-03
3.584015545635706179e-03
1.478524987502307080e-03
3.640346943664960009e-03
1.746090359593246077e-03
3.457534573521403934e-03
1.622753483862981365e-03
3.148596797371785820e-03
3.342599411156599136e-03
3.469324083196363186e-03
2.341900528776580306e-03
5.684528176566676534e-03
1.170254471665716639e-02
5.259580521768190096e-03
5.154988506178803838e-03
2.056115941588586033e-03
1.855297447315733608e-03
4.153264542065104870e-03
2.556647575057607868e-03
3.252592675328966690e-03
3.033778149233211721e-03
3.959477862892125249e-03
1.983116960177295357e-03
2.270542999031937865e-03
2.110214260746101807e-03
2.714530554151036845e-03
1.520936546108838348e-03
2.683732333841656881e-03
3.350883162005511250e-03
3.402451828923352614e-03
2.013544874467799312e-03
2.441187399771277758e-03
7.213223040804054090e-03
4.413017721859082039e-03
2.463223349901723976e-03
8.579235741802426502e-04
1.103600501906292723e-03
6.735214610281104949e-03
2.741402239951336132e-03
3.654269299700421518e-03
4.617982138942135217e-03
6.647772667477758538e-03
1.057600372874768074e-03
3.987136760687791034e-03
2.171024424035777542e-03
1.818232449836032277e-03
3.277941047687836246e-03
3.210763690187762136e-03
4.250060616384038377e-03
1.251116465502019777e-03
2.411898755981060731e-03
3.817193501508047739e-03
1.413961802097545321e-03
2.448540154096710136e-03
2.001194930860684083e-03
1.904917288392521130e-03
3.353267819622606817e-03
2.886477141047449034e-03
1.426902537743777316e-03
4.458104072617593422e-03
1.328763307713711449e-03
2.959749156459804548e-03
1.379859214075611828e-03
4.476461582820777906e-03
2.508227620161190222e-03
5.502952128862666388e-03
1.740682897090603965e-03
2.739196474884217185e-03
5.570073593042281120e-03
4.144618177925855559e-03
1.348451593552056757e-03
2.424375578589660438e-03
3.579693661102816699e-03
5.303968035371161779e-03
5.553301187287178024e-03
3.053295002287547896e-03
1.912880905000699213e-03
1.327755301619062099e-03
4.506409772368504506e-03
4.569016210975089358e-03
3.875352616030844702e-03
4.056842242507258806e-03
4.654135035316275294e-03
1.636089791899839182e-03
1.995696585531200710e-03
4.773610707530229029e-03
7.500412073159747929e-03
2.790318076258802623e-03
1.510211041968236197e-03
2.967939569528519131e-03
1.733277575726151730e-03
3.925236402726047305e-03
1.565468868613564954e-03
1.519815277958343940e-03
2.575325884337603850e-03
3.764099157912715807e-03
5.424110789092516371e-03
7.663752386574206044e-03
3.344822816477999259e-03
1.506964057584245058e-03
4.538880170541116296e-03
1.088255968950553251e-02
3.261838098928075344e-03
1.280507877329030561e-03
2.187779398487221458e-03
3.798866954152285095e-03
9.109160075161709582e-04
2.205928346369448109e-03
1.224506855513121488e-03
3.341868178186345028e-03
4.202276491676487299e-03
1.754801530927518156e-03
3.887819271072298546e-03
5.291427153514926054e-03
6.895257058591217070e-03
3.556859627185327867e-03
4.201519285513414040e-03
2.392498653200749413e-03
1.801773632526712000e-03
1.518135611620494803e-03
7.404466213527482327e-03
2.265080107242768530e-03
3.138953436175633688e-03
1.263378443986451841e-02
5.154437459408698144e-03
3.408480106819694773e-03
1.922186867432355319e-03
1.576418280891256005e-03
7.017227482253325828e-03
1.337204275551778917e-03
6.268329395757361346e-03
3.520159281344254886e-03
2.584993148462453975e-03
4.948649725891271847e-03
4.577303170650686738e-03
4.976971344947980942e-03
1.475658890414909474e-03
9.494988754912305623e-03
4.072921485802399356e-03
3.444896571922506992e-03
3.518244406875661000e-03
1.468043111598100157e-03
1.333152708991179776e-03
1.778885962948174339e-03
1.245326994665722775e-03
5.465211549426346634e-03
5.949810321524808335e-03
4.052224685162185772e-03
4.045998724165356455e-03
7.934511221932961586e-03
5.161808449720466964e-03
1.466350219015984547e-03
3.275965728188687340e-03
1.027666542416152138e-03
2.102312214205007308e-03
5.758550048375152275e-03
1.520837277804144199e-03
1.534470620823335249e-03
2.557144043205873685e-03
2.129660406362089177e-03
1.519086945078479021e-03
4.961439586800680743e-03
1.138977599353519291e-02
4.206120104432716639e-03
5.189345207088924723e-03
8.680238021693815857e-04
6.428055758269601849e-03
1.693434018971964796e-03
4.194048771781097931e-03
1.003055390835505024e-02
4.228663941504910186e-03
1.127523462412767215e-03
7.819093387880865498e-03
5.344920014068549677e-03
3.476240851657318252e-03
2.183032874898540449e-03
1.457576317826633208e-03
1.397712879051933197e-03
2.184214881459192389e-03
3.956721154556374492e-03
2.802740471196024652e-03
1.823462926212923501e-03
3.021541262395979928e-03
3.495612777757468176e-03
3.629944688201679204e-03
5.102953848183777903e-03
6.720795421847314786e-03
3.344819023346709726e-03
3.819471056668656810e-03
6.531909062069587123e-03
4.266253097025982099e-03
1.857074603386568799e-03
3.455494844150855047e-03
3.094369918676079679e-03
5.242249183126877418e-03
5.283360207930440193e-03
5.572317597605134891e-03
5.657466343216151564e-03
5.615345198850133293e-03
3.111707137777191580e-03
4.916067732150113632e-03
2.221224350453931441e-03
4.386287453703168783e-03
1.690900353807994576e-03
3.967087337495306225e-03
1.431217580695415617e-03
3.922985368164734303e-03
3.735419297137597752e-03
2.512166993326952948e-03
4.250179667771371815e-03
4.796029917268377837e-03
2.814794024414404329e-03
2.671457665693414800e-03
2.778615088661833422e-03
3.028621219550577809e-03
2.403450312688468551e-03
3.433379236035237654e-03
3.270095479249348746e-03
5.281260871840573121e-03
1.016105953275159637e-02
1.883321478270762704e-03
4.007306742233953528e-03
3.753349056625404460e-03
3.930383481215922112e-03
6.268852689565037120e-03
4.227851086496366845e-03
1.200837325206340327e-03
2.696462329868581833e-03
7.034162687577233050e-03
4.112866051330005095e-03
4.161313399557909146e-03
1.535287136917566023e-03
4.629960396136571267e-03
3.756952409048408027e-03
1.400892648335954303e-03
5.503600778181557372e-03
4.090836743100387252e-03
1.145864951996663052e-03
2.315482215752243111e-03
5.133864746340963993e-03
2.515256126211210322e-03
1.910224154663050893e-03
1.275894641638556162e-03
3.179279309160141630e-03
2.631800000692606674e-03
2.767260281633418095e-03
7.008914790194081812e-03
3.040195322464867185e-03
2.532921736734863264e-03
1.301630942066687264e-03
1.996693443218252803e-03
2.768023915298689804e-03
7.838205609221051209e-03
1.647283846375836858e-03
4.267311504440882489e-03
3.194434949002973329e-03
1.209717914750899721e-03
4.361885911362524751e-03
4.056193666937731208e-03
4.907345007558620853e-03
1.735612877431552421e-03
1.712137196567851266e-03
2.132094794650006564e-03
3.561244822448196221e-03
1.504852806578888414e-03
9.949643104013360193e-04
5.808647598683928936e-03
4.321693713102250575e-03
7.305401874512887882e-03
4.583441232528454555e-03
4.511345658593276207e-03
5.930148202536075254e-03
2.711982155323641036e-03
7.911705932654149870e-03
2.246796247890650838e-03
4.486764249154459941e-03
1.648062032516032236e-03
4.125276315089019749e-03
8.683518479411211563e-03
2.002360391247362103e-03
1.757513454837990449e-03
4.224014616714549981e-03
1.839708324456983861e-03
2.370673744563820979e-03
4.370957613707758191e-03
3.643264250316333424e-03
2.176165424702963206e-03
4.180840596273324022e-03
3.078859322400320179e-03
2.392555987211234404e-03
5.908491421356553905e-03
4.611129403149730015e-03
2.347309274231933716e-03
8.854443315057128425e-04
1.172558868002505786e-03
2.923986924043540415e-03
4.528890285792881373e-03
1.411399986551209462e-03
1.870947806729839373e-03
3.146768754140148207e-03
2.346063953338882891e-03
6.693665797414570691e-03
1.383912038866200352e-03
1.825953641667877421e-03
4.291192566410880101e-03
2.921428622820324613e-03
4.162246103677005003e-03
4.030030145259646743e-03
4.317027398512317954e-03
4.302599460918485504e-03
5.506923655800577411e-03
2.870015600082036645e-03
2.361842256763205163e-03
1.594962450215567417e-03
4.311725780590804427e-03
4.052380966752767641e-03
4.566280176249826184e-03
2.360629981166952312e-03
3.987588904498902236e-03
1.751448131762630388e-03
3.084397990499637178e-03
2.218238761392803387e-03
4.091262106331448878e-03
7.878252753724819188e-03
1.586418037670395912e-03
5.744283648182196486e-03
4.620880986121573240e-03
5.346594691922125150e-03
1.995318280464746311e-03
2.581623747500944727e-03
1.907220823001152957e-03
9.679922076564716898e-03
4.494079450880544488e-03
2.795234558168447833e-03
3.316287242300851486e-03
2.490300844403275579e-03
4.263573513935126763e-03
1.066237118108374904e-02
3.766180815973504958e-03
2.080360447964025965e-03
2.369482520507189879e-03
2.531310556535836236e-03
1.159973229764339406e-03
2.914316579529093246e-03
1.580196134853343410e-03
1.485336348604532255e-03
1.818841769351338573e-03
3.312928008331829724e-03
1.871391925718584280e-03
8.660409775300996135e-03
1.576455785042918519e-03
1.256211036295090981e-03
4.986776254825055210e-03
3.663350152870616886e-03
2.533861532212619561e-03
4.458130973571884821e-03
3.806296181352896921e-03
1.211555148909192713e-03
1.530737173552814594e-03
4.978582576791494400e-03
3.336330071800779496e-03
5.370158110017373559e-03
3.518968989156703950e-03
6.917532245971722699e-03
4.604136244904304294e-03
2.846933163016393629e-03
1.612243397268076257e-03
2.826511062427343110e-03
1.123126986537406787e-03
1.334377148904288511e-03
1.465736826237309942e-03
2.849402177443633583e-03
3.499470716184429654e-03
1.254638394958867281e-02
2.791566714452753135e-03
1.881801966157417745e-03
2.005327119995519054e-03
5.836471423326047153e-03
2.000347681881978808e-03
1.334797387146122649e-03
1.847463219096998066e-03
1.622439471479653972e-03
1.348957662920260633e-02
3.791053098924531718e-03
1.702054944920858293e-02
4.008670315744431237e-03
6.295335519043257153e-03
4.033686095726622678e-03
3.889695400238006671e-03
2.621274034130188085e-03
3.982353999294281979e-03
4.379116562114892565e-03
5.447237826826285996e-03
1.107113334556383962e-03
3.327518177400037597e-03
3.845479100754698593e-03
1.031115319820132383e-03
1.254870844822792396e-03
2.129942387050577472e-03
4.682640308861850224e-03
2.285684276268579260e-03
5.113843887503012782e-03
1.796657487522749282e-03
2.257920818838332708e-03
3.743571532595266291e-03
5.432888353721217548e-03
1.451084630984008587e-03
7.795508556175307670e-03
4.426284332452210674e-03
9.912171690803264421e-03
5.342280928216700149e-03
1.497260410145564470e-03
3.460812970892628189e-03
2.317077371963504120e-03
4.224744946563148938e-03
2.400976773154764148e-03
1.540626149612954205e-03
2.508275310463740568e-03
2.985843656956453825e-03
1.005334284083754873e-02
2.405996108996978199e-03
2.041329114008869766e-03
4.809133975619495072e-03
3.995575788802724002e-03
4.928918501248014464e-03
9.732511431995369278e-03
1.753143571385057083e-03
3.630413813752792016e-03
5.285249154157057455e-03
1.791535093618761097e-03
6.375298010575825534e-03
4.595729991908008641e-03
3.531545960994878809e-03
2.950492157049864738e-03
3.658735814608913076e-03
7.050118572777995356e-03
2.648938997323014959e-03
5.023599104281888800e-03
2.094312294280033151e-03
2.016707047554032288e-03
7.161592263960161499e-03
8.905609453002893972e-03
5.032478805158659314e-03
1.823488518473039954e-03
4.352060066082774278e-03
2.018827338252966383e-03
3.901468069714407374e-03
1.985008781759512939e-03
1.793428323060884590e-03
5.558610820743480410e-03
7.583088798092785417e-03
1.660074560907860621e-03
3.604053473427299391e-03
1.921721303564532385e-03
4.421589516461888955e-03
5.214967276000108225e-03
1.388278711545178849e-03
4.469083635900773441e-03
4.182111664744420608e-03
2.641580847737944222e-03
1.736480750629517192e-03
4.427062083247555388e-03
6.926019471957769146e-03
1.892104610816766229e-03
1.125997586893391850e-03
2.026213120213131349e-03
1.579547894705498863e-03
7.157731731153746564e-03
2.043437653168815420e-03
3.993335886890682189e-03
2.944160407525197969e-03
1.511537718297415551e-03
4.025962920350476502e-03
5.504782389944357784e-03
3.111150414106692973e-03
4.460240835795317368e-03
2.843106849547641628e-03
2.264064440619537044e-03
1.616969996876959238e-03
2.900423839057270775e-03
5.160346717539829320e-03
6.318374942285378930e-03
1.867110620871054172e-03
3.329495782510127466e-03
4.408074939519330930e-03
1.813426855367321604e-03
1.415460897054562038e-03
3.026769729957089032e-03
3.097258487890622303e-03
4.617018592654724418e-03
6.396013622362401937e-03
5.169756734164873170e-03
7.056553507399661480e-03
6.281068460872293348e-03
4.793391277883697968e-03
6.397124108492761342e-03
4.433425804776277256e-03
5.692792006137733021e-03
4.271432164464392979e-03
1.546497456502053799e-03
1.918304687678261573e-03
1.922279819086308156e-03
2.580970391869329660e-03
2.357454252119172040e-03
3.771550014577372111e-03
4.429387283418335583e-03
6.063622899387052095e-03
3.862413662435005592e-03
2.403091420750825668e-03
1.761098398410437457e-03
1.718512941031330931e-03
4.925994496729193747e-03
1.443533568758199274e-03
4.261216403379050610e-03
1.799872766939771560e-03
3.153437696344371741e-03
7.346400426052247627e-03
5.224191562902533170e-03
2.910937018615995190e-03
1.068952751911165459e-03
1.835913093389375441e-03
9.283212177166960677e-03
2.095896654020492147e-03
2.560893531217235414e-03
1.240587313726824060e-03
2.914208554776701304e-03
2.092871980417584411e-03
1.244521478811995430e-03
1.728145894723737749e-03
1.949154330438533991e-03
4.765875822934367498e-03
5.674267995086679055e-03
1.543751992172583999e-03
2.802232789660973316e-03
1.705236740131491416e-03
2.264066682775206073e-03
4.540011535780114765e-03
1.344903149765098484e-03
2.392380355453286971e-03
1.511911269918132447e-03
2.930623022086652641e-03
2.159319595859336520e-03
2.586114842610424611e-03
1.731325234382219283e-03
3.617805936522945111e-03
2.285083590872094561e-03
2.928098617851106287e-03
4.486960954663439353e-03
1.707601489151093326e-03
1.085661299396597015e-02
1.812772168019920714e-03
3.413045142392583803e-03
2.583316653569779891e-03
4.315647648936337538e-03
9.343023030943291979e-03
2.903857314450222077e-03
1.405974651504254998e-03
4.991984390994153378e-03
2.265427306744320027e-03
4.814132300487033306e-03
4.306950662315445905e-03
6.898510632433334060e-03
2.512902500051500225e-03
1.899355391399474603e-03
1.573614658814838276e-03
8.453899716367776693e-03
4.838656693288419068e-03
1.013224501442445361e-03
1.510135485040839214e-03
1.295580053218088308e-03
1.100810762758932431e-03
6.146788059577334637e-03
5.493637926625494217e-03
4.880761568299466467e-03
1.563862550667584079e-03
6.985169527374853263e-03
1.533962667432033295e-03
2.087434342916750108e-03
2.084824181017925788e-03
6.271814126652255211e-03
1.722299237587786736e-03
7.786632755305343372e-03
8.042176546022086758e-03
4.944000183807695237e-03
7.500015047696939781e-03
1.513916024539623288e-03
3.379120218503541429e-03
1.477849180149640044e-03
2.745062610694141026e-03
1.131751786565662193e-02
1.286896342385073465e-03
4.614711828944876790e-03
4.534844459960354207e-03
1.512521581613895244e-03
7.025757171354363520e-03
4.992164476662339263e-03
3.146855327138894150e-03
2.897090372271023638e-03
4.085665017358693953e-03
9.470525895781170198e-03
2.150521251441842897e-03
1.507036100391685209e-03
4.057350838078233914e-03
4.055957306957975322e-03
1.229343121717057152e-03
4.527320609865980242e-03
1.435523945007808732e-03
3.036994974678630232e-03
1.855045709019050981e-03
3.421507300136475416e-03
2.044647750115292061e-03
8.366313644853278636e-03
5.164260328511381670e-03
2.361105159366742520e-03
2.816343335976940945e-03
5.013446286185061287e-03
3.286840265534220987e-03
2.832787289630380248e-03
3.093571573270763580e-03
7.641932494782009352e-03
3.699516960226137234e-03
1.592651461943227643e-03
8.112375954160378974e-03
1.619798436097716083e-03
1.771805617767585779e-03
5.859894820452385758e-03
3.880985774599675191e-03
5.383344202575090359e-03
2.487102934611373252e-03
5.203402562704385025e-03
9.928752712743973106e-04
1.900847846145295754e-03
3.797498773735392442e-03
2.065167308418845715e-03
4.960167500610557050e-03
2.283554337972396736e-03
2.440619431611148506e-03
2.358627292377173546e-03
2.667500554146545657e-03
2.148105037466617462e-03
8.272790723370011812e-03
1.648639328452395844e-03
5.252666122071326590e-03
4.344382260618220512e-03
1.754621971266411744e-03
3.051437607442504876e-03
3.637536063243301462e-03
3.528015662263260088e-03
8.166623930478674603e-03
2.618315612889281392e-03
6.208394540341624634e-03
1.002336149230061407e-03
2.282667508516644100e-03
3.083303374540428098e-03
1.927596230749532282e-03
7.384168609950048784e-03
2.864644884170336296e-03
3.325396088547739014e-03
5.333011232109944461e-03
9.658967753276997709e-04
7.824203125640968176e-03
2.186053976788784273e-03
9.306041761863292211e-03
4.904280567433385446e-03
4.291635325058603539e-03
2.912844936894943941e-03
1.053003871230385330e-02
2.742139217721103507e-03
4.439178878192503314e-03
3.091469258462679545e-03
4.792327859889526642e-03
4.268603650373906794e-03
1.949670684715584714e-03
1.548346598976840056e-03
1.925952489097176911e-03
2.019173530511881795e-03
4.457021413079897791e-03
2.394920225825459496e-03
6.294839570531203868e-03
1.891049746038092529e-03
1.715237785246467774e-03
3.257807385323745718e-03
4.087607482778306094e-03
1.126154131775330318e-03
2.270309287267076315e-03
2.678240083633881205e-03
1.279448792655249034e-03
1.048437315793556823e-03
2.092227996688101298e-03
2.055542013176673774e-03
4.348435995242451273e-03
5.117580821375677588e-03
3.627133672945621803e-03
5.467705915199035267e-03
1.259691060414471018e-03
2.393042854560359280e-03
2.247424342303029274e-03
4.145340437805184429e-03
1.948448789887952115e-03
2.528191264503635086e-03
5.279953785424556546e-03
1.493777035464781888e-03
3.353370131026871693e-03
4.329624415036466799e-03
3.297496753880567802e-03
2.677994748818855828e-03
1.302224903955450253e-03
1.294759072235873026e-03
2.426302619549477232e-03
1.749350573117927458e-03
9.866615642909418865e-04
6.490763060885577918e-03
1.136676506662593917e-03
1.303033004053967547e-03
2.532338225361153647e-03
1.434667587657220125e-03
5.033476744793809361e-03
5.601210904482139055e-03
5.181286979393026973e-03
1.212164018651543367e-03
1.072277968148591457e-02
1.109917370359891171e-03
3.886611812435108657e-03
5.328672357201394774e-03
3.663376661368177543e-03
1.500312260221363728e-03
3.824023354885614130e-03
4.125561924135896091e-03
4.001612956598975257e-03
3.098585572484188581e-03
1.349123647586241608e-03
1.119557968547515167e-03
1.126581957796982982e-03
1.138181484899503841e-03
3.665205683842194181e-03
4.828389130519126528e-03
4.917611432665947024e-03
3.117040862612795171e-03
5.279004936351113300e-03
4.684355556864352663e-03
1.042758324229544004e-03
2.709543292756465792e-03
1.057217948993574965e-03
1.283199469502040386e-03
2.268828432096194406e-03
3.335831065815153713e-03
1.096413150748142516e-02
3.032832254946061720e-03
1.662461020380971710e-03
4.533516247109020333e-03
3.769735406423791509e-03
3.436472073966217577e-03
1.220439338280704909e-03
6.127267890159279230e-03
1.197520363649717465e-02
3.351543402243534284e-03
4.623815664029318380e-03
3.290281138762749056e-03
5.955804229468068117e-03
4.989403336700534534e-03
1.906249753698215001e-03
2.839953050929116922e-03
1.003676975342590247e-02
1.367006645081610128e-03
2.043781717191600969e-03
4.471516754730101365e-03
3.542929796689380482e-03
2.397719390470818418e-03
1.607263969141945349e-03
4.581889706901019071e-03
3.570203328791532720e-03
2.012047039232470885e-03
1.576914719349765525e-03
3.790098503498369725e-03
4.607729158358724215e-03
3.305588317784732052e-03
2.654543791543468017e-03
1.417196550328987583e-03
4.391324524921821557e-03
4.314547042250713518e-03
3.490002953432047150e-03
2.107796287971496797e-03
3.920498465883622170e-03
9.516841570981544873e-03
1.597658885329301904e-03
2.846107599877337538e-03
1.815309491068924433e-03
2.060553037274916784e-03
4.392932887820041876e-03
5.915375803650793976e-03
8.979212455503083690e-04
3.163195899330893332e-03
2.009401972814275385e-03
4.737242946604560377e-03
4.053812267580159806e-03
4.286621309262846242e-03
5.018335984340298143e-03
1.977220641384613408e-03
3.120905867497083055e-03
1.594893431112843780e-03
3.491839562465861267e-03
1.136517690109309191e-03
5.424124560701502375e-03
3.251951848268214672e-03
1.499469168790592416e-03
1.719079696121486069e-03
7.076684449546087607e-03
2.685634553350211250e-03
6.024499371123967495e-03
2.012756155978982862e-03
1.983839334144277614e-03
8.769275826581768296e-03
3.111689766924733737e-03
3.655503877535472290e-03
1.124602361437307321e-03
2.486936363152046116e-03
1.042954650612990799e-03
3.132729837865367260e-03
1.335689557989750472e-03
4.907361726010571815e-03
4.057096229664321901e-03
1.949181056981643062e-03
1.080890669768815385e-02
1.306389180947640366e-03
4.002270499951986540e-03
1.861107814339215717e-03
2.659232461894372231e-03
2.226801191692765435e-03
3.478832466156853414e-03
3.432095418718879905e-03
1.280505285122858624e-03
2.823310571292952931e-03
2.272878082108682144e-03
2.097860828594251808e-03
9.001812777135373075e-03
1.409564884327403058e-03
7.372355382414676021e-03
4.213885097319806407e-03
1.282132701895576229e-03
1.871535193407935626e-03
3.055321463043422781e-03
2.843351159780888211e-03
5.701408719911711664e-03
3.202215750339476325e-03
8.516759257891772655e-03
1.605550141821015728e-03
1.745593173566154432e-03
1.763716647444196805e-03
1.575940202783244906e-03
2.441614324492805826e-03
5.565762044326585944e-03
1.519851960208825877e-03
4.297234876279519902e-03
3.186475687309707656e-03
1.417541044528870852e-03
1.289860122735427602e-03
4.358957482085429845e-03
1.946956006450540309e-03
1.820814338941202171e-03
4.480143651345237094e-03
3.181145833642868084e-03
1.018191438629650718e-03
2.889929852633011352e-03
3.477922579591043173e-03
2.043877843758699561e-03
1.417942790554651417e-03
1.835612605451975802e-03
5.941524623705453714e-03
3.512615843844396016e-03
6.073265558061889668e-03
7.746966685279198933e-03
2.412392630349061325e-03
5.246106035610960741e-03
9.944143811285129694e-04
2.592746075539528131e-03
3.890782287498106666e-03
1.628263621658016099e-03
4.039885599667143203e-03
4.079711688853696928e-03
7.065533565591476141e-03
3.328647483771511248e-03
5.525345982836500636e-03
7.139632383270253131e-03
1.880027296456413064e-03
1.585049225870940708e-03
2.562282454874834775e-03
7.146787515228443174e-03
4.475154767846817663e-03
3.210807543889100842e-03
3.708410393492981346e-03
4.228865571440952771e-03
3.736865091615491040e-03
1.625048095996487699e-03
2.590604474329400234e-03
5.011027696671693787e-03
1.512153752066240035e-03
4.086249553043782776e-03
9.373228487166481576e-04
2.055266831135814723e-03
9.803703670800926074e-04
4.950259285826276098e-03
2.987392130984727577e-03
3.299360518660698904e-03
3.448342678032363835e-03
5.350297725989732259e-03
1.679877064959664143e-03
3.378081060648837307e-03
5.792666050903916633e-03
5.523770316894613744e-03
3.293151736573253149e-03
2.990610091762743988e-03
2.123302502299838097e-03
1.054990809690035079e-02
6.272004420768109018e-03
6.167514996668029166e-03
3.620567241854921389e-03
4.490714015905284719e-03
2.127547380284374769e-03
1.407241496471251310e-02
6.827324310428751347e-03
3.932925071677328445e-03
1.061923053296487006e-03
4.966458543810956319e-03
2.904193921502636576e-03
1.217628775995952938e-03
6.502878214219777464e-03
1.575892150731967450e-03
1.087495168668567783e-03
4.864966415048147842e-03
2.431736802251853371e-03
2.900307671930211096e-03
1.373910745292718271e-03
1.030864635780290219e-03
3.049688771439849552e-03
1.438575694303548258e-02
3.772583568767959306e-03
3.111529495720746601e-03
3.922924070517341474e-03
1.889078275814012452e-03
1.832676926548485602e-03
1.454716791560778074e-03
1.007864318746018537e-03
3.649978549440337314e-03
4.425253573643559389e-03
3.135587764640021882e-03
1.556776801221743198e-03
1.065481586088871079e-03
2.271431868622937871e-03
2.715434101083133260e-03
1.727168972220296519e-03
7.613358655710913275e-03
1.618535269480703750e-03
1.243293683302826996e-03
1.625756801749911329e-02
1.798776887659938369e-03
1.370072206434633233e-03
4.662451896592298417e-03
7.037830170618767506e-03
3.513019775316907067e-03
6.206968645420005842e-03
7.681590171257876229e-03
3.575757564816964620e-03
1.214236210045377623e-03
1.911543932927317786e-03
3.088522535903405648e-03
6.301155904776044141e-03
5.062944674058716607e-03
1.718583994057243294e-03
4.614914461188670929e-03
2.304595947314279532e-03
3.335027580263409761e-03
9.728966481400293242e-03
6.278312285709129401e-03
5.092218243123993078e-03
1.799446370839364977e-03
3.236561686508543367e-03
4.178071169604746261e-03
3.544503947704535571e-03
1.764776304021832033e-03
4.941563079922564605e-03
3.436979639910087321e-03
5.409240961177576822e-03
3.507190010583847908e-03
4.309288417799803962e-03
2.318007992207173594e-03
4.880119395485894504e-03
5.645809529959473771e-03
1.564772231374699646e-03
1.000659146687039001e-02
5.099095765860991482e-03
2.640282512483876388e-03
1.860788122352331330e-03
2.036254443630542386e-03
5.268261109400224768e-03
4.806627316527285233e-03
1.546001652796794457e-03
4.494273684046029907e-03
2.211097132048697039e-03
6.314688149535906819e-03
7.239239124543547961e-03
3.203573974618066297e-03
1.371077074998006346e-03
3.554546882714900748e-03
1.091632909905647375e-02
5.488403355139212514e-03
5.999641496258825701e-03
5.451667032746311189e-03
2.013844504506353238e-03
4.769097158924309396e-03
2.106237677171407009e-03
1.130522450869173067e-03
3.744878090684338173e-03
9.376902776863852004e-04
2.325814681983485142e-03
1.917286079403621949e-03
1.642003630338419217e-03
1.007640432984763246e-02
1.916079485936075452e-03
1.539698818284785135e-03
2.248471746093684380e-03
3.456255957792161645e-03
9.611213812242733537e-03
7.222001221446869117e-03
2.191151339343804915e-03
3.067802884325070319e-03
2.116621356469193093e-03
4.178931420965818939e-03
1.433925516089115844e-03
1.549026481267564868e-03
2.655641250041840783e-03
2.351796135252971764e-03
1.377995092412916643e-03
1.840827348177735516e-03
4.128473971542478103e-03
1.985915465939327475e-03
6.162311732086844449e-03
9.466415755234490123e-03
3.762675378010352234e-03
4.419534309357721867e-03
1.647210798376502576e-03
5.282075936482384486e-03
3.216519741517278718e-03
1.338360822161043049e-03
1.647799682159165231e-03
2.780564315410319082e-03
2.104335983647241497e-03
1.546918796839209841e-03
6.462089080656126597e-03
1.054058766872253451e-02
2.345826664739624531e-03
1.607457693349074405e-03
3.030602041242966369e-03
4.133533377137648367e-03
3.721801123480328235e-03
1.640481554696391741e-03
3.802653134460490508e-03
5.538920349369064189e-03
1.073048853777819550e-03
1.156356556235723504e-02
3.829101654680388579e-03
5.704011757521950700e-03
2.963523861805461655e-03
5.074566295869256151e-03
5.208958636100027330e-03
3.010781548949546978e-03
7.008193455635294486e-03
1.442379925016342313e-03
1.305984924644400594e-03
1.115539115153295563e-03
2.017317787341338202e-03
1.979273784843579159e-03
8.824727933145606667e-04
1.722865306632926155e-03
3.767263141550513793e-03
7.857165069168808857e-03
4.584445091340897879e-03
3.648206042925928629e-03
5.160373229624217427e-03
2.451821456407881402e-03
1.244130337305007902e-03
4.606256567445608276e-03
1.147278627736877509e-03
3.413612251074485317e-03
1.851171107777853679e-03
8.985037399322499518e-04
2.196931247960935696e-03
3.070854679817862625e-03
7.078216153716170023e-03
5.276083602046638225e-03
2.437405475144732280e-03
4.739961879843696164e-03
1.112391243169565808e-02
4.002351495555384400e-03
5.842507631737632948e-03
1.353601260305274147e-03
4.333956133459739707e-03
4.377056508747999286e-03
5.639715577625079718e-03
9.808764437382814626e-04
2.373059343589181257e-03
5.150641093912587849e-03
6.180927049016559163e-03
4.227842579912312500e-03
1.799570559236894325e-03
2.334924260488906861e-03
6.584810223373337157e-03
3.222038721376250386e-03
3.862762975278709841e-03
4.416831146624141183e-03
1.714722498911463262e-03
4.902507684897285112e-03
1.634427359753714594e-03
7.234079694827997252e-03
1.350234772338868927e-03
2.486437815816536917e-03
1.234197708362427121e-03
3.718260224357728717e-03
3.649151500895239132e-03
3.219764058930453792e-03
6.250124484457258295e-03
3.843434056463117341e-03
9.350462751752441903e-03
5.616193471063185214e-03
5.233621419201174574e-03
4.343365946669135516e-03
1.152574195633281019e-03
3.587665563178292494e-03
9.774739666489066364e-03
5.182590053298984090e-03
5.584628871650601858e-03
1.270702732508512470e-03
4.698895785250415714e-03
4.214060181985140006e-03
3.535065977281081143e-03
2.092893839094515408e-03
2.893386246387712711e-03
2.231286874337318985e-03
2.656825818495652577e-03
1.012232873096585717e-02
1.055383641875423054e-03
3.388628060515423701e-03
1.622125432944132020e-03
2.826313485887780967e-03
4.471609753892154954e-03
8.649044429944678647e-03
7.314403546408376582e-03
2.758179309808314345e-03
9.840817288410451738e-04
2.999441067858248360e-03
3.151039085358802935e-03
1.746176375663293766e-03
4.463993236584373921e-03
4.209163452160576482e-03
1.462554671656682986e-03
1.808886998035711367e-03
2.905024480294872424e-03
4.504807003958913487e-03
1.704194932426697940e-03
1.745598406427740969e-03
3.038458461243198974e-03
1.522620223194252930e-03
1.613590093368191033e-03
1.747150546283373837e-03
4.314355620238781962e-03
4.731958453829033032e-03
1.030531914784920712e-02
3.928233690705307778e-03
1.322286781404949721e-02
5.294669900958857110e-03
9.122326018251160178e-04
3.784674345025119610e-03
3.678450199058721538e-03
4.231338891034087946e-03
1.378760837804849076e-03
4.874829960849710354e-03
3.980444140877358039e-03
4.745139468540430193e-03
5.289243567716988767e-03
1.668186345219423248e-03
3.363325035458488051e-03
1.578432689352789534e-03
5.003341198267990259e-03
5.010700681262783042e-03
1.745202258763557408e-03
4.143848406482558873e-03
1.225493282994123169e-03
1.778573450404284054e-03
3.110980080811527344e-03
2.978000180309327543e-03
1.406358712712504812e-03
1.774315105235228568e-03
5.970121508029491847e-03
7.938806889710487216e-03
3.297099749758486149e-03
4.538854416870186960e-03
2.551588370703594157e-03
3.771452599700460956e-03
1.021685116404677605e-03
5.718471935699518879e-03
3.224187772606814349e-03
1.628365286359369484e-03
3.306118624134510384e-03
2.907770476443947288e-03
2.336579979096281567e-03
5.235280232384087809e-03
1.358388904854712295e-03
4.796034239277622256e-03
3.086298796156165640e-03
2.183419125716427531e-03
1.418980629859973013e-03
2.380264709297337869e-03
4.205240131567827659e-03
3.047577833174934525e-03
2.061705058211195461e-03
2.578790980501411041e-03
4.094627674990812365e-03
9.144809187579735002e-03
2.441966023461277901e-03
2.732367016605722308e-03
5.114638345982836475e-03
3.387454743805459745e-03
6.138613780896919406e-03
1.965864263333517211e-03
1.955639524589675420e-03
4.162619020867043551e-03
6.304958798627259206e-03
2.110413322089098234e-03
3.735639368450986101e-03
5.368182252878230497e-03
3.371136259974577293e-03
3.536346558561165310e-03
5.184992901284555915e-03
1.615913762581131560e-03
2.256937973667040315e-03
2.192665039864864340e-03
1.380915076190257582e-03
1.082668108452118768e-03
3.402741308101786197e-03
6.229607267458377347e-03
4.742141013588676256e-03
2.197811455300175201e-03
3.676054430348081603e-03
1.898981916260301678e-03
4.874661634119410378e-03
2.106168307078956289e-03
2.073063827354679114e-03
7.736923262905527794e-03
4.562385453136306654e-03
3.127106091547975520e-03
4.343141793228193215e-03
1.795384160787546817e-03
3.411678211217997105e-03
4.684418514860894459e-03
1.552697103491438311e-03
5.143120727404451066e-03
5.819486219497941974e-03
2.719171495704065297e-03
1.803133817093415664e-03
2.404911360238207348e-03
5.260950677258345240e-03
2.895154527682407795e-03
1.511816380720361298e-03
3.287072647999887947e-03
2.574636742192393420e-03
2.223599316380821429e-03
9.094676631679660291e-04
2.052619101894730385e-03
3.541436113244000785e-03
5.116365946504375199e-03
1.547619324954458168e-03
2.286098359975513236e-03
4.133130658587157516e-03
3.397310554565157424e-03
5.057064052324751306e-03
1.199460869542395619e-03
5.183724405680912271e-03
2.557844212968803706e-03
4.300605004787642384e-03
3.177988184887819978e-03
4.462500354651800435e-03
5.199501051888163507e-03
3.382540484910782387e-03
2.999468877497991730e-03
2.626698301349145951e-03
2.720829314594633893e-03
1.883846320885486153e-03
1.182361129184652171e-03
1.633284476621918186e-03
4.981151700871056139e-03
8.274692142938440756e-03
1.346134320141056159e-03
2.695816729326655677e-03
4.532555039118141629e-03
1.676803387160055465e-03
1.672009746955185980e-03
6.361254661900329899e-03
1.063721406313208016e-03
1.014355991689418895e-02
9.909721206961165027e-03
4.108170205817388704e-03
1.204260504057146682e-03
5.554364721497496299e-03
2.153249917334363727e-03
4.649833169188248398e-03
6.201796403661565850e-03
5.523613261290546625e-03
4.745817569226025955e-03
3.919698018741811160e-03
4.235853313697418229e-03
5.030028537444445474e-03
1.366367063443161374e-03
4.864424357496125589e-03
4.747615132379799999e-03
2.232421658668011250e-03
1.450043211550564211e-03
7.902720990420939937e-03
2.965313910193082166e-03
2.231086537473078810e-03
3.817527169972044065e-03
2.195998919639191409e-03
1.733300605312176803e-03
2.911086061961643077e-03
7.006109344678795002e-03
2.063348995124975917e-03
1.741976849988161350e-03
1.408233798806042634e-03
2.743462962317046259e-03
3.352697106307584666e-03
3.998415986794165433e-03
2.116110021755980737e-03
3.482620102067914957e-03
5.079643174047189860e-03
2.684277402545986232e-03
3.559462969777159834e-03
7.069468285014006946e-03
2.159636593493916706e-03
1.844149180760805851e-03
2.271692333197494404e-03
3.388690452765327592e-03
3.804448836810069359e-03
2.632059641860983595e-03
2.919884856643964292e-03
6.769611409045063477e-03
1.514765828042001668e-03
3.963774741741001723e-03
7.907134219912573952e-03
1.160984708804188408e-03
1.128177725565746980e-03
3.763204028301330925e-03
7.883241889439914982e-03
8.030643314206789563e-03
3.401462492060561629e-03
1.963465624414929660e-03
4.917460050634059679e-03
1.153449568215772578e-03
1.143536471140681188e-02
4.045625167166343010e-03
3.450396169199254539e-03
4.483103985747317541e-03
1.903254732113331387e-03
2.048657170120153810e-03
3.287378307189157446e-03
6.986999089274507739e-03
3.287280847495549930e-03
8.813618441732649217e-03
2.788134052557843332e-03
9.181366859358668694e-04
3.342562247371420533e-03
2.956539219110292625e-03
6.643694443026380674e-03
3.110786779751513725e-03
6.377964269799248770e-03
1.293689825655000309e-03
3.726052523255825484e-03
5.947528766326190541e-03
1.333041933919542048e-03
1.719452701101083225e-03
2.480008348919211791e-03
6.022844332795476360e-03
4.984713198827098006e-03
2.358649686800192227e-03
1.383092360278720314e-03
2.838485269195585928e-03
3.101656302931069063e-03
5.303890514080697623e-03
3.062217014737085140e-03
3.253747204636714668e-03
3.383708432428196577e-03
2.322346081247088356e-03
1.841316936692635742e-03
8.346718148463227321e-03
2.509726910482656167e-03
1.785398454568848815e-03
4.230567395954117765e-03
3.563862346979101373e-03
2.784815202795077986e-03
2.059199367576299532e-03
1.206416718692314514e-03
2.154564106004730039e-03
8.614309850519596273e-03
5.006711034542369460e-03
2.961557364331624843e-03
2.006128167287310124e-03
6.913179184178166840e-03
4.071633031011832708e-03
8.550194932147518571e-04
4.550523608790107630e-03
2.663258497141674994e-03
3.381329287021184789e-03
2.341526010313467118e-03
5.556386222197531172e-03
4.837291224939828556e-03
1.451750774636380564e-03
9.210628014632677666e-04
1.458126559665748768e-03
5.622942122968958498e-03
1.582292228906751960e-03
1.326243039384008161e-03
3.505527471204757974e-03
3.089954892104677681e-03
2.392879502576175654e-03
4.275749519488193477e-03
4.758211332217953705e-03
5.783132224115944409e-03
4.072928623172380851e-03
5.188026079215307153e-03
2.299106249169985405e-03
1.858201573522211790e-03
2.373779886019282588e-03
1.854771756561800254e-03
2.437764985439096459e-03
1.790598551829601127e-03
4.362906935626350430e-03
1.417597044572281020e-03
1.881702271998862957e-03
2.363788008103946681e-03
5.447874584242313502e-03
2.249441798195221318e-03
2.028884828944600791e-03
1.798664218957664014e-03
9.782723758351519281e-04
1.374974941347650382e-03
5.084475462832685130e-03
1.677352656707952350e-03
1.346681901840639673e-03
2.201818055424361199e-03
1.483169408068135599e-03
2.835357724252604225e-03
4.159549273367573602e-03
4.695932013247494131e-03
4.533506154813338879e-03
4.528128432375239966e-03
2.134043702419822792e-03
4.027079167030937941e-03
4.136437925490512105e-03
3.723291771412362040e-03
1.619575237856321712e-03
5.109847628740383368e-03
5.219312247242228683e-03
1.805602610113353403e-03
4.424119843013274433e-03
1.844790219442926302e-03
4.179516089563113310e-03
2.612664685800332107e-03
1.652420695731825380e-03
5.204100647223122017e-03
5.956851577747468776e-03
4.720476833941524702e-03
2.768101322627042945e-03
1.779329449281023909e-03
3.454119616049100908e-03
2.237338162577041413e-03
6.102290735750336322e-03
4.978829975255881848e-03
1.127294465960365817e-03
1.164330910374352605e-03
1.050652954189739384e-03
5.027805539597089007e-03
2.715928583078195367e-03
3.089663569398243270e-03
4.655236326460583489e-03
2.017997648884717332e-03
1.193052382091953564e-03
1.783953937375304128e-03
1.284112331578160775e-03
1.807229138662753195e-03
7.518644756092643898e-03
2.045273783734851119e-03
2.399161971784724220e-03
5.376533158981003889e-03
2.321945813640281624e-03
4.736168037264917516e-03
1.044141186997011575e-03
1.637073665058309379e-03
1.192473305817307212e-02
3.499294531367005967e-03
3.379109274828293735e-03
5.322975284541844702e-03
3.762069514242140453e-03
1.803720988229892425e-03
2.253467963450411782e-03
1.878792801447329297e-03
4.637039239691522624e-03
5.716548928347224730e-03
4.043719768595954549e-03
1.540266066858941548e-03
4.255822285568611543e-03
2.401159651850078187e-03
1.181373164103299194e-03
3.421447138187814260e-03
3.622483801755986815e-03
3.648662950651019275e-03
2.101812364281022659e-03
1.187298597696206590e-03
5.709547885233977847e-03
1.260522155371872951e-03
2.302356109712585565e-03
1.031211697093884112e-03
5.188223563270734362e-03
2.016950115979375836e-03
3.185101935779117901e-03
2.606134935945910586e-03
1.698353769754787791e-03
2.865041477000520274e-03
8.897626934956629971e-03
4.633066537655225817e-03
1.015065211923118268e-03
4.891272445758408811e-03
3.717256153421146393e-03
5.904517352675260275e-03
4.680565544137005665e-03
8.206764128136225661e-03
1.363061064001945284e-03
9.389011266451148530e-03
2.803779851378848664e-03
5.771197233211990130e-03
3.987430937343510243e-03
1.300032193423897786e-03
2.584472269108450352e-03
1.186933470255474923e-02
2.787486949709557568e-03
4.747461046102064569e-03
3.866170292001225653e-03
3.272792932040283556e-03
1.720381118988709938e-03
1.178641116027199587e-03
2.238541883421539622e-03
3.018955451524931409e-03
1.797762076038733310e-03
2.951224218846034732e-03
3.499880933656922093e-03
5.450981804893303626e-03
1.972263636945443578e-03
4.768971656148795341e-03
8.215604577962913255e-03
1.671783740070897396e-03
3.476698718805393100e-03
2.047949062056032051e-03
1.585188156680747982e-03
2.434898238842618003e-03
1.815356634473417122e-03
1.344443550732704520e-03
2.024824398003280661e-03
4.122969123442720221e-03
4.519289884352514948e-03
1.874257309377293148e-03
1.498297676426142743e-03
5.391817924016252539e-03
1.240300478182495723e-03
4.683358632931056836e-03
1.087805334148839956e-03
2.680969133529678694e-03
4.319133479546958740e-03
3.637737281630723778e-03
1.938536044965255729e-03
3.653649225501533378e-03
4.309247794513257693e-03
3.179030202914850511e-03
2.373188859804380071e-03
2.294294398849608830e-03
4.479930688149772432e-03
2.759586184338001964e-03
4.945821883109685624e-03
5.152513583874745486e-03
1.291815164577446266e-03
4.898822577700840883e-03
1.166233474680361017e-03
1.127967391213623898e-03
1.871101644501473905e-03
2.067203034978700588e-03
2.281764820926742311e-03
1.823267252957340347e-03
1.526440435052553446e-03
2.063570892160666338e-03
3.882238765661615802e-03
2.506283156033169233e-03
5.364714538944390446e-03
1.163714213919857243e-03
2.844642255931330473e-03
3.569877820459818954e-03
2.994099321922696899e-03
2.228359266900845244e-03
5.944751575896067668e-03
2.230382550762668482e-03
1.000248247977138412e-02
2.420511991590290103e-03
3.207576896245059681e-03
1.107999422973208244e-03
1.527755623731464696e-03
4.602939949522390738e-03
1.969547558710537348e-03
8.874470685144005087e-04
2.984845322334032588e-03
2.956953254170260371e-03
1.482827051054447058e-03
2.773773609997060886e-03
2.888013529194800866e-03
1.273917112036297402e-03
4.786707970084989189e-03
6.094685222652690415e-03
1.994694737071053478e-03
4.799115553775083580e-03
2.993370289628956207e-03
4.801689087803533151e-03
3.301543137948821736e-03
1.780484883867319325e-03
9.533859538563538814e-04
5.287928904208541274e-03
6.706860821540235398e-03
5.560678662865870155e-03
1.092948540434993251e-03
9.524010990018622275e-04
1.162607209226585239e-03
5.621402930290047423e-03
1.405450733929658946e-03
2.147857126624402348e-03
1.668998670491791741e-03
5.602177808716100882e-03
4.078986921500379198e-03
5.284924734372312832e-03
8.708689476230593515e-04
3.390282016108716462e-03
1.681307694409288692e-03
7.211611017971577935e-03
4.523777023713378143e-03
7.851758423848765461e-03
1.375446159226279951e-03
2.293328790236227877e-03
1.930740874969165931e-03
8.466338629500016685e-03
6.170807281115647629e-03
1.382670702870589111e-03
4.973251888534414161e-03
4.432356884866883902e-03
5.223494239647789861e-03
8.334727932260770859e-04
3.151649397724240985e-03
4.646984216896955962e-03
1.530061136760468062e-03
3.433903185669183455e-03
1.434679776632059346e-03
3.764864924950380755e-03
7.421966601165843128e-03
2.519732572706366927e-03
1.468835871899372512e-03
1.719102526030140800e-03
3.160067410646699715e-03
1.340380126556797551e-03
1.896953827007496172e-03
1.030953285932418272e-02
2.168573523226530273e-03
2.658749770270615702e-03
5.011151820995198188e-03
2.636813541357953261e-03
1.541030016552113937e-03
3.902261343823169772e-03
1.534339659463027604e-03
7.168631484316291894e-03
3.967075520785606074e-03
2.890361768138428010e-03
2.466892019247355055e-03
4.036233610609717484e-03
1.421608985577915273e-03
2.452741816771839868e-03
4.463083992476932736e-03
3.053745688562748122e-03
4.376235479152258689e-03
1.402530072887717486e-03
3.379853829899941674e-03
1.629561456411098008e-03
3.339169995529309935e-03
2.788951603962743983e-03
3.781244801022984065e-03
2.530778668446405019e-03
2.781975294623133949e-03
5.421719782596219790e-03
3.293796136353328678e-03
1.751839506385585634e-03
1.853397684397214799e-03
1.547029911841182100e-03
2.306435328014141799e-03
5.032886316164618228e-03
5.906873397439092038e-03
4.325383878001166048e-03
2.957695802894509327e-03
5.197596739859120657e-03
6.657048080076535292e-03
1.051557186125748333e-02
1.981699158706626360e-03
1.952762469772382917e-03
5.428202367745473857e-03
1.705494657220978268e-03
1.379917019588377180e-03
7.848542909038355025e-03
4.477164412299611609e-03
1.179745778555224035e-03
3.484598378623211118e-03
4.491477962316179663e-03
4.840657350063923108e-03
6.749093582937573492e-03
1.396263344104771821e-03
3.317752307049635051e-03
5.598887150710522495e-03
1.966684148262188344e-03
1.460226894582701117e-03
1.474528219476276686e-03
3.012322708964999991e-03
3.491176768302634535e-03
1.879249479499199398e-03
4.557932220630640276e-03
1.441652171499667196e-03
4.598514592405010190e-03
5.149330793540719819e-03
1.186990995872905155e-03
3.244137755739964334e-03
6.242255799056003161e-03
5.213938553548732452e-03
1.161566917585273983e-03
4.887302518008887139e-03
2.979589521365036148e-03
5.124250835008475891e-03
7.406436063072630201e-03
3.008929752372134243e-03
2.634089138633807607e-03
1.386990407955172736e-03
2.066082391280906448e-03
2.256304976748502601e-03
7.141124231820390571e-03
5.942030135125054430e-03
2.523868449324922179e-03
1.320293811301159227e-03
2.267973087031433226e-03
1.336846715099177397e-03
1.989818122071423685e-03
5.180763871205871021e-03
1.137938462872611564e-03
1.535775405322670900e-03
9.793008097248230917e-03
5.533940925823963713e-03
1.036811399939150703e-03
3.237235140554539561e-03
1.243631368965152084e-03
5.016127374694664617e-03
2.930750083091460557e-03
1.871866838253147475e-03
1.798184226537474090e-03
4.168776936163163388e-03
3.875186972804884472e-03
5.289819433925763668e-03
6.648302809912537241e-03
5.397168272924653294e-03
4.637236648224806607e-03
1.787524455470023647e-03
9.577147220993937823e-03
1.514607566740785657e-03
3.797904714249771257e-03
2.812946820857713595e-03
2.312317397842340166e-03
5.690781378834467059e-03
2.539011833333062150e-03
1.043596417706053924e-03
2.344248580158021181e-03
1.571258709071373088e-03
1.953795505819839497e-03
3.568446042108410366e-03
3.622794315349858567e-03
2.861947893216186447e-03
8.557496651532573925e-03
1.095866939040161282e-02
5.970058694921947552e-03
2.452217574646704812e-03
4.776789215935541184e-03
2.866005890889376621e-03
3.633145447191842535e-03
1.574659896265282431e-03
1.379914763908157097e-03
9.396721978186174011e-04
5.401835854541034085e-03
6.932139227527955166e-03
4.378962572298165587e-03
4.181851885339123512e-03
1.937389902021258766e-03
3.578909046858805808e-03
3.304064978669612150e-03
2.712921569231987583e-03
4.450537682715786751e-03
4.918203200734999267e-03
1.299905949036510040e-03
2.774182788510844763e-03
1.199630215592582122e-03
2.447704956378593272e-03
4.685777633453043836e-03
4.526219852317912157e-03
2.177848685468953324e-03
5.343816742233158112e-03
1.323687088695328900e-03
4.921438922407337345e-03
5.273643178277237324e-03
5.477767012135197067e-03
2.282843805000882905e-03
3.173379684584596086e-03
2.526472326293843600e-03
1.943325324472056082e-03
6.373241403711974416e-03
1.231188872458657650e-03
4.022318937713025705e-03
4.452011573976820576e-03
5.736278176991800593e-03
1.131014807176436866e-03
1.445088644754780570e-03
4.012822188549241414e-03
2.493589261337030190e-03
3.633902637029911946e-03
3.541316387670379821e-03
3.007942555965672799e-03
1.390093049295618817e-03
1.999977674063400587e-03
3.508361145903938008e-03
1.965943032811580653e-03
1.464770782227735497e-03
7.373629029334013117e-04
2.794494208777281719e-03
3.809973693275988185e-03
3.502345509977044559e-03
3.379141156003229000e-03
2.274194008545038156e-03
1.686446474146522691e-03
3.173782300696412206e-03
2.476094682118401124e-03
3.723201805599590276e-03
1.732414450819035360e-03
1.615209001020158613e-03
8.949193978063402222e-03
1.891662537792130824e-03
8.468389846308072011e-03
1.416886300965838202e-03
2.539905005209536215e-03
1.036697163834187588e-03
1.225359673539382988e-03
7.885480669275269153e-03
1.570925835041351313e-03
5.273911110811422588e-03
1.320048186302543586e-03
4.370244342679520735e-03
2.362931763190235807e-03
1.402482405964015260e-03
3.371868226621222309e-03
4.452254592743593031e-03
4.778316326637711137e-03
3.897951360208983061e-03
3.793162426211970327e-03
2.231012392613326064e-03
3.545565904466913346e-03
1.173789857998561257e-03
1.574211542859919617e-03
7.293356011962288769e-03
2.835774622906420996e-03
2.470506829438907231e-03
8.582973637058977437e-03
3.674230008597800107e-03
9.147440729423448680e-04
1.009049739905320056e-02
8.940835143171736461e-04
8.369722151777597013e-03
4.976056744415124564e-03
2.399864923948790557e-03
3.921102926153542841e-03
1.653096431067361009e-03
3.185731385744068004e-03
3.770315414918262286e-03
8.302011488753745141e-04
2.832051755536770226e-03
1.455318748562707629e-03
3.662247549078673572e-03
3.169930409935000932e-03
1.066550809166779031e-03
2.233749456770835282e-03
5.456063411325000681e-03
8.091698628323075460e-03
2.566618445207982137e-03
5.285362665688008235e-03
5.863840217508398817e-03
4.901618738710519785e-03
2.480102680796311340e-03
6.782615742527725589e-03
1.310948108691517740e-03
5.849877348330427725e-03
5.044764296648982481e-03
1.498710238470139788e-03
1.989575480437709085e-03
2.595673391897558840e-03
1.628898998119566966e-03
3.516824508334591860e-03
2.330935868557863777e-03
3.466078123013937619e-03
3.257859410154987333e-03
3.823343374827419851e-03
8.140179616992477066e-03
2.130400870605679738e-03
2.083500017144765924e-03
2.004112808590732299e-03
3.191900792937546905e-03
1.359814349842606695e-03
5.210041079637461013e-03
2.082879991761370231e-03
1.962944364717737235e-03
2.363728098568480471e-03
1.571642944417754118e-03
5.161668786040407575e-03
5.440248713130116549e-03
3.008307588752515051e-03
1.524212342676987963e-03
8.930894742110585642e-04
6.317073077160243778e-03
2.041642284105295475e-03
1.636855580192464596e-03
1.787034025259084816e-03
1.820775914594848811e-03
2.197709525173276775e-03
3.932777543870156524e-03
5.200959589274883887e-03
1.440750469261208640e-03
2.087566916562633851e-03
1.513546428217309864e-03
5.173840435944567634e-03
8.467156655127627482e-03
2.945059769079661806e-03
1.845756155558436837e-03
4.443842417243790664e-03
2.877109850103815123e-03
2.746809496128957591e-03
4.274024452264419890e-03
1.324382204001376805e-03
2.417923858135729784e-03
4.152620080410863827e-03
3.284632566565437364e-03
1.149274085533289261e-03
1.855181964973063062e-03
2.464526068051055112e-03
6.774047561556936423e-03
3.701029450478962503e-03
1.445185906263364139e-03
8.603050007972620067e-03
4.674075661084110822e-03
2.421520205220884479e-03
1.974440270978157497e-03
5.506821925403038338e-03
1.986428314272848782e-03
3.102577779732933628e-03
3.201924002847426377e-03
2.485155938222137310e-03
2.470001975870907401e-03
5.599068058510046214e-03
6.133560174929301653e-03
1.744046967167561281e-03
4.324750815520585559e-03
6.310622571713615792e-03
7.287332266200367836e-03
1.619736332578552681e-03
2.171828967355635912e-03
2.949075873430656580e-03
3.622741492798437109e-03
1.903138546267775771e-03
2.025749209060151868e-03
1.988695647053049988e-03
1.589710308007710304e-03
1.529494734436629083e-03
4.996893962021798676e-03
8.246773015420951619e-03
1.282082979083254935e-03
5.891412672067726508e-03
1.171904583129901659e-03
1.969929354126598309e-03
4.865978439804598960e-03
3.295268463466150509e-03
4.716355601520150730e-03
2.261658023554066841e-03
3.441899735501788380e-03
3.257228567289931643e-03
6.099280348325687197e-03
1.672608791965160026e-03
1.285049832169019891e-02
2.957288608359808901e-03
1.137718723392906577e-03
3.277489782289309903e-03
5.167706226667225997e-03
1.594276426007947608e-03
1.699893689786653858e-03
3.283019893636654560e-03
5.174314825308597675e-03
2.993127414678746143e-03
5.726014105408554038e-03
2.467871131537874730e-03
1.588268636416240989e-03
5.363682315369020653e-03
2.516721727903076765e-03
1.117953279770707992e-02
1.280585829260818750e-03
1.632200715981431361e-03
2.300596824944319690e-03
5.189041365004505926e-03
2.240578250265456810e-03
1.237967551443414126e-03
3.046657440999653819e-03
6.427593358453519146e-03
8.420135191514214676e-04
3.214603543288528219e-03
1.714632081050698276e-03
4.711083571548656083e-03
1.172682704328534276e-03
2.078908901905797413e-03
3.271234823872041370e-03
4.294594463530504447e-03
1.021522206536392774e-03
1.360990208113646615e-03
3.917632464247056481e-03
1.090268854520482292e-03
4.245638906441042380e-03
1.358750848888542724e-03
4.138665361207500247e-03
1.096103106152351197e-03
1.754199611201955923e-03
4.337867449983968081e-03
2.604930884127376438e-03
4.965753189525729146e-03
1.642012207649217468e-03
3.360981922570672499e-03
4.812054662318006500e-03
7.117483166615368173e-03
9.173913099414494551e-03
4.425638059254417313e-03
2.173167074174441483e-03
3.005600372200306365e-03
1.343260292561113123e-03
4.516138502197291835e-03
3.498358744884871689e-03
3.381231661304853926e-03
3.284962171044025943e-03
1.374676379109354175e-03
2.258498550623722241e-03
5.891225205990550072e-03
4.156464135221607688e-03
1.697042914507458644e-03
7.096368465608979791e-03
5.990472464130957783e-03
3.809134960543339356e-03
9.417839274485032691e-04
2.722989447756196581e-03
4.251193371873665007e-03
3.546926142478095019e-03
1.872638973312597222e-03
1.615842644334509505e-03
1.367815043884963028e-03
2.534250568286104850e-03
1.287071678617190528e-03
7.007996183229651781e-03
3.594972260599140455e-03
1.390536986943455722e-03
1.596625578126498451e-03
4.206416272096574586e-03
1.582119130049990411e-03
4.061713034340164175e-03
4.627086221515817714e-03
4.588880422660931470e-03
1.179289617961482798e-03
5.795905605263400664e-03
5.864633992896247164e-03
4.020287425780787356e-03
1.270751824118673129e-03
9.558646875214549775e-04
1.481699485456537116e-03
2.173559824085877484e-03
4.429662471902737382e-03
2.253894995586116362e-03
7.122979346714330626e-03
1.081063230836650521e-03
7.163555496707645770e-03
2.827050888881932691e-03
1.552581714465853160e-03
2.297925774590899375e-03
1.243580094573876714e-03
2.582570357864949224e-03
1.114404529589644970e-03
3.510119597561904819e-03
1.431493099216512438e-03
3.345506282676295393e-03
2.398857266319203568e-03
5.104643937183051504e-03
1.527910225325337761e-03
1.812435824787986000e-03
4.678141474551323828e-03
3.233526130114853375e-03
8.664054320275529214e-03
2.429040234292026250e-03
2.071770690549329646e-03
2.792993881229358273e-03
1.610173025563249333e-03
3.174471931824245693e-03
3.619020720746702040e-03
1.066191108551970768e-03
7.277700628686298127e-03
5.186879977597380793e-03
2.796744800997149998e-03
5.186327975117806938e-03
2.495393227567401385e-03
1.172939187848488296e-03
1.892174591664476466e-03
