2.092834204004009102e+00
1.348931341232472960e-08
3.500224228972688252e+02
4.069759700844178024e-14
5.207994312656170853e-15
2.074924200306191971e-18
6.568891534820296678e-11
5.702316133001521687e-06
6.566924825246105340e-07
9.068604114822512940e+00
5.544221256209622132e-13
1.367667806221269922e-17
1.000821400035756604e-15
1.549525160637370405e-12
2.629124147153642018e-05
5.331673710899517803e-09
2.410184922283414247e-03
3.626222895121368080e-15
5.253523864390666772e-07
2.802751138315972124e-09
2.667666028330072336e+01
3.991624348661310885e-18
4.176516069659861122e-03
1.783662363388240817e-03
1.031020046566050018e-10
1.119679767062327077e-14
7.996081461278221911e-07
6.121877436117675152e-16
9.751546266506936242e-11
1.895483239491387029e-01
1.770715686787913828e-02
2.754328351907708171e-10
1.591249687968037367e-16
2.472103474168429443e-17
1.163442411181697375e-12
1.106438365259775853e-16
5.535254814989048473e-09
1.717823330236214335e-02
1.515195492547836844e-06
2.695441567981394459e-09
4.612664325787637281e-05
1.310082714893575201e-19
1.499170746333288992e-06
7.649022811268828568e-06
4.744500465002932587e-07
9.591864185853917618e-03
1.198047013016817886e+01
1.510649654104234945e-04
6.893029254276767523e-06
7.827208501590867892e-16
1.757920836515743177e-17
2.628338968660116810e-15
1.216390325879119154e-10
4.894878819237490826e-19
5.285976938312557235e-13
1.024539085489889922e+00
5.739428682094184018e-13
7.994819656811215092e-01
6.161877437427308644e-10
2.253486398095731866e-11
1.671681259383572589e-09
7.816283547620089811e-02
2.673867284936367570e-05
3.177761128479059765e-11
1.132634543130080313e-08
1.715637007284903187e-18
1.905258238320760800e+00
5.955402070086188715e-01
7.487888557125354583e-05
2.017551212251298978e+02
1.439848719934546466e+02
3.054498408931536838e-17
2.021016119533117562e-18
3.323649413321357576e-12
4.773498223251304230e-13
7.634994816551107233e-01
4.485366635361803526e-12
6.184434908633565301e-12
2.178809453127278839e-04
5.383840912905867207e-07
4.788147896010550887e-03
1.615053892760301945e-14
4.374979770277811743e-10
4.510028004180117114e-13
1.041960764877784668e-09
1.077185549772421063e-10
1.022070583977970770e+01
1.640891964892641332e-06
1.154344384022053732e-04
1.669005320216202622e-10
2.931482347672644211e-15
1.259845917933783452e-04
7.692106813836963422e-08
1.361079354747731590e-16
1.228654562303632724e-15
5.739941958746206314e-13
1.107555383083452883e-13
8.543573346812640836e-17
4.259743749449235498e-04
2.815683888842542988e-05
2.078241503878419799e-15
9.406150640943285453e+02
1.592487337448324488e-16
2.185331313395318109e-02
1.508674532852892283e-15
1.064980323338509999e-06
8.922182270177354628e-05
4.810793426641049919e+00
1.116505582771672296e-11
7.024160400269280010e-18
9.371323053972531935e-05
1.383647246971576351e-02
5.417090893597072874e-16
3.308835231828665194e-03
9.168839270931398552e-19
2.436258549472706657e-03
4.072404314019194327e-17
8.420595984920309157e-18
3.911010519905202593e-14
3.137671520135401192e-03
4.788212929657025218e-20
1.875140843465047502e-04
1.100359729405716580e+00
1.223883110161658294e+01
2.503320969476171243e+01
1.903281655284038967e-14
2.214434565060717800e-17
4.135061162118020440e-06
1.502325865177614354e-17
8.342272902735115320e-11
3.388262736371868128e-12
5.509172369508276680e-07
9.914757382320929275e-18
1.940434712067068135e-01
6.138697756599992110e-03
3.785035403282105503e-16
1.708510380008676260e-09
2.074735177627301530e-01
6.943819571258812440e-01
1.624106804829110739e-07
3.506685984110545884e-14
2.750642836100853687e-05
3.105263230277994908e-06
5.241247778828464025e-17
9.234108236563109813e+02
5.219657519245786726e-19
1.146106736769257698e-04
2.387233001891183315e-01
5.007502502960806945e-14
3.154532064711576287e-12
5.847724208082738647e-04
8.065659708396005767e-02
3.942637580425348297e-07
6.141119135155495572e-15
4.002032560254357918e+01
6.387156176525969215e-11
2.044238143367413830e-21
4.661704936820963882e-11
5.277235981751897637e-16
3.594888012005085176e-07
5.592392193263112181e-18
7.373129005432608370e-12
1.261242128889512003e-02
1.850603592897345773e-07
6.416694429375023211e-12
1.179986319055750750e-08
2.948979570673906632e-05
4.906105127619365726e-06
1.593468070535323090e-08
6.505354005442846917e-18
4.968423949066556775e-13
2.585040886470777157e-13
2.314239921238166817e-16
2.052881394103694115e-06
4.080874906369072369e-12
7.217719710460096527e-02
2.850999061048632505e-10
5.579761134906058300e-09
6.067451388218483036e-16
9.306008857973558923e-01
4.360955823765859493e-12
9.351967336844199287e-06
4.599626476647761775e-14
1.141140684359785761e-03
4.290727025559618914e-03
2.950455314310015183e-07
3.255020874480873305e-14
4.184232870544677407e-01
1.193314070480122327e-10
1.336618896715607671e-11
4.299264418795428721e-13
1.135295106018830574e-03
2.162512819967810131e-15
9.404227981554455482e+02
4.523328541874989395e-03
4.036684789491030570e-18
5.029071224991250944e+01
5.410556642592699805e-12
2.755327457462350268e-17
1.495833933780330300e-09
2.579459578156961712e-06
1.297525417273199899e+01
7.644259777266654510e+01
7.247617308589544635e-19
5.164279577758626835e-14
1.990821553243933245e-12
1.470312453465578958e-07
4.451196800034426977e-13
4.537140416169030410e-07
1.126905980714795139e-04
9.302648168299835173e-04
1.866467472005060258e-05
2.761631403612363547e-11
1.940362455948901015e-17
2.801050416681142611e-16
5.104887433663563403e-04
7.520765481730603496e-10
1.517063915969639465e-01
4.731842116670775318e-18
2.649284144667018872e-08
8.634756250742475459e+02
5.004792838414064270e-09
1.825146080978788303e-10
6.877657568463345861e+00
5.059336625190567598e-17
9.917085021539517866e-17
2.821468565907606552e-12
6.562890407256354980e+11
2.137929559966619486e+00
1.017435698836729508e-17
1.640669810715807424e-13
3.587417711550422507e-17
2.352115716063504355e-08
2.149039673949601195e+02
1.641758980456288963e-03
9.641492800735981069e-07
1.285664954293177717e-02
9.746953887486954577e-19
1.289030373091378358e-03
3.467693786813003665e-01
4.791985541790590942e-09
1.298646852806241878e-17
6.714910456633637295e+03
2.443273165263911695e-01
2.126704010344657725e+00
2.465672661917475844e-14
2.647585255007955452e-17
1.037057138056133882e-03
3.769277751476157965e-08
2.991152847309694681e-12
6.731288164244278673e-08
4.162198185506207467e-14
3.730359762540926845e-05
5.266062381956806589e-17
6.434059787682719597e-19
4.279212279479630447e-18
7.821281495061071410e-09
9.080807438185989344e-02
6.938910977932822351e-04
1.742568750636284147e-06
2.201954837856306995e+02
3.676969721023808438e-09
5.702307578072756935e-07
1.275473584379385319e-15
9.726877503097171177e-19
4.221496865830950689e-11
9.293269092013232979e-02
8.017189927921840320e-02
1.169204883049290322e-06
1.158888914381268092e-10
2.019669183132271682e-05
8.588716737669203619e-16
1.868226551272979299e-12
1.092677990588176002e-05
5.328351003669117617e-07
3.341848397630107176e-11
5.865739013229475295e-14
8.057503969050564300e-20
3.125157926869667396e-09
1.133139148848964266e-17
7.294134766141626642e+03
1.083581518828882738e-08
7.692782352506339740e-17
5.165209233271571936e-07
1.475476793708954703e-13
2.681445163501959066e-08
1.982399305442969816e-13
2.891255984400151533e+02
2.878595247003786904e-09
3.240188048047508256e-12
1.902020350797583603e+02
5.114804810902195303e-05
9.213460468075203953e-04
5.933905282470468023e+01
2.478912929285525070e-12
1.714631481345182146e-07
7.823550241964079277e-03
4.267834041802344978e-04
7.080341719049046476e-09
2.720669242071122821e-14
2.091596943287999581e-12
2.995157389674035811e-09
1.759988680599453398e-08
6.452244270304779923e-20
1.411274075104267976e-14
4.518914074995136754e-02
2.911721812941541223e-19
8.403819195929774243e-11
7.934025614484759847e-01
2.640562790410151610e-15
1.239942087193364764e-14
1.448780402153012270e-04
7.727646347567640842e-07
1.766220094339617384e-12
1.964170353138329707e-13
7.801932713862409894e-09
2.503686545789445272e-01
5.751818667541770868e-19
2.248330677003301202e-09
2.057546319958231340e+00
2.989960985581008776e-05
2.291461533257913147e-09
5.860542823211591923e+00
1.798566527683702594e-06
1.160922394569757064e-11
1.149975666123642446e-10
1.600695708634131017e-16
7.349027691963345293e-03
3.470289582103453511e-09
1.613663929131689983e-07
4.104891163836356885e-13
3.637304471615384105e-18
1.430652368164772348e-15
6.767604478400682799e-01
7.540232147009898189e-02
2.465949949188384663e-19
5.985338996436102843e-02
5.718060261416968329e-05
3.546564059695588603e-05
1.556423983244063865e-17
2.371883170203837654e+00
1.424360410160470901e-02
2.225324353756231530e-08
2.546841465174295956e-06
1.795945892727874238e+01
2.094587085243159298e-09
9.893941356506429935e-17
6.246148761676106931e-16
7.772267527888060230e-16
5.700270865910218121e-08
4.850922975663151781e-15
3.840200306277042852e-19
6.006403576925272748e-03
4.910896066599970256e-17
6.494806853889996182e-17
1.163397430707863611e+00
8.014686720266030182e-07
8.165126039930815693e+01
1.200487376776164603e-04
2.878360546060497746e-11
4.715660496982782696e-02
2.810089001014704904e-11
2.417991626687340133e-10
1.120108072224693352e+01
2.160352334910081316e-04
1.304051158089706095e-14
4.799743931344506600e-19
1.555382293282785763e-06
1.735567978989553284e+00
9.863157500334329090e-05
1.359277710845722821e-17
4.431470891380916655e+00
4.505685118047414369e-05
4.050271631849443565e+02
4.587510421406828357e-06
3.177999843855100264e-10
1.484685970512625452e+01
9.366741717359788863e-09
3.918282543990793203e-06
1.028778628694592062e-16
5.494983173377768208e-08
2.497406972489449317e-02
1.564614347272325024e-04
1.545210540121065792e-14
2.605740304395291426e-09
1.075279964827934009e+03
2.505420204488767021e-03
7.351574869992533958e-14
7.143812982297596407e-18
4.442878170512463049e-05
5.787175313303916102e-02
1.228771793464413821e-02
1.411316042665718287e-10
5.037269950023955806e-02
2.665206471292951471e-09
2.323733955217201732e-11
4.058979349385370942e-07
3.329117955501196050e-12
7.922381214677574466e-07
7.691631582409004530e-05
1.138340945631823467e-18
2.375527519601234405e-10
6.251925767711270201e-20
5.592410745772452622e-11
1.180474970777522978e-05
3.155501176396738071e-11
9.313820639133959539e-16
4.109414129401232386e-11
2.946257240049720856e-14
2.102337487541665578e-19
6.870606417143627464e-11
9.760646047281955106e-11
2.347906010675659446e-18
6.416149632214550138e-11
4.636109981093747594e-13
6.551482714574104165e-06
4.966900388753750941e-12
4.723177082048093922e+01
8.330178173562873256e-15
2.417809061144290808e+03
3.807844879470697320e-08
1.118467699836751674e-10
3.405840169327544750e-18
6.917328410583115446e-07
4.140104436082318694e-05
3.083652443903225203e-19
4.489715173934808595e-02
2.269888540834843205e-01
2.446081851691723833e-07
1.468214687755877218e-07
2.205553899855590600e-12
3.575008671208378952e-01
1.716285708191706866e-09
6.637036643311765166e-14
4.625996698957227693e+01
1.980182787111370996e-02
1.102921039407741138e-01
2.568798154383696428e-12
2.016218530912434418e-03
4.287088883113251813e-07
6.994014272215533168e-08
4.785524723833443659e+02
2.833607647345935909e-13
7.047736071415870757e-14
1.080370517466600160e-05
1.724066546860145251e-13
1.646656807887459461e-06
1.823687345184066684e-05
9.316678045338065667e-15
8.821504459543319521e-02
4.255792651553391934e-20
1.492807591136096703e-15
7.885399587860796494e-10
8.121850167213315125e-09
5.318651136205257979e-01
1.545583368555173005e-12
3.614199985885424710e-12
5.369926779049724519e-07
4.626285620261321631e-07
8.443515435973228905e-13
1.291746441654948475e-05
9.973951400591525226e-04
3.576611824846977780e-06
1.766216728974602288e-06
6.390524591376637762e-10
2.054908849396001335e-09
1.284122874584961264e-03
1.376048585849483352e+01
3.711288068010034847e-09
1.979498883435757968e-09
1.872794194729733164e+01
1.107936388081608658e+00
1.657996167137106056e+02
5.784260664022632522e-13
1.028240326776607549e-11
1.349581103064429742e-12
9.417507940170999668e-12
3.463262469966299979e-17
9.188847415578919236e-08
4.630819609384609466e-07
6.747503568514488574e-16
1.961881256229078758e+02
3.431212373950159608e-12
9.931117428038020549e-05
1.149341586002793974e+03
2.161434826133341869e-01
7.012841963213894969e-01
5.326434785723960720e-12
2.126883072169787059e-03
3.131919308406542202e-01
1.120431777317241677e-19
4.429803626185729973e-10
4.785085255043030040e-13
5.201959872304347383e-18
1.352073192170694941e-14
7.759487664340075298e-18
3.347164127119206869e-07
1.583548262344584802e-03
3.951949986882943873e-11
1.248889229855662127e-16
2.154069126775610008e-13
8.800720556892214574e+01
1.297436492921657849e-13
1.193901148275993721e-15
7.049102984810735029e-20
1.068545189138806460e-04
1.020084774475757688e-12
9.681336629561803520e+00
5.805492187185644493e-12
1.112279873446731788e-07
2.673572895126274393e-11
4.876464412439493537e-15
3.528209791455557185e-05
4.005348948902990491e-10
1.262337211131843266e-02
1.530845446550483302e-03
2.159748932522982116e-14
8.704089157121073228e-01
5.148979820426847664e-07
3.383740280924963672e-18
4.639947241188886462e-01
1.200854707401652039e-19
1.211394367797305942e-17
1.992973379851606663e-01
8.462059899695999199e-03
1.064053326663966931e-01
2.201217480537166438e+01
1.296930528174876363e-02
3.348899405021395268e-18
6.278664431882642803e-09
3.918486948071063871e-07
5.181592235693963102e-21
2.035216832338429177e-17
6.593818775025392809e-04
5.134473164823263284e-07
8.418105037456821367e-08
4.431736028923120689e-11
1.397775450965113686e+00
1.576801133466170269e-14
3.242399842947215060e-07
4.754064583742110655e-09
9.264709446536298909e-01
1.279134625412645197e-04
2.317040448395864026e-10
1.595856133456035780e-13
4.884780503458439943e-14
9.186807541299113277e-17
1.923716574577857703e-18
5.211095102154289144e-10
1.749913475376430787e-03
2.794851919274726997e-10
9.357283320999470419e-09
4.777954727021753165e-13
4.939825956070951116e-11
1.233581530568305016e-10
4.044953678736569469e-02
5.999114114772716277e+01
7.098752042595293452e-03
1.344389140816325864e-04
3.170602301150423202e-12
1.144766440710704363e-05
2.578874617772628497e+00
1.393611879639268802e-01
7.162804558296291361e+03
1.004629116667926603e+01
1.138931749755481745e-09
1.843592994531674102e-13
1.157850208551986643e-03
3.842189597242099493e-14
3.645998889723727387e+01
4.931528112600073399e+00
1.961023170749599115e-02
1.547249252418019389e-15
1.973068227212941342e-14
1.011668820698716720e-19
5.406163906072894321e+01
1.316417608307725360e-13
8.967305492467576720e-17
1.809830290839635556e-16
6.626098857522033825e+01
1.321043709661610092e-18
6.276966821373735277e-11
1.602658065602250816e-08
3.020508406250560102e-07
4.926916388740687903e-06
2.523238267463974203e-07
7.425756399926199776e-13
1.643178229470754363e-18
5.703347164702229991e-11
1.284554663875734209e-16
3.105508961838322679e-08
4.895873948726301490e-10
6.754987078180995429e-11
9.171725597425691490e+00
1.998852813746130849e-14
3.411632890599188386e+02
2.722910596672004719e-06
2.664793307410721889e-06
1.301320370940880106e-14
7.857180592014584757e-14
1.202595543331007976e-12
9.481261874924364888e-04
4.065354274396390592e-05
1.091707283056935301e-12
4.121393787633874636e-15
1.739988323225312770e-19
3.435143234736735829e-02
3.376485722447502833e-16
5.823433429583011129e-04
1.483636203555053370e-05
4.965655992762316168e-19
1.121788607809456053e-05
2.674463587016127424e-07
1.194342507026343599e-07
2.945727826265477135e-04
5.775139799489057395e-14
4.520537403919089287e-09
2.761491424201544723e-12
1.389886026119882463e-08
1.492670123353619989e-12
6.626405526578746169e-12
2.254649316510747463e-06
1.184841144194524674e+02
5.649624087294865760e+00
4.669047543318512964e-04
6.257626727886972235e-09
3.223268301974181977e-08
3.296358171978607438e-10
3.266585292666740470e-03
2.966534910388428425e+00
4.376752128248557004e-07
9.305799753431518440e+00
2.993639563486401922e+00
3.794432773993548835e+00
5.725897423470927603e-14
1.670474552675318691e-01
3.238852387277181471e-07
5.496102217052946325e-12
5.728099772891979554e-13
2.382157624438779969e-16
1.091880328157767787e-10
2.743874483787023687e-13
9.150304195932895013e+00
1.054982817387015942e-10
1.025779541827878047e-18
5.438899791453878488e-17
3.145463861584102953e-05
4.771449496984146282e-12
1.080757980798513262e+00
9.963715548648588313e-16
1.944008340252742842e-02
1.748699642848127265e-20
1.781631865358333311e-10
1.103200628345071932e+00
1.800890645233876635e-06
5.542392896373800424e-04
7.241305118939962793e-07
5.529960702279699909e-11
7.525857558020797589e-01
1.503266389980408313e+01
7.606921677662724325e-04
7.350266601738833466e-18
9.890126230759946568e-07
6.207325889724115349e-18
1.903993248918027126e+00
7.616772941857965920e-05
9.380677844796163345e-02
1.571675535040981742e-11
4.316195081295973694e-09
8.746831777396363305e-02
1.102396376118082912e-08
5.704138893931744256e-04
7.229930994571776857e-16
7.676272179158675629e-10
4.784633579833212913e-01
1.950114753506986887e+01
3.741452069789645563e-02
3.448825978755965998e-13
1.881320982648129606e-04
2.142381707948374704e-09
1.693485818846861626e-02
4.893932365671454932e+01
5.243495849965807473e-18
2.756040302063924355e-16
5.524017548584201341e-14
1.652993588701647767e-15
4.664455647598695184e-19
5.215753427984736237e-09
2.339954382260058289e-05
6.339495703518084750e-08
6.224224208675665890e-07
2.464482457946989058e+00
1.706185308486823579e-02
1.049560850569625919e-01
1.128598682073931973e-12
1.062233647410957907e-16
2.259881568611996146e-15
8.498151019759012194e-12
4.852312779064965773e-08
4.261284853373565924e-13
2.489619829960471105e-10
2.345615958861337930e-11
4.265093454710769549e+01
3.355609543797364543e-18
1.218328672620834246e-12
1.407472200319054443e-18
9.715532724982648534e-08
1.270677681217771043e-14
3.924261536185860359e-10
1.035631959228201769e-06
9.691093014470246849e-04
7.304349597073560487e-06
1.469935041010709398e+01
4.200099658056444252e-02
1.355832270158888902e-13
1.040005296236197271e-07
1.133475664292722283e-03
6.971534102190702373e-11
1.572553428075232014e-06
6.790301178629887084e-11
2.285976531655990407e-05
2.536179706935580480e+00
7.527521508826941769e-07
7.362634064993195480e-17
5.912490064691195535e+00
4.853537235663393516e-07
7.541866741319462769e-09
1.434588084721120926e-01
1.003097913331719654e-19
4.077486988267031989e-10
4.023031413583538022e-12
1.050512966769393160e-02
2.447460120445840235e-15
6.458828121344863116e-02
4.263362733954788396e-12
2.983670843320707089e+00
8.223616682369494065e-06
9.464640786880587214e-18
4.417087549023416130e-19
1.186575651780463452e-08
8.070666000658193654e-19
6.602691534750316235e-04
2.268285768528357528e-04
1.024150636370484233e-03
1.402919545205222329e+00
1.601048639451262655e-03
4.598759130516622690e-04
1.590824544007846380e-04
7.609796764880814024e-01
3.340270345124717011e+01
6.265556751814262137e-02
1.831032695464304971e-01
6.183128754252436352e-20
4.331955892069168924e-22
9.037206606023592315e+01
3.872869164016800707e-17
3.166041423855233728e-08
9.145187189824357904e-08
1.719272130827152864e-05
3.086300979970943957e-03
5.565267858113305234e-15
1.966397289785519230e-15
5.160616572462050076e-07
2.342983853660776339e-16
1.022745635090096040e-08
7.418065847354603288e-15
3.502160761786297972e-16
1.025706119861888072e-16
6.380671889924076830e-17
6.126004021974180980e-02
2.647165835543853398e-13
2.998091873510524238e+03
1.973689614266173939e-04
3.874070933234555980e+01
2.945202240671705786e-05
1.004848477708323772e-09
1.340047580279123407e+00
2.527859720687679782e-14
4.356059880313483908e-09
2.408687177436097948e-01
1.426997796973625151e-13
2.121677353756853290e-13
1.592157814276222681e-07
8.280207956731359786e+00
1.041876642925442659e-02
8.352340472308426224e-11
1.731708295322907484e-07
9.588356306020097894e-10
1.747137058461979497e-20
4.056197270269546987e-18
5.245223128842282951e-12
2.529704097641459784e-07
2.124833755889094661e-04
6.654020415027083087e-03
4.798796025954130937e-15
1.217655905012744088e-17
2.553490142404766492e-09
6.939102175106754738e-18
4.652266052174099387e-01
4.154248229952387230e-06
5.805411818091745764e-07
1.146272308455061235e-03
6.454286890639415010e-10
1.895330003315144727e-17
6.702532160193836611e-15
7.327917906612842671e+02
8.710987445154041779e+02
4.917391724393988872e-14
1.154537533254784533e-12
1.159032755844797898e-17
5.460578700049617172e-07
1.473276199896499867e-18
5.950073483722756231e-09
1.014105388931265929e-13
2.579206721361779884e-07
5.888909367567845698e-14
2.472845037222226438e+03
3.848445538666948273e+00
2.648066134103465365e-07
1.125944117949748624e-07
4.301056713043595022e-04
7.950056881214573323e-01
7.933580359525661541e-01
1.680926469911078737e-15
2.069875597364799927e-17
8.534972673480933025e+00
9.824912496269792087e-14
7.591687270745184435e+01
9.982138315940367193e+02
8.331404108498604273e-11
4.327126111919684472e-12
3.966152471216345816e-11
7.546718819501103268e-09
8.958257055669300896e-07
2.778562203440278544e-10
1.176777745414558884e-19
3.262708362133825285e-02
1.408012617008935840e-13
6.421004302644393608e-05
1.604958952040873896e+02
2.154271480919591559e-05
1.461439361388986179e-17
2.349476366076306230e-19
3.067137167947621049e-12
6.446734585452987143e-14
7.157843606461133405e-18
1.002657433063489697e-03
1.411063120074856272e+02
3.408666343457583944e-12
6.957142433915332447e+01
4.531974612785179615e-03
7.813360392591149894e-01
5.379921658608229551e-04
7.661627498084785218e-11
3.281886865233261188e-13
1.804299210200202769e-04
9.608323033957812929e-17
1.753136341353441878e+02
3.660639431595297992e+02
4.726242066175517418e-18
9.842171718075801636e-18
1.443965389308870242e-12
1.977955110866237654e+00
1.382172905465513106e-07
5.589163075754776527e-02
2.089211964318311061e+02
1.260906180203024112e-15
4.943640436675090677e-14
3.961294721463896606e-01
1.375956944514842054e-04
1.202837387374937015e-19
1.378930803478436371e-07
4.441159804772840669e-01
1.469436530586780088e-15
4.007389842346045958e-12
2.057213716536368416e-14
4.341333359244272522e-03
9.597879900673625373e-06
3.139238295247480143e-04
5.381058839933734816e+03
1.757899763016929262e-08
9.216474436556560956e-01
1.505168988152780161e-12
5.602922703043468527e-14
1.738265235516804695e-12
1.717654075526590224e-10
2.923639959955660395e+00
2.476524303918184339e-10
1.773753438930075781e-05
2.679005719210799489e-07
1.238216464156937911e-06
3.977801848020913568e-11
5.226175202041852957e-02
1.015555057692724667e-16
1.943995326019623771e-07
1.173946523483924341e-09
6.643857910949647894e-02
1.532301399059093239e+00
7.358434165493305295e-19
2.207960835249155596e-01
1.956979919654089096e-05
3.510356981857179266e-08
5.622011716426222765e-11
7.825758312210705796e-20
3.325126310035294076e-12
9.322670387406060918e-11
5.411867836316695521e-12
1.923617721042198032e-03
3.428005155145277816e-01
1.043868452493676359e-04
7.062909630316437086e-10
4.540247981823671009e-02
3.684485498936861895e-19
2.954973009812703873e-06
3.904247960693017756e-09
8.133004763353644841e-12
2.059684406517991835e-14
3.472864104656911890e-12
3.509542672259152252e-05
3.388211955632433111e-14
3.611066650478944595e-01
2.758187597470158209e-02
4.579258548046249544e+00
4.571746921233954585e-04
8.372115022217445563e-05
1.037042911775860885e-14
3.919354435071673816e-18
5.933486542293702506e-13
6.433761843969701335e-05
1.778255430186865694e-08
7.477120617347425268e-17
2.412357313764985031e-13
4.781939461950140369e-06
2.859332331401426720e-03
1.092468982123756505e-15
3.108380708983234817e-17
5.790558543829425833e-07
3.198138319524896908e-19
2.353843456000964166e-18
4.799304961464511200e-15
1.719800679951462241e+00
5.606440912170516100e-01
3.326582424161242282e-04
2.105089630733839101e+01
2.871136894090702631e-15
8.672813313830565133e-05
1.394186768687924439e-13
7.579815424554509998e-06
7.352944687601310693e-09
7.333439316362115835e-18
9.272773291773137492e-08
3.521526012135759630e-17
1.914491285592045716e-05
1.344530816526786188e+00
5.324008237945538111e-06
5.248913202376940035e+01
6.525151131110777067e-08
1.843883995321456484e-02
4.010911314717955335e-14
6.833215127833559302e-11
2.818518194418137729e-12
6.540936806722090751e+02
1.772598728755265013e-09
2.154313085574232679e-11
6.315240335853446113e-15
4.988999089521050090e-01
1.096437069971734501e-13
1.172876754705284964e-09
6.078067054726007619e-15
1.600050051408395679e-01
9.190461810675739830e-14
2.412367632039405627e-05
3.095507104131344730e-13
5.589080604688919429e+00
7.476830917254763165e+01
1.159569333815638537e+01
2.306966188227166026e-18
2.895350738876310042e-05
5.287334476836675484e-03
2.619819760981991097e-15
1.032259729528814546e-05
1.974559873369332801e-19
4.036392925397873898e-06
4.573498815233002479e-09
1.131265094237050246e-11
6.856255634090778352e-12
5.539799863435667414e-10
5.588742646418058137e-05
2.827084100166553712e-16
2.366336994501373634e-18
4.165396789759576990e+01
3.742300842050072074e+00
1.344598894053523239e-07
7.071904452219472648e-05
7.128655334430234296e-06
4.323361148392716041e-03
3.153510318092258391e-11
1.108948907721957339e-14
1.731689811877354090e-12
1.450138432286055301e-14
6.771385772333269914e-06
2.768078832515836325e+02
8.135291523173755757e-02
8.490218728328666653e-19
3.060870082849047248e-17
9.999349736795223036e-07
2.703937008347016061e-08
2.536973536974280845e-17
3.213454477643511680e-13
1.631445204027487036e-02
1.258873556758880596e+01
6.180366341843446065e+01
9.579613495705231685e+00
7.579709873550024835e-13
2.299145196008255425e+03
3.128773862262586405e-14
5.784498011505475290e+01
2.867805044589460127e-11
8.359201807623488634e+00
1.018686127526520862e-05
1.868186003361691605e-19
4.055021591319131036e-14
7.479832157161013791e-19
7.295606485374601638e-08
1.382207057536647678e-13
1.202459862923708181e-16
1.049252317414915092e+00
1.522036340663477996e-07
2.449480155620593902e-01
5.267884806698488014e-09
1.024592255590722035e-17
3.276117817492684396e-08
2.742285038320120128e-09
1.585710260951844318e-18
3.936820506342803618e-15
3.596890499028203660e-12
1.800795948790378276e+01
3.865170280511130013e-02
1.729528083052266073e-08
1.224351887490825700e-18
2.860489108141509441e-04
6.784790539275516902e-16
4.135830720398320389e-17
1.097358333387038615e-01
8.714529759934341296e-12
1.354822743126443530e-14
4.937187298712337821e-09
8.060559873966664573e-04
2.717701453167213892e-08
1.476280397128749881e-08
7.806264975305890335e-16
2.031561944268114060e-17
1.113250843108285996e-07
2.788219544770828889e-07
2.106134194111619666e-06
6.454710263267711073e-17
1.927953991938420259e-06
7.699604948068957476e-07
5.689041790233738849e-10
2.393047648642391625e-18
9.398738807446640300e-09
2.748291372031577019e-06
2.949992091862268452e-05
2.447641253109434856e-19
2.525981440613537357e-07
2.273808920290774185e-08
1.688423985299362376e-03
3.832161874600486782e-13
2.445350906695808124e+00
1.059528361915557486e-13
6.288525320671419649e+01
5.355859094149268480e-07
1.895720562263573186e+02
2.223839746135909578e-12
9.170675800133204949e-09
1.370883211344472322e-14
4.260930034067684651e-14
3.174571581158830476e-13
1.108745835733001843e-19
5.453525292697145086e-13
1.845305209841101649e-02
6.401159957559734323e-07
2.509332981570525614e-21
7.263045768944161040e-02
3.338547940752348720e-03
2.587819351052153327e-18
9.597893510044840315e-12
7.295920661995571044e-02
2.042689661769636267e-05
6.998946811914501486e-13
9.712695292776860139e-07
5.905838554290147263e-16
7.789127936179570354e-05
1.253518989975106399e-16
1.216592713373836980e-09
1.459385800270203617e+03
4.956824121265918787e-02
3.653895180447228904e-06
4.739824265622341670e+01
1.105759759649000688e-13
6.537419156209278666e-12
5.513179528772462065e-10
8.628359696193555528e-16
7.790329440711454145e-06
1.635576577086796937e-05
3.710477279976871046e+01
1.251560261958539235e-07
2.495192687189215321e-05
1.706180526831418641e-15
4.889190183305800463e-01
5.719630938035478550e-08
1.010567676104520250e-09
7.282001056687764162e+01
9.995927605171027464e-02
2.495648571584425251e-16
1.098595584743922740e-13
5.863798144121205884e-06
2.446737743270499710e-09
6.697784186576239243e-08
5.855617574674455174e-15
1.627748521698138884e+00
5.837921209591421245e+01
1.808419258669301784e-19
2.676778111608696685e-12
3.384418228103628948e-10
9.575795585134692901e-20
9.491693829961211915e-01
6.108947990311034962e-13
5.825037775222115357e-11
6.868409506366731120e-09
1.663670640856900781e-20
6.632044046369535428e-02
5.717737626631218820e-11
9.887897232395423397e-02
1.337815299339349121e-19
4.777682672752397303e-03
2.478541711902150269e+01
9.340364006049367794e-14
1.211721135593523823e-09
6.071322710763615756e-18
2.121010542733519355e-01
1.433520456834630268e-07
9.619074205448970860e-10
7.643840672663070990e+00
1.233662881901788406e-18
6.532805284087032268e-06
6.205365117858114843e-01
4.730802095676687148e-15
3.057859790190457915e-14
2.881976123938137491e+01
5.557846492374023166e-11
2.268057689573069761e-11
7.321426284496924259e-19
4.407650935960071535e-03
1.536215890794229563e+04
1.205479935108522041e-10
1.142781950285037235e-16
4.547373344141602255e-19
3.344464274313722137e-04
8.867961177994067095e-09
5.043701357821745249e-15
3.752721317143785341e-07
1.559663955340839470e-10
6.788716542484656487e-15
1.007528313406469514e-11
3.057913504302944247e-16
1.359555261736083986e-01
5.315365176982959647e-14
2.336235410245615083e-06
3.522234619599993266e+01
2.142279444285319507e-15
3.086204845008449319e-18
1.267037563493286129e-05
8.142901552305407856e-14
2.317559806001084512e-07
9.959571428041218940e-13
1.323830944433866696e-17
2.072588104374763412e-20
2.747987276504637253e-08
3.142985261782347605e-06
2.695312654028611666e-08
1.122401398054819859e-10
6.049242456844383949e-07
2.620958099407356317e-04
1.003616197594307987e-14
1.129505846869488249e-12
2.012567093966268188e-03
1.777845052759364676e-14
9.058896246417141704e-15
2.959113645939059380e-03
1.045999438636873736e-15
3.527910866866521818e-12
1.110365018144353859e-15
3.356049980182727183e-02
3.055751809098678448e-14
1.944791110848418381e+00
2.090926676140395296e-07
1.170886669162025590e-15
1.037064924983098779e-12
3.821374137676071891e-08
2.055063293226521076e-09
5.351523485527305702e-11
5.399184822359688241e+01
2.675209180215438933e-03
2.346146881410771692e-13
2.323832014450086933e-13
1.518529619671715356e-13
1.741498011365744197e-15
1.000927404354827298e-15
3.338414812825369997e-03
8.472763482022924815e-18
1.186650421066130362e-01
6.659373409279642368e-18
1.601703422740605484e-14
9.357507322835367791e-01
7.041155395439580827e-20
1.640706573706944482e+02
2.700336052385671759e-01
6.692008671313796329e-08
2.344482427401941322e+02
7.976656423432466544e-03
3.447626685641924085e-07
2.291476502272361770e+00
8.571460456996351710e-11
3.775739826445769722e+02
1.546276738560763836e-02
1.690546733555623252e-02
2.335307776608474092e-10
1.484099715791413246e+03
4.720335974028063037e-07
2.961220665310654059e-12
6.874616793918667160e-18
5.594829606112444990e-11
2.517957478173068511e-08
2.820823148163517781e-18
4.642098941850184533e-03
7.366421248736500489e-15
3.436947277554810586e-12
4.898446159652538654e+02
4.506913183361324893e-08
2.147260879040724577e-16
2.924051314514685218e-05
3.881809280490047487e-15
9.970598159870780915e-17
6.167226922097901614e-11
1.582141949201678302e-10
1.062039242143747897e-04
8.315490828617834272e-08
1.697562174724202860e-05
3.323289317683023717e-08
2.584800618599768507e-01
3.454235673107511594e-10
4.000405701209206200e+02
1.159439397557629516e-15
1.288605670522854718e-10
1.179962011246728682e-07
5.533883591919669386e-08
1.378249100193715668e-15
5.945142616016037563e-12
3.088789040168824158e+02
4.111064110097928137e-05
1.015053532487435888e-16
1.926590470592239778e-07
3.832444920929857935e-03
2.485650185421494177e-14
4.191748328238444564e-17
6.761165205665663511e-17
5.690534866460167216e-11
1.225558594695903594e+03
2.803906705715887290e-06
1.333611875296579925e-13
6.182656225264867578e-01
1.393824514807115533e-16
6.381514486723457240e-18
1.722432996768494219e-03
3.254126995847731450e+03
5.175851853799267502e-06
1.799401473994110753e-02
6.441807768916115910e+07
6.746291392415083425e-15
5.991081133858871573e-18
1.944469401142069967e-03
3.023009819579371536e-09
1.150942774947079439e-14
6.221315946934762940e-18
1.005543021862902486e-12
4.970727297431031715e-04
9.556224442051595523e-10
2.569362378002565038e-08
1.726419149790815350e-16
1.475130751316904254e-18
8.485459492979679288e-18
3.469646061042025542e-18
1.748187449655557628e-18
1.114419812425512829e-13
1.964927965402878410e-09
1.002303730910621973e-08
2.588388064334582495e-18
1.152162771341681281e-16
1.565930067742511949e-14
3.295274829962231215e-06
7.842192053540547863e-04
6.940670519092147379e-09
3.292789320848704416e-05
3.028054563074935767e-16
2.370683090656108938e+00
2.398038205054625995e-15
1.417525500980501550e-16
3.811426978842525834e-03
6.366427067276565284e-08
1.295681961256564020e-02
1.929225097485568226e-10
5.800013640312323883e-14
8.272782618374346312e-04
1.257755337338880592e-10
1.447331451088213399e-07
3.984941429567744666e-05
3.652662674864096323e-11
6.636356806330526700e-12
2.215932561669777648e-14
2.260263478169261876e-04
2.349452388748539296e-14
2.986203402484584196e-19
1.449860457888130037e-06
1.201427383103960127e-06
4.592575484445551510e-09
1.105245980249056285e-20
7.799328878461750263e-12
2.491489075576271204e-04
3.549864950259758699e-03
1.204345990012584733e-08
2.346292362108042863e-04
4.612716854253633425e-01
4.213695611004545583e-11
4.881216129501363676e-14
1.566987482478411866e-10
2.111618583079212079e-17
1.712203548803606798e-18
3.195510998413949110e-14
6.166398324563070286e-05
1.995067953870627943e-15
9.272558922480342858e+00
1.141734282826491937e-08
3.823577754966868739e-15
3.644742989997868095e-15
4.702849504231940259e+00
9.246620685301868113e-16
6.596032718992912578e+02
3.983591876523646658e-01
1.236527608712882847e-10
4.262059982145041410e-04
2.026806437777153587e-05
8.768381537088521937e-21
3.915536198883277311e-04
9.527416736055230146e-20
3.397940434815168581e-03
5.976845603219653469e-02
1.186161123442834021e-12
2.619146976707074741e-03
2.375358556391395567e-07
1.041900104308954512e-06
7.179337798386425940e-02
1.004052696320857070e-09
1.810026894743068754e-19
7.378289554580248695e-11
2.517301960315708593e-06
4.183010853445907071e-04
1.259648258563975665e-01
1.283308005909656602e-01
3.102710290783762037e+00
5.764495276072417505e-15
2.731360194022301049e-13
6.845334657891480325e-06
2.732119447769290957e-02
2.398909815574532721e-16
1.026948756104034910e+00
3.120858184769722787e-11
5.803259781128180959e-07
9.911522055820132948e+01
3.844053706719206951e-14
2.015270311267596329e-02
1.387074264399742040e-08
2.360687608902413692e-01
1.555343864622841686e-03
1.704102893738159355e-11
8.259638971089383207e-10
1.719377903696747368e-19
1.796861859166571051e-14
4.136268742918055110e-04
3.867745621424662977e-06
6.406048230578261058e-18
3.007271270687240853e-11
2.204672580739421620e-18
9.367497112884420581e-04
1.112788021682017181e+01
2.109642761256066534e-15
3.028317416698242444e-17
9.781886901347042889e-13
5.986467904178229097e-05
7.804522788460378312e-09
1.702182350597187796e-11
4.503316943047828534e-15
3.673760087677122024e-17
1.500329818908005660e-12
2.251727219069502350e+00
3.389524868047199988e-16
4.193792178613642211e-07
3.845244596085841001e-20
5.560613348038557313e-20
1.986788770116689265e-02
7.667756507736398462e-03
2.063099806277087820e-05
1.072752037892438920e-01
3.372527322117767401e+00
2.278962393236241356e-13
1.147518570694379747e+01
4.127025096591486710e-19
3.517953640712138258e-12
6.224620832259461167e+00
5.380039280979616873e-20
1.066741418474499739e+02
5.504812140132310291e-14
5.237092433117232382e+00
6.186424380295287762e+01
3.335232396922283779e-12
7.675012350255201064e-11
2.440429002518644214e-15
6.401880111219604377e-08
1.140643316355140927e-11
1.370785374355978571e-16
1.297962750728552394e-06
4.699353984776744965e-10
1.295586731759792022e-04
1.548566260584513000e-02
7.215075834501187557e-02
1.276964600987758480e-18
6.076179898475935205e-16
6.162420971227393376e-14
8.380213252419720175e-10
2.597337559641292686e-11
1.428599306679029886e-10
2.674710693433106740e-13
2.268743466630624765e-19
3.892768488937135701e-17
3.987240160580091697e+02
1.459420292322702567e-04
3.917122887226126022e-14
4.113798453562860229e-04
5.954141000146614309e-04
6.509587032155486825e-05
2.297220156501881494e+00
3.647133193120924771e-19
7.132631400002508676e-13
1.142646046056512363e-02
7.909724249932591535e-17
2.919448227628843925e-15
1.892566085945546206e-02
3.481272268568326283e-13
6.629466903005344483e-15
2.493834049252902595e-05
3.761308198245304251e-15
4.870766569205518988e-03
3.625794085555234574e+02
3.198540875535054299e-06
1.208800192719990940e-09
6.513323424463804932e-03
8.007059210160488874e+03
1.893248998782601970e-04
6.319681002262444216e-19
4.098749622538166903e+01
5.206719492934226701e-03
5.698899505245721698e-06
7.598366953957538458e-03
1.287900944612901373e-05
2.656469878938263158e-06
7.182011921775546048e-10
1.548907476263275196e-09
5.700493222153887051e-19
4.511039959827810372e-07
1.711987497818552584e-02
4.688475571218220562e-14
1.669571999996910417e-17
1.295027559059963031e-16
1.252346351910606573e-02
2.067418662439201071e+01
7.740651589765924238e-15
2.833391775888622773e-15
5.225411438051391633e-01
1.269519818724107407e-09
7.275438719619120075e-09
1.040780078981645365e-15
3.941604913383046096e-11
4.510391690458118802e-06
1.864507630525203130e-01
3.821489997325504646e+02
5.236240332277692548e-19
5.941612323514767688e-03
5.201948731577284768e+00
1.013823456039660398e+00
2.136034251285103165e-03
9.680731343017751434e-10
1.364214890946002789e-01
2.988839581330699765e-12
1.075787299833290828e-01
8.860915034910953709e-06
6.464764663863722340e-17
2.769648275811132168e-03
1.423377161781044053e-13
2.196002883344658742e-11
2.326740964602050734e-05
2.158889544967533429e-14
5.454841385057582377e-04
7.830055943789206389e-07
6.789128854994039557e+02
4.335951575490067887e-18
1.178914498939240079e-14
2.753655993443777268e-10
1.125224511000676480e-06
3.992175461852149014e-16
2.127073820834196122e-15
4.091612528825770978e-01
9.957269335315911775e-10
5.887036975939002056e-18
2.359248424488775880e-19
2.317426428171987796e-01
4.589239184344353184e+00
8.808273679855873117e-16
2.171764392941984552e-10
7.135933897589024986e-15
3.738295343690331619e-14
3.914075699980287641e-03
3.373603987134762949e+00
4.725251585830314571e-01
1.939750058467551788e-02
4.258580366272352383e-03
2.084462193939695812e-05
2.673029480979152345e-12
1.196773887359072983e-08
1.208286393160145893e-07
1.418719793970387192e-03
3.022906005916611286e-16
3.963643182607474481e-03
1.045170354151524294e-11
2.560400812338124297e+02
1.376738841273660034e-16
9.064098038995967959e-08
1.016812850836846494e+01
7.750847001021902283e-10
1.027669430291554420e+01
2.948205509877978130e-03
5.510866884315868179e-05
1.483132818994279489e+02
1.864798910894785263e-05
2.036927015775778926e+01
3.152676382334408167e+00
1.014544476595071287e-17
3.015462701375415549e-17
1.970245565327675965e-14
6.191692247743236679e-09
2.984117435983182388e-03
8.066927810481328679e-06
2.522508329758919084e-03
2.336467184437820914e-08
1.512582162274497153e-09
1.128472801865382791e-01
3.902913357439839395e-09
4.684951091975505596e-17
1.017715942941717304e-16
8.822575620438877437e-14
2.084472844640071116e+02
1.338530197505853781e-09
2.581791149467647553e-16
1.510936293585767998e-12
1.267006213490868616e+00
2.011007115390634067e-11
2.679320610231777637e-14
5.676148545146425528e-02
2.333975157810076695e+01
1.836196199178133729e-17
1.101605865857290568e-15
3.286888592409291059e-09
3.360183684290776914e-07
4.906850523057579294e-02
1.358562662430993892e-11
1.017765876211141170e-04
3.398266635696237149e-14
2.082213561367547594e-10
8.174480746942160332e-06
6.564745353145008646e-17
3.664068090812992871e-17
5.177923429036996924e-17
3.367961501764666569e-10
5.522308748671367016e-07
4.223585609706671599e-10
4.597028481801544047e-05
5.646892730209299827e-15
1.893969379873321656e-06
5.902321955887557471e-07
1.447595435624667050e-12
2.043727363606718649e-08
1.260670662934176356e+01
1.242645694701830131e-09
6.121706627412359025e-04
1.266389584151327143e-13
9.800923444463158496e-20
1.596000403777915068e-05
9.454761746594025378e-10
6.399747949256191343e-07
1.096283516588302071e-08
2.175162794585271705e-11
1.054541672304120399e-06
5.454947688416904923e-11
1.180169492754836183e-09
6.441625149005405394e-10
6.814219776684132069e-06
2.503559921941955757e-04
1.874663796532253102e+01
1.066427623369729100e-03
2.161846987358145066e-08
2.038550410069979435e+01
1.018470635613292520e-02
2.205305859152606928e-19
9.705003750218821918e-19
2.330954071927414384e-02
1.005770118475169794e-03
3.278322201212531743e-08
8.729632703555483276e-19
3.043486913827262815e-12
1.287876485453590659e-15
6.105542538056315108e-17
4.923161344809491537e-15
2.796824942105597400e-01
3.482084700158349228e-02
2.963954830840730426e-08
8.462089162761794736e-02
3.752397351739226164e-20
2.229655121142526297e-15
1.055324092790768193e-13
1.726282538676873202e+01
1.513280970879654938e-13
1.860735500155815403e-01
9.184519087752564212e-18
1.044676506016196385e+02
5.841553697435782800e-10
2.973751267834112498e-13
6.036305929968335400e-10
1.965429084636615991e-07
3.246338710300815681e-13
4.225352789691899091e-01
1.581659871631145409e+00
4.473736951723596888e-07
1.174643223692851375e-18
6.524466598059115883e-08
7.022579627516442346e-07
1.069963021348540564e-10
1.837007931297513740e-08
4.197860931908131041e-06
1.183654916750822561e-11
3.203141843797807420e-15
2.530171990676783580e-16
2.039320856214757102e-02
4.696612307782875647e-14
4.585431891594338794e+01
3.324385768593128664e-17
2.914887869451930291e-17
1.554222475871035598e-05
1.125722895540897893e-06
6.042382579690222568e-17
3.802402543267983958e-04
4.719412049946354290e-08
1.106157965414307064e-03
3.961208684884821151e-16
1.614931790106657413e-15
7.714791295734359136e-15
5.495548524931580062e-08
2.082020202828208508e-16
3.306795343078147709e-02
9.822098187064082733e-20
3.074837347534222659e-09
3.201938621016492384e-07
6.752126515475588619e-12
3.838092514705655290e-10
6.557511584351348455e-02
2.180947205986934934e-08
2.043476431915136675e-05
2.423404992031054642e-17
6.733597183417646015e+00
8.603620709602258671e-21
1.244899269653981613e-18
1.143745677939057809e-10
3.161605475788449304e-01
6.961069772044797393e-11
1.331464186359338452e-08
1.486042384370889951e-10
2.027838170148123145e-03
2.192297920873752466e-13
1.199558347557413112e-15
6.214440229359995271e+01
8.138237531732538655e-09
4.065775148870431508e+02
1.299237146035386647e+00
4.579459448745113056e-18
1.079163815438611453e-07
4.036549825222374879e-15
1.092093756433071363e-09
4.368174568283565781e-15
2.641853548554275464e-17
1.140797882864742356e-18
3.142449099618431774e-01
1.908033860172427703e-04
6.235080073944749272e-17
1.874759667325116147e-02
3.055721367390572296e-12
4.812978760988141557e-16
4.422292831640817906e-02
5.675014348468907502e-19
8.901773599747813674e-08
3.709234371648358301e-08
6.014588368293133129e-19
6.192095231347119477e-02
2.193361178211848668e-14
2.180688993163239164e+00
3.628873182494409300e-15
5.375593132722332257e+02
1.143140427527268316e-03
1.105415828516351309e-13
1.033010081783480166e-02
3.198856746423258617e-14
9.643007405659169326e-14
1.216016353278726062e-12
6.641933429963285673e-02
2.142136613727821808e-11
2.916525345835552645e-05
2.562505769358927599e-02
1.978204993444999850e-18
1.334751830701359877e-13
3.745303686851398917e-01
3.801647401206791983e+02
2.910507397867633309e-02
3.453473188853051212e-02
2.325225019124039250e+01
2.413579317964739519e-08
5.548491401130003169e+02
7.427932540931797561e-12
1.380786553193018771e-15
1.242979557230105170e-04
9.629989605767368761e-18
8.950830263413282490e-11
1.079312485678349276e+02
1.987166835892599351e-16
2.242051433311271325e+00
3.579036678637478341e-14
1.998640362504197849e-14
1.983970311811867878e-13
4.253935296963604756e-02
1.416812435375532892e-16
1.709683213256886145e-02
1.104841870149665228e-04
2.605916922872025415e-14
7.613271782330620352e-02
6.360336428635067816e-20
2.484814763105745159e-15
1.078679913032868048e-12
4.081443769994954360e-13
1.106538445191295090e-07
2.344724251402636884e-10
2.886625993214499933e-05
7.386622991369022413e-20
8.705524065853860915e-12
1.695090489364196529e+01
4.056295749611592560e-01
3.511183003162594276e-19
8.666005917102785703e-04
6.716751368108038109e-05
2.105588743784544694e-10
9.307007778712471124e-18
1.721351661878107881e-08
2.839544658056110476e-20
9.268696188160885752e-09
2.758383668132182843e-19
5.194143629384987962e-10
1.854364753132805132e-10
2.806620657129051892e+02
4.563763539645397316e+01
9.374991724404612467e-06
5.924156079020230183e-14
5.069603306427208694e-04
2.755434694158648699e-05
8.773884615431016698e+01
4.989416655361089692e-02
4.205138732628434480e-11
3.086397909915768196e+03
1.458736196597448694e-10
1.209856445034490445e-04
1.206689973699694336e-02
1.304301068361200176e-08
3.893172703664614263e-10
8.037105045357619904e-13
2.374525271263519513e-09
2.291475074946865177e-08
1.334599973273445480e-13
5.382943724741372726e+00
4.807166100654267211e+02
4.663736729705238323e-04
8.613027044151569585e-11
2.622076528124992478e+00
2.591154360783964962e-12
8.777550778478520369e-18
2.925290266469357092e-03
1.939950672685135880e+00
2.994422170536518960e-06
7.539914411602765562e-13
6.509309469018173786e+02
1.452938107868311852e-08
6.426060880428492207e-12
3.101368444468171700e-14
2.876703947901635182e-15
6.546386626315682244e-01
1.273168717626263772e-11
1.754926824232671297e-12
1.017133967337141304e-03
6.351267642647144385e+00
4.216560638359417960e-12
3.108641653917436328e-10
1.928623787876677491e-14
4.975965162533919338e-13
7.699975137826233935e-06
3.660500964967808102e+01
2.288386383201266483e+02
3.781292131702906031e-08
8.566557009446344512e-05
2.640248397147902497e-14
3.059337609948219536e-09
4.613046826949646706e-06
5.540939471777278298e-14
1.136351173083060065e-02
1.079490586937268759e+01
8.873313678642428843e-05
1.487505373737458917e-15
1.788348255646480353e-19
7.323845388447806914e-02
1.784777574061043204e+00
2.895584504652478938e-10
6.048540411944504931e-14
1.727370740518864875e-11
3.930625546782706655e-11
8.333195300370907510e-05
5.005113100524669550e-09
1.213085412470556352e-16
4.751301968035476619e+01
8.893334962869259699e-10
6.134872099743767084e-11
5.376838626553447869e-08
4.024254148024779634e-20
9.459085963155845489e-01
3.244906514208021144e-14
1.612460457022909162e-07
3.131037947566107739e-10
2.063224639526851848e-08
5.623537704617950859e-05
1.405506596084391799e-17
3.484719704826546582e+00
3.176111895307398569e-02
4.860047520707598246e-18
2.168897877346798927e-06
4.141992493921559798e-02
1.409507743901014363e-10
1.043474625686269079e-02
1.458867253474145037e-07
1.594787524057647627e-08
8.526305691431179550e-10
2.885438885635909790e-09
3.092880172151217228e-14
9.709919697631173982e-06
4.230509764798676511e-06
1.838539280637090145e-19
3.021430961673698311e-07
1.083549045335651279e-04
8.841474363107992883e-05
3.791774483584622886e-10
2.815479924999752245e-07
8.695894960248069299e-19
9.607805265034406035e-08
3.430394276666185019e-05
5.323903542192491047e-03
6.125815822174091659e-17
7.998887743399898551e-14
1.249839465369043390e-16
3.338148275399108744e-01
6.566953998489423172e-11
4.702141585861522915e-15
2.182198492380842982e-18
2.122343388946157616e-18
5.984639070103929151e-06
5.890514258926316492e-04
3.158335617357572312e-20
2.949902266126038376e-05
3.820412251080229179e-12
2.334307603730615099e+01
1.069543535658135742e-03
6.088271511306986873e-07
3.479331757306034336e-08
9.981619313342557365e-03
3.483448649723339674e+00
5.272000805917967857e-18
6.045548081836476433e-12
3.249191669045725589e-10
1.631769468661287510e-17
7.682653469572101046e-03
5.462983389293981417e-19
2.659881115474274358e-16
1.574070504077835983e-14
3.990122068319221107e-13
1.012556304609903165e-11
1.841436891205921744e-01
2.221914581270124662e-03
1.157669366534634187e-19
1.233254698912471223e-07
7.990533472933449201e-17
7.615859061961395213e-03
1.135247729733628019e-07
4.113009741094706406e-01
8.095722002038654047e-17
1.248448058015499328e+03
7.710404647869233180e-14
5.633199274175045292e-08
3.727469944838326945e-09
7.093449176088398138e-03
1.599746872513774007e-14
1.408889523291206611e-11
2.637410285957095514e-08
1.011415379590789012e-17
5.944928095165525478e-02
1.102386849261115525e-09
2.660463621734007248e-06
9.182904059369068378e-19
9.889447143893264052e-04
1.646100871936797644e-11
5.985591705503735700e-17
8.479522641147688695e-13
1.773318705214278757e-02
9.166908419361837654e-07
3.383577486995420318e-19
1.192279265452291993e-13
1.233401819997102533e-10
1.648243711067169492e+00
8.135064871144772395e-14
4.172366638714427103e-03
2.433013679238314186e-01
1.215232507813120559e-19
4.822116403714797883e+00
4.624763276566365089e-13
1.596710101553657973e-10
1.220375972553916700e-11
1.285053941522469706e-06
5.524225668280356962e-11
1.020111460084646986e-19
7.608800739970881523e-18
1.082047791506392853e+00
9.960180103640998409e-05
6.753546334952249531e-08
1.410156501671975849e-08
8.206587755667524484e-12
4.527422041832623316e-19
4.474072460660638282e-07
1.930731772360869070e-07
1.616702986861215866e-11
5.760326283335756856e-15
8.970429914776160047e-13
1.314147629097310027e-20
1.219789639786317098e-14
1.270942395045524927e-07
6.381923277201534406e-02
3.544216574511206596e-12
2.625014263784610193e+02
1.210513123221910895e-04
6.384340391068511700e+00
8.578884279509851039e-13
1.734464260760514204e-19
8.021301267661449310e-08
2.211928206067556795e-18
3.481588829734924481e-08
4.539771209625135644e-13
5.161464070689658310e-11
8.747234703587385877e-15
1.327007953895232167e-16
6.760714351755787825e-03
2.251128266212997385e-09
4.606217599306848137e-11
8.145758489614993527e-05
2.615468915482060839e-07
2.207883977972731168e-12
4.622080637495585620e+01
4.874232651107401400e-16
9.110113049822050613e+00
3.868806054668275790e-02
2.031553523843175372e-07
4.739981265451324926e-14
5.143136465893168545e-14
2.257959394276188951e-11
1.527883159108015747e+11
3.874570073282992224e-07
1.333615202178396325e-19
6.654724828098760236e-04
1.295159645592725339e-10
9.138091990892475811e-08
2.463168618907606460e-07
7.054183542746858568e-15
8.518159785183062240e+02
4.345620987135327962e-01
3.439368946539933347e+01
1.742480537807966616e-18
3.447804471095581391e+01
5.155397444521210137e-06
2.739428063732922126e-16
2.586679553055810143e-12
1.791709077199946307e+02
4.377928130574939992e-10
3.596528562995992906e-08
1.373777055018338464e-13
2.535552726600298725e-13
7.410158594521159756e-03
5.745340534437108904e-01
1.268327210401184247e-11
1.836102696150036133e-06
5.876160053766483517e-03
3.120140333039076571e-15
4.269613774740020512e-09
7.920336043029867852e-06
4.627613758104224557e-13
2.137640557392515640e-12
2.064361600604056275e-16
1.382773384530403549e+00
8.662643763045531742e+00
1.247091011324187626e+01
6.917186309178017057e-09
1.937497895487354406e-10
6.532290494272896542e-01
2.523594398068509005e-13
2.136937746009881221e-06
3.093967465652223637e-09
3.229424735385912016e-10
5.256766248176544321e-09
8.321254874570378768e-02
1.788679292530014919e+01
1.382057223937394237e-20
5.991876683433443596e-01
1.168049120705517160e-11
3.693425248910053908e-05
2.356430823349976666e+00
4.523302028516171941e-02
1.266398969726985578e-08
2.951782206053747712e-19
2.639131651795057465e+01
2.834590316872414428e-16
6.120966709021840540e-19
2.168972354877497191e-10
2.712817106525757161e-07
9.783769866309994299e-14
6.240059629938287625e-05
1.274913655675713699e+03
6.426455696351773660e-21
1.657479002972590820e-01
2.262662854759296682e-02
2.531486834416930520e+01
1.705932624582564680e-11
1.242405425791446483e+01
8.859272894119360709e-17
5.786885990285162845e-02
2.879874510611912695e-17
3.513820569314988129e-04
6.984473392512487777e+00
2.028366321490151104e-03
5.880336286616926264e-18
1.033696348630160568e-21
5.763602886050182253e-14
3.091617652036848056e-18
1.307476424459433177e-19
4.344776595167529343e-02
5.019475411490289803e-07
2.579781676777553656e+01
8.435260017322976123e-10
5.657313136468507864e+00
1.365730997107981215e-10
1.872746395646754944e-05
2.001835938211217002e-07
9.053488159167096451e-16
1.706464355703243714e-18
2.201527661284830603e-18
8.542953415926826666e-03
3.721446517319787474e-19
4.631707967325459308e+00
7.014563141635980808e-14
5.483345409247493678e-04
1.412589714263264889e-14
1.448087319887874031e-03
1.756249261609018256e-10
1.871816163835040304e-18
4.218245257844598246e-12
2.855883212272839872e-20
5.877320875299217769e-04
3.607799261836199811e-01
9.858716537612904554e-15
1.717189646711729523e-02
1.543084847241299905e-15
4.234607560306636490e-07
3.009115412184213359e-18
3.069772071148443039e-16
1.555551744785105154e-06
1.171352325604707347e-10
4.923025641389124004e-05
2.940464018943639291e-01
2.112548881965172642e-05
1.321066157158758657e-02
2.419170849053537646e-17
2.014230310590948580e-08
7.020287995314093546e-14
3.279709811811616204e-06
5.010718892501270921e-02
1.947364757922035494e+02
6.215324645436228366e+02
2.352278522516657569e-07
1.116462794540869636e-07
6.020503487923508000e-06
1.223251448894475855e-14
2.923817806966317228e-18
2.676912908874524470e-15
5.407647832819041287e-05
3.448992717912312544e-01
6.986193735400539684e-19
1.666562252247412571e-12
1.548171289279256868e+01
4.901656094610281069e-12
2.341893113958599670e-01
2.396144721487688524e-08
1.384950708866394674e-15
1.256642204893066138e-09
3.091824655003602025e-14
1.319881358080632970e-19
1.284268640980094336e-04
3.611738111899374508e-18
1.790976266554445218e+01
2.221419267576329809e-10
1.511158545040627116e-18
2.247058256236159068e-02
1.700272658782953387e-03
2.450173931852364149e+02
3.852004095184110286e-04
9.596641412681800990e-07
5.481732774477521180e-15
1.389220719495116968e-17
1.236817071176042617e+02
4.137180114043211204e-16
3.153087619991533361e-13
2.499002009968644480e-02
1.072961428118555720e-07
7.126110557174231281e-20
3.182948450161140475e-01
1.201524589097915259e-18
1.167614646375309158e-03
6.768863383235484976e-02
2.133276984612696437e-12
5.032032123692963537e-09
2.198888656379549821e-14
1.110419963326185456e-19
3.910884828650694941e-12
7.289826444461801032e-05
1.296954329553222664e-12
1.482521261097166803e-21
3.351036502717569948e-02
1.038078604975841841e-11
3.153388231575515439e-15
2.158214249473025461e+02
1.549040482860843986e+04
3.850548617877575452e+03
1.681225396763634064e-05
1.803012292090898584e-09
1.387017225397942639e+03
1.240142614437751002e-19
2.187191423462911161e-14
1.778266557562632499e+02
1.877154002899802312e-09
1.546762984934048896e-19
2.251723267344923153e-12
1.387700114966760353e-04
5.403410892332444204e-01
7.357960456287529483e-02
5.371589709502003313e-11
9.393907820158035945e-11
6.343283551642738931e-13
1.425563297707861011e+03
1.439947575192739157e-04
1.757192778260266218e-07
6.641498293167090253e-13
1.421109421134223458e-03
4.626248010349665109e-16
3.858416389540662156e-02
1.477244259951884105e-10
7.480933941855565722e-20
7.847949721885969807e-17
3.873264457470262840e-15
1.990826168463409651e+00
1.038205085373821590e-05
4.211876582131966276e-14
1.704518060642288153e-08
5.233901419962044420e-05
2.283906059161807115e-14
1.399778119519753754e-13
4.129652956407909527e-06
6.199414728922402326e-17
5.376461274027032584e-10
8.308885236688527584e+03
6.411284336062489703e-09
1.035012293341859959e+03
3.109372141224723798e-15
7.649749596991506324e-09
8.102681310916080791e-11
2.253429776161053479e-06
3.100905236881783556e-14
2.020238922772461868e-18
3.189963641441036874e-16
3.019348473664596952e-03
9.886335137963005171e-03
7.180465478479668491e+02
3.851476420062056431e-10
1.330217647680319064e-10
6.696161295036298421e-14
3.584073206646326659e-18
1.309969017798493616e-11
2.438319630694946172e-02
5.506658191982532662e-11
6.947795335858776921e-16
1.518042426721883872e-02
5.898033533455598304e-11
7.010000066949008087e-05
3.092360345029238537e-14
1.221332253037477630e-04
6.324764648385972077e-01
1.183813921839391128e+02
1.493481468487136516e-03
6.977686769229287655e+00
2.585747883748966401e-14
4.396588561874880762e-09
1.138381209055226691e+03
3.635854307867149304e-04
7.397578154522923575e-20
2.075157738543938635e+01
5.643452005414373296e-06
3.809477792447210888e-17
9.530037591466391576e-18
1.545549618295413212e-10
3.516169953220143896e+01
2.916636982263719740e-14
1.617997929548927556e-03
2.428230274350538440e-02
2.585670555393448089e-16
5.626343008875972496e-01
7.897856743664644075e-01
1.275621876192011479e-09
1.747425777909769495e+00
5.629051459749795319e-11
9.900042996436337906e-12
2.634692019401526783e-16
2.248053691006005383e+00
1.911787972294275412e-11
2.817952323116462569e-20
1.208031754511738358e-08
3.302654942026900282e-13
3.915167274850165902e-15
8.219442912663476458e-04
3.153313666532548520e+00
3.572479288939305747e-02
7.115064411269722594e-16
1.402113843949356113e-16
3.752409978486542119e+00
2.472900489417442091e-08
8.631834250171040386e-17
7.031511302538327880e-08
5.484813649001613113e-15
3.978153158654853008e-19
3.221344714118146726e+02
6.781070267550574730e-03
1.031665720436504412e-06
3.157231890339971612e-08
6.750814060494876756e+00
4.003381257138898697e+00
4.502333149378229795e-06
2.303185149363089618e-06
1.608001582416897851e-15
2.369087258951088478e-17
4.078171386114570057e-02
1.940031234503693490e-17
1.424034108116645439e+04
1.492398730437804674e-03
1.055762301042028284e+01
2.004810046258822741e-15
2.740272050992896406e-04
1.682685320807495427e-11
4.671441506408948730e-01
1.184778503119289306e-10
5.479692600432512463e-06
4.182515307608015092e-19
4.649232650251561694e+01
1.185640159080053396e-20
4.824347341828818923e-10
4.793799207031327660e-08
1.673955767755820072e-11
1.651657827451958704e-14
2.920158349706382714e-06
8.598431687192675179e-19
8.031276646985537732e-13
2.464465930248730846e-17
1.628080491760999449e+00
9.087376729982374951e-19
8.952680383157708905e-08
5.446297492159276645e-12
3.171303436756001309e-08
2.047139752025819125e-03
4.799067488956799110e+01
8.217884397018824887e-04
3.168807802958254877e-11
5.943838260583733188e-17
3.669724676245813265e-15
2.220293871892566561e-09
3.521706141874339467e-11
5.522515809152093741e-14
8.111806986470889397e-13
1.908966915902350464e-17
2.782352092011688910e-18
4.997727897917343398e+02
1.094753896284418446e-13
4.882667349482379404e-02
2.780534479879198338e-11
2.592380353192730240e+02
3.611523626225756406e-17
6.408349310817728153e-12
1.847033969194339625e-04
2.724447640831665582e-07
4.304090474546327829e-08
9.089449144677884673e-01
2.431913279586812802e-09
2.447326158063984552e-18
1.127250516425980068e-14
2.308447648657084240e-18
4.529929140336205090e-13
2.504679875182382614e-09
3.421966318025126659e-04
4.383386486393933624e-11
3.004022190542220561e-17
2.032602780506192239e-11
2.205456236952870432e-05
7.365528115126015098e-17
6.597399524193861033e-15
4.510405463737374773e-05
6.777175604909037733e-12
3.840575935325282655e-03
1.575451292556560100e-15
9.844918264395240325e-11
1.047421463067692905e-10
7.811141479021771144e-06
2.637663938194167480e-03
6.671595724837161101e-09
7.288753829187239331e-17
2.464567292875829335e-16
1.231011260068657591e-14
7.885829121789498049e-07
3.546225569003049645e-09
2.780265288144760304e-09
1.613415398674161578e-13
6.043388089884694378e-08
3.878147566409247702e+03
1.045292672248094071e-05
2.025548211243032341e-11
1.247784458257075464e-08
6.091861248523289109e-14
2.335729650562582138e-01
5.335786541476632876e-13
2.841946173153204216e-10
6.228518749202223426e-03
4.443922656645704417e-15
1.825023342806932143e-14
1.326881972813108873e-10
3.016192267132078823e-19
1.474184019637338668e-07
1.069338761254198783e-10
5.191519161451240052e+02
1.340303211415210798e-11
9.434809361891057353e-20
1.462518778467650475e-11
6.541221018505122622e-03
6.506817168994428968e+00
1.906194457212497809e+03
1.561200283888831031e+00
2.840412942799265379e-05
2.685932978375051946e-15
4.181478945530832532e-05
6.135462646850940163e-04
2.579256909304116982e-02
2.854470421446440264e-07
1.251096302133300362e-10
5.396047039112639093e-15
1.605569561641621013e+00
5.113556951019039086e-08
9.363788578935934481e+01
9.379415800294119558e-06
3.191366004236258864e-04
3.588994234051056966e-14
7.876209968722609974e-07
4.058030707434371038e+02
5.516403588253130207e-07
2.182369269790605804e-01
1.048927951348748626e-17
7.952944963660481842e-06
1.385973876821507689e-01
1.269733499755501649e+00
1.218184940661215165e+02
8.393837954895258222e-08
4.273858217885099231e-01
1.036094540184339357e-08
2.655987686849888393e-10
1.264679201854141777e-08
5.311458699369060278e-20
2.487108748892685739e+01
1.154377742937769081e-04
2.344020654006316838e-16
1.279252678850804159e+01
6.366136542773144930e-12
2.683781653571957191e-10
5.399839157673445202e-07
4.340468602643482961e-17
1.974201300861719797e-06
2.846780962195493127e-08
1.995176348267009239e-19
2.602846077899155727e-15
1.185206177839861069e-01
1.448902746203601050e-13
3.782707722960844343e+00
4.359766955640589700e-13
7.458910204510284248e-02
3.491810479721669109e-11
2.063295046092890501e-03
1.509134172171909341e-08
4.783860344867232328e+01
1.206780191810923573e-02
3.356278688519642153e-05
2.365517874473644679e-04
1.660850151576628638e-10
2.293704462784725180e-04
7.929845136445786584e-13
9.390584237749485952e-17
2.087351936221559261e-05
1.304374695079639080e-10
2.106074384371959781e-07
9.396446697218715371e+01
3.473139144892142208e-03
4.289054125485526614e-02
1.973038226126560557e-15
6.045313476068080405e+01
4.675564361843736805e+00
1.994948624210629418e-19
3.625065424551129927e-20
3.870906770247789074e-03
8.834120566970573802e-12
8.047231518678925994e-20
3.355507379754735343e-12
5.946369065378547425e-05
2.519015595530849969e-11
4.133192212297065286e-03
5.452582901621714369e-07
3.171481248771951668e-17
4.969721773611569011e-17
5.347472207746707700e-05
4.631578060730913283e-07
6.179176713539510502e+02
2.985004663067638083e-11
4.601787041790791606e-17
6.878418768189825021e-15
2.469220439852651288e-05
4.065869339249785949e-07
6.048214150546602497e+00
6.535623342713632662e-18
1.656604484756838004e-14
2.783491307825206774e-19
1.836444275779748766e-04
1.200778398801018332e+00
2.950757290891819447e-06
5.729889919671738926e-15
2.305793738559285982e-20
4.022439198348920998e-10
3.701068243574822439e-14
1.121700020238274587e-01
3.908694503286263181e-16
1.025688709996479421e-12
2.800315906594713067e-14
6.352883613771767578e-18
2.105936180389639256e-01
2.116178743498224601e-03
1.488491726987794329e-15
9.565018641487573657e-11
5.775957000307547249e-18
2.149581975885274332e+01
2.205150985104350134e-14
1.204908965801382201e-13
1.321233937058114241e-19
9.893907048387466362e-17
6.896404377389306118e-18
1.855674838915456892e-05
2.956473565989822154e-13
2.476014574359071425e-12
1.241969162378043982e-18
6.017344700577251169e-10
7.796856206319727753e-05
3.957422158491249168e-05
1.367366285155059987e-06
3.679321020553849433e-14
3.789045639697768934e-18
6.262806037080890023e-13
5.112150422352910659e-03
3.076969189219539372e-06
1.069057743961112176e-06
1.774981648868003969e-01
4.139332880611921507e-05
4.984197781326273969e-04
2.481185518053225775e-05
1.419111230103978133e-06
5.136010276396434193e+01
1.623681068052400583e-06
1.736916665582968117e-09
4.919720475474660242e-14
3.206710557057321950e-11
5.653951779306550662e+01
1.310699041889907167e-08
3.059829869537507471e-12
6.031760035578671286e-06
4.439134775441728152e-04
5.769201948307361167e-17
3.638282406831133109e-15
1.205331548143529809e-02
7.965081980372174677e-07
3.988167102458371005e+02
1.088312718262241417e-16
2.622245403392874152e+00
1.988317352423099716e-10
3.852926225054749727e-11
2.286126056079612212e+01
1.266803073751440586e-07
1.525362587177461082e-16
2.758572058782172686e-11
9.581524306404520744e-11
4.486540355661734238e-04
1.646600587194675276e-07
9.782566816863055905e-07
4.160146209616485180e+00
3.169601452059317605e-13
3.044249071964029905e-20
7.283558929011514360e-01
5.948233241206462337e-19
6.582947041079969196e-05
2.208316561220929946e-07
1.797407618431423139e-10
8.189921723264874387e-03
1.319243505855014452e-05
7.132964450259691515e-20
3.492387090891375545e-13
3.471996166125273709e-15
1.424475367804329079e-14
2.618726588339635121e-10
6.737799987921389000e-10
2.715559254479673008e-13
1.100393515545417828e-18
2.678339171375309843e-03
2.165486673090537641e-11
2.489921001461655326e-06
4.057259390687865295e-12
3.775803871596315690e-09
1.797102432492561654e-05
3.271457419970345626e+01
3.860987304694968583e-07
1.157099880980234874e-11
4.458799676072037373e-15
1.083066376903541303e-11
2.617557363050937526e-11
8.784377283750059308e-07
1.563590317598498676e-16
5.957796992686195843e-03
3.070819878981264534e-08
1.311178145248812912e-13
2.585835785399484785e-09
1.069962306108519334e-12
6.210875399892167940e-15
6.314637097240712038e-02
1.359145312654372053e-07
7.445350711638649803e-03
9.856034709354707764e-18
4.411855576766610517e-13
1.428504376013194684e-04
5.264097107981843157e-16
1.384712753006735122e-12
4.181512352797617364e-09
4.475257210426490332e-15
2.031510270685158534e-14
3.098616502966598887e+02
1.126319682812009777e-07
6.702964483209487387e-06
5.064950514242935017e-12
9.897176719136389078e-01
1.060607524680671689e-10
1.179943787216820434e-09
4.846551576877238542e-11
5.910142922010186140e-12
4.273338523752847229e-07
3.059129535005198405e-03
3.656467591093388226e-11
4.645178989969505706e-09
2.880931494343622388e-11
1.739131211604134364e-01
1.156612569418214424e-18
5.164822049467834737e-11
1.956795863705728111e-17
1.100538115560163030e-16
6.286384753034670729e-16
4.029995838915932777e-19
8.051520781551890097e-08
8.357561270051702681e-18
2.229919811199336480e-09
2.633778653414226012e-01
3.721818716639701765e-12
1.511216834119778895e-08
2.356584253894061440e-02
9.806978790389402345e-01
1.360740993352797013e+01
1.186315804927226480e+02
1.983285131927447857e-04
3.779615597615793824e-04
4.710647354856033253e+00
2.306409834047042857e-20
1.530934722981337315e-07
8.838500887944217620e-15
3.801821255993569765e-02
9.525640350088458565e-07
1.851093976460195023e+01
4.747404379735321811e+01
2.930155920566567035e-11
4.120943343487763286e+02
6.111607656895170033e-08
5.515969317813886274e-16
3.118837356679991096e-02
2.044687117181910601e-15
1.707290622108528236e-15
8.633994055878292949e-13
3.724100697917956646e-06
1.742374991407371020e-13
4.820331239141963250e-04
2.430670141843058149e-13
2.958920193016725472e-02
1.137730346738144946e-14
1.916676763602346080e-18
1.239040481398739554e-02
3.286311601230996514e-14
3.467815298072374475e+01
7.364172353274158183e-04
1.228726348397773986e-18
1.616817117945774488e-15
3.543108647176473951e-05
6.795071734705535062e-16
3.052953611581089073e-12
2.951370082312899587e-03
6.357130419510342999e-12
2.863505213786074250e-10
1.073087071437086670e-14
1.511285746499183412e-08
2.916915754378845056e-15
5.202885102471973511e+01
4.544759939534204744e-09
1.900263042271407160e-02
1.490554691511701835e-01
3.270806331622215874e-07
2.886891741051508462e-02
3.256946509997066788e-09
8.666821273402818804e+01
2.152096418825019342e+01
4.209116458918975012e-01
2.430520039818960931e-19
4.256555166382027003e-10
3.600503544512795528e+00
3.744401605286192813e-01
9.685766135316731513e-16
1.470485350447666178e-06
1.158054838872119360e-04
1.786478940725649522e+01
8.393190138576846855e-04
2.236275279798097189e-11
6.175266755698031701e-10
6.321086672998404792e-06
8.575420779160262653e-14
6.372767306992467705e-16
1.325175240549499207e-03
2.868516720927452492e-04
2.063559262792024285e+00
6.764714612854531850e-02
7.133463186025319854e-10
9.617655787762055532e-10
4.469081336257576124e-06
7.935703375104244950e-01
3.580578653102366371e-20
3.660684927106036546e-02
4.571622887228268456e-14
1.150431658290465289e-09
7.382897867316089811e-15
9.326893254403292338e-11
2.375229634024124506e-19
9.556452881436927051e-13
6.812742236428297182e-02
1.024966896481001123e-18
2.143498187314743267e-15
3.380585500019371264e-15
1.384795855029591929e-10
3.444682329809570547e+02
1.844209671788374361e-01
5.356953776373552488e-03
2.507368494778523521e-07
5.679037484900822342e-11
1.031476588926450704e-16
6.277274836920441806e-08
3.468210601922770331e-17
1.384717554249446857e-07
5.030854860793943556e-11
6.731501961209874763e-01
1.990526904403312823e-04
3.099467978376352101e-12
2.244869400241037679e-09
1.272769199466964858e-10
3.073617897471105602e-08
1.566847457287610230e-10
3.260348912176749271e-15
1.329835487467022612e-11
2.566148308330932630e-13
2.253423208099336153e-20
1.042246463787210252e-07
1.873506368537048093e-16
1.429790004451667755e+03
5.372777526665098056e-04
3.070417237793396370e-02
3.267372399875322374e-09
2.089888629594600607e-05
7.874759237939189305e+00
1.108274085086610766e-04
8.429954830176211374e-15
7.531491616238671899e-15
2.437227229676124232e-14
2.248170115097958147e-04
7.184655567646559575e+02
2.543468732812811920e-05
1.120170931915961562e-19
1.567517732602785056e-17
3.777026415847455076e-02
1.467217858596311281e-17
2.729345658197857103e-03
2.622150463733212587e-09
4.989147157975830696e-11
1.782722158004173949e-13
1.153477103592264363e+01
1.035925319994386655e+03
2.743508873785695058e-15
4.732051394626195840e-06
1.873520113911473616e-03
1.808410377643574929e+00
1.480576005385916315e-10
6.812497691513677924e-15
2.866060600050343682e-05
4.250663964126226497e-06
3.531978088159290508e+01
4.985346247172615236e-02
5.700686384795138687e-06
1.654354299946521974e-19
4.977406666410735040e-09
2.992797652919213292e+00
2.523394534044010768e-09
1.827059451210906970e-12
5.364040841661758506e-11
2.822480744711901995e-05
1.621763151491817379e-02
3.590963287621863306e-05
2.187328141756774512e-05
1.065038964264200538e-18
1.112266514030596856e-02
2.913206580038095779e-17
9.718552480722749465e-10
1.243218202438435718e-10
2.439441647237875764e-19
7.208557006771934539e+01
6.219103857094256810e-03
3.849292964134639874e+02
2.036546745704418916e-17
2.070941492083444167e-04
1.970003489874542078e-06
1.584607941750889721e-12
8.663272573685201646e-07
1.861571242387400935e-10
6.922231716374540156e+00
9.422867239046530211e-14
7.722217953859672615e-11
1.290178226064508590e-03
4.085346225715497326e+01
3.447594599485794333e+02
4.657542291016969604e-17
2.561758370005659202e+01
8.907863948644206785e-19
2.226727821887306646e+01
9.373570571246545064e-16
2.107965750327185292e-02
3.465956228949980878e-06
2.386093780560667038e-03
3.562007864305787863e-01
7.143686461187818208e-16
1.819196185920929452e-04
2.908532213246971149e-08
2.457579466676940898e-04
4.458088982892762336e-06
6.369438932265677557e-16
1.690470572714404669e-09
4.183701490545466695e-01
5.589806672392721070e-18
4.728664539836520131e-01
3.730803114576175629e-08
2.463523038750991578e-18
3.032188097399272299e-19
8.400383360796813909e-07
1.846775990808392187e-08
5.844498689041607298e-01
1.507917360235319780e-08
4.203018667675806341e+00
9.909651962858174229e+05
5.396149894094817538e-06
2.034022617379549787e-13
4.028994043699454797e-03
1.730141013396612000e-12
5.818851684882567952e+02
4.612322444915635555e-05
1.411657137213267153e-02
1.532032756214512900e-20
1.110989928938194393e-07
1.091943110129303262e-11
1.085331424492704201e-19
5.359106768785867062e-06
1.698890475211700073e-07
6.732135788861019494e-14
2.637138178083773233e-11
2.530232476786150755e-12
3.875014155716883124e+00
5.419749833500608557e-03
5.700731192630654116e-07
6.449552145326402643e-10
1.179188517460750513e-07
1.866479703499627580e-17
1.297353809003853488e-13
6.051332618889051890e-10
3.240416719640763786e-08
1.116476206776048520e-06
4.083633463626080679e-18
7.428479254569812447e-12
1.516229228849581096e-16
5.423268127121955057e-13
2.884106195032142965e-06
2.035910970669625871e-19
1.356746720351329418e-05
6.429335596210174178e-17
6.561852636642769782e-14
3.836169368394823748e-15
8.030573546247691255e-17
1.495212876268138445e-15
1.275123716552337069e-19
1.128636265180583997e+01
1.705056990568849254e-17
7.070832631623747885e-06
2.785762232062019450e+00
1.765047085711223804e-17
2.326090875317454567e-14
6.792867593548027605e-01
2.883792436818496830e-08
8.208147813261880292e-18
2.766745623972195372e-12
7.662513159046692187e-10
3.010586300828894169e-16
5.718313167446980572e+01
7.976441130499634254e-19
9.750425741307548397e-04
3.564155926418658474e-13
5.714412988264250259e+00
1.884475277617316761e-05
2.561531053327726326e+01
7.101150766740576367e-07
3.748187483736616673e-05
2.810756824036778830e-07
2.133629666397238509e+02
1.883894229331497139e-16
2.996280733890337875e-15
7.004896114046025529e-18
2.822440071778946751e-09
3.463921594689939246e-10
2.445554882437297783e+05
6.757973711303507090e-19
2.216941870441770338e-11
3.321912607142388051e-16
3.668720213821602089e-14
2.582445426764095470e-02
3.005769125329720998e-09
1.914648388055887018e-19
4.507688668155698769e-07
1.082266024396431992e-08
6.098098732204154380e-08
4.647822124445402178e-14
1.227126651956264466e-11
1.008868830402730593e-01
6.993166839943585376e-16
1.287503838078089159e-14
1.942482648705305791e-07
6.786587690402915514e-05
1.667004725682121958e-05
3.275265306875851526e-10
3.259500696800643471e-02
6.949346347072337869e-16
5.155040609305715593e-08
8.986387518389361205e-09
1.140977903565185328e-09
4.550564015352606775e-10
1.346730314463643197e+01
1.037195869842663259e-17
1.284140251856900613e+04
1.886479399141031792e-03
1.703783484886154913e-20
2.501206843631752150e-08
9.032389274634623848e-16
2.901534070622694798e-06
3.703422649944936870e-05
1.460022410200427452e-06
5.386516006826386899e-02
3.734281048061564731e-05
8.681879128116142680e-03
1.568797938787087310e-19
8.211465305362295874e-05
1.518522156960742336e-08
4.387442950087608641e-16
5.187531748948689076e-11
1.428946276379184585e-13
7.289876389849544997e-16
1.250991197929324783e-01
7.894902599192510308e-05
6.160116736825490581e-04
1.581187324930873107e-11
6.805571290838809638e-05
4.810951351414558499e-09
1.110307639496585812e-10
5.771330644473047600e-17
1.407903067279067137e-07
2.117935715434347158e-07
3.790947771133380481e-04
2.778015125090003605e-08
2.080130963362184308e-14
3.204339229296395298e-03
1.485088377902737626e-19
5.697995223080352541e-09
2.415946369768430454e-19
1.468933315929181211e-03
6.577097818138769132e-18
9.682295877186777724e-17
1.387441106121881390e-05
2.988763227215481910e-05
1.889318954952001029e-09
1.919925205204052465e-01
2.227137587504190517e-17
4.868189952273691290e+01
3.714096948471011774e-18
1.501943566044496709e-11
1.253455007476079988e-18
9.477674185595057822e-17
2.191444873451787317e-03
6.238214592513026079e-15
1.072834822956583215e-18
2.274957144724129066e+01
7.375726730245102658e+01
2.755813544343433264e-06
6.093481667683402908e-02
3.962227237562455672e-06
1.249630359801360275e-06
1.273682282678369150e-03
2.337410370919376342e-18
7.316898931442654101e-19
1.046336264075060157e-11
3.341370655765120290e+01
1.843606563166911955e-17
2.298446530066516891e-02
2.786881459296511321e-01
3.004896911791522476e-10
9.757511547507264097e-04
1.498243636337366347e+00
2.193104419112471620e-20
8.921943457915147220e-17
5.968377197563617922e-06
5.787864978381189296e+00
6.758271706539563661e-01
7.989251970304692228e-04
4.771002899143218963e-03
4.279051041375468695e-05
1.508308603111891493e-12
2.285818140600304673e+02
8.858283925674204085e-02
8.522743745708108197e-18
6.425451824398580315e-14
6.232847726366458861e-03
3.725072540099100067e-18
9.698978453008099904e-11
2.455449846040243511e-11
4.013617760154307975e-11
8.345494330030444962e-16
6.303538290192568101e-19
4.619180678800656230e-19
5.031674715728065676e-13
3.411733649660634859e-01
1.005732555797323243e+03
2.278965944421690518e-06
2.561578697940445094e-07
8.406592051716145215e-18
9.144072084188683419e-03
5.676337243866705422e-16
6.097016526963472963e-05
1.514807804040499515e-17
6.902499348626722460e-20
1.706882125464439896e-04
5.780453115164637198e-06
8.295263171438747718e-10
1.439670113881829500e-02
2.623876159770329433e-08
2.514135797641957722e-14
5.018439082939595817e-16
2.252345021639602651e-17
8.640860144944015505e-13
2.704659130283455504e-01
9.357687795912296956e-04
6.432725529118971665e-15
1.441820616345530293e-03
7.966492104757633624e-18
1.697965175503957209e-11
5.101477204318744310e-03
2.483184582316816090e-10
2.399300126381731957e+01
7.427484277996074507e-18
6.991322137572896691e-07
9.096025542913256379e-01
3.814669648938134590e-04
6.134686044326681650e-11
5.418870820142089451e-18
4.947788226061528007e+02
3.081959185642585419e-01
1.443977528155549386e-14
2.373177128209297183e-09
9.591771730903611310e-04
1.407495179497785287e-10
1.668456516822676216e-19
6.403389035161867349e-09
2.081833732194262493e-08
1.270775766462472513e-02
2.915097413304641449e-01
2.738389517090505866e-04
5.672017986089275728e-09
4.867300110519461758e-15
4.241450264122136160e-19
3.090042249025653312e-09
6.444444858396748543e+01
9.781660100956298010e+00
3.621019029924760275e+02
2.478108802562834612e+00
1.592653750211326519e-03
3.933535967377858356e+01
1.350010364682545184e-06
5.003889573871890312e-14
2.470033635438636195e-17
5.755946864526952344e-11
4.385747510160143178e-16
3.867157581214684710e-08
6.486818764543192395e-02
4.681032007268948192e+00
1.996916242085680978e-20
2.555747219662007198e-07
4.690882903861312569e-04
1.593441215175944671e-08
3.286265749228043376e+01
1.595899855021204881e-05
2.628118342786083857e-16
1.458909001945360574e-05
3.587386425363223592e-05
7.547205970571037234e-11
3.068884848795632052e-15
8.751261150807335973e+06
1.695816047307917567e-04
1.174472454848458636e+00
1.320046364352226164e-15
2.303501443675912847e-09
8.853378842578896707e-17
4.129636123069976870e-06
1.216921646956970721e-11
4.763651800924470217e-17
3.101645125650511048e+01
1.902092550302602990e-06
8.251490051741379476e-07
8.016112476433132933e-17
8.094760137546014073e-06
1.449552044050293112e-19
3.012676165231231162e-01
4.292149248305319360e-07
1.902391162683106529e+01
4.081597617104244509e-06
6.725187448975006783e-13
4.775947090095412406e+00
2.738026197324843506e-19
3.171487648884352517e-18
6.731181086070287845e-11
1.210591823833613923e+01
2.838463778665422563e-15
1.149284283250942547e-18
2.220143271771606663e+01
6.167300012353198017e-03
3.494691460085336807e-11
3.200689007434844718e-02
9.311706084935336987e-15
1.675927944404132575e+01
1.001050190592700634e-14
1.556189903238722398e-06
2.934108528917282049e-02
3.989881568775527313e-08
4.722137553438052038e+01
2.600092413847597890e-10
6.626789804821996636e-13
5.461951164632151468e+00
4.530284654364345029e-16
4.463946457114248358e-04
4.473938962087344564e-14
8.226453361305244820e-18
9.785154484271275876e+00
2.097636057405687815e+00
5.148648128318094429e-10
7.246732795679110273e-02
2.548080361992324998e-11
1.990094399525400411e-14
8.286708550973102678e-07
1.527344684901365519e-06
3.742634474433965555e-19
1.546813111737905801e-09
1.040056470163347679e+00
1.228219857054543146e-01
1.237990725620311027e-04
1.212658337466115253e-07
8.716653124746430448e-02
2.328178937243607850e-11
1.046627960100411443e-20
7.307014642768826506e-12
5.449456841596159444e-05
4.465171631734398541e-13
2.246018127031487225e-09
1.849869550048563851e-05
4.982663907392444881e-11
1.031902001877830723e-07
2.416189220110258967e-17
3.294293961332891894e-19
2.247091915267816305e-07
1.904946149511153811e-19
3.407428887192669897e+00
4.000544588700458704e+00
4.536153630252536928e+00
2.739933703871178240e-06
4.797889834932608461e-13
4.598195259763783771e-09
8.495297334601642578e-05
4.090938266508507528e-05
1.920705300918707092e-11
5.672914408479805938e-07
6.108804168044247830e-08
5.728604450419040439e-11
3.201827745090307353e-13
1.136702500386638264e-10
7.614434791158609561e-15
7.735779038702894297e-06
2.372799312884271617e-09
1.731418244893067483e-13
3.553549515427381777e+01
1.188434483395580572e-13
2.723980514029460953e-01
1.795612924730422183e-19
1.933981472366007152e-09
5.545754412569128941e-05
6.576999809706639451e-05
7.662297684157038269e+00
2.508521519518691661e-19
2.061773066284642004e-09
1.531307177295199387e-14
1.870202546304966795e-01
7.168704406240710134e-18
2.198047614139964639e-16
3.730091628311404367e-17
4.323640336639495875e-10
1.965085903032210575e-20
8.754838929306421252e-07
5.785602956094606471e-16
2.208148438290397615e-05
5.019546075032845782e-09
1.495610436235778273e+00
4.896944410961255016e+03
1.477889924403938404e-03
1.350208400385318872e-06
4.498757691208137456e-07
4.126806936492661340e-13
3.034067138075736903e-10
7.088957977321132448e-05
3.562597961618994206e-04
1.817049824223108815e-04
5.905926560183292573e-12
1.787317380657753849e-17
2.506745637315982549e+02
3.291046848960443860e-02
3.686648224215972880e-04
1.576678758395180941e+09
1.605749141492670727e-03
1.018986776336185602e-09
5.254646151377985637e-04
8.545370494058857957e+00
1.349176944785364746e+12
6.423746592200763397e-03
1.564268473397260095e+02
2.122160124236260138e-10
1.157751710969926601e-01
1.714218876756999702e-17
2.180860530402354766e-02
1.045275178352692730e-09
8.425056607082249280e-10
2.133564482241262772e-01
2.639412040012064156e-02
2.844333777886868677e-17
2.156157692113010171e-01
1.645278227338388934e-14
7.100764641826798340e-02
2.237395458447996198e-16
2.485501087410538646e-06
2.229097595702510043e-12
2.867336272566865672e-16
2.065071465620981030e-15
8.756115186633879333e-01
7.840457939650032071e-02
1.030301742483349869e+02
2.987514426354343326e-06
2.702750260575364320e-14
2.240869425271357970e-06
2.312319749013184428e-14
2.875109446707758932e-04
1.877239651765235009e-15
1.903141653805741872e-03
2.074667527235068350e-09
1.006326647590883476e+04
2.800665638413874170e+00
6.846622872623544550e-07
7.944554634680074553e-21
2.757491435560292623e-06
1.407988228816176782e-07
6.943692448007715567e-01
3.769878482905915128e-20
9.793081016588474173e-21
2.036240911109648416e-02
1.289329027090376005e-19
3.672031435815503730e+00
1.959344500781204357e-19
1.014964876228691303e-18
2.647739636972380662e-09
1.218020757074618719e-16
7.547349883102139013e-04
1.102822596612062262e-10
1.179057189466779846e+03
1.096515703815497333e-07
4.743227100730721710e-09
3.610862084378030605e-18
2.412077398445037265e-03
7.281311318906553702e-20
2.954972698667247641e+02
8.915268284897133726e-04
2.621619951313891406e+01
1.443348543872056016e-10
9.287387945639696023e-13
2.233392728076878577e-03
2.078072142256006378e-15
4.429612549064770828e-15
1.639771642528235232e-09
2.882595755229895963e-07
8.523575336376542166e-14
2.176416775538683472e+11
1.878033169174080919e-01
1.697744493588581637e-16
5.798864260541503850e-16
1.357034342667197180e+01
3.893851488203928698e-17
1.560782154328390403e+00
1.445856313719904307e-01
3.125907908192340546e-15
2.138392029064411504e-01
3.825391239727656370e-10
1.562262643407924685e-10
1.230812341918443900e-17
6.753480759289217493e-17
2.177577346356352600e-08
3.859807082634599939e-04
1.255288393493767538e-03
4.336777258297064936e-04
1.070951992063286779e-12
2.496030644996259862e-12
4.115928445265067647e-12
5.744144196220311339e-03
1.246673270363113973e-09
4.459183110384660337e-13
1.398923391295218654e-19
7.658225396102207245e-05
8.765858247858491766e-12
6.687083876896814842e-12
7.010606102006614729e-14
1.316717101439159308e+02
8.587317136742183904e-11
2.549587182313992806e-16
4.378805026954733846e-04
6.483835109020415818e-04
2.456037072971914384e-07
2.077367964636587468e-09
1.523270016975717400e+00
7.471601935848415113e-20
2.932803781822817571e-13
1.997767782604729663e-10
1.220213198060553651e-14
1.946389382931167589e+00
1.613653816598077401e-03
1.472404511239323941e-19
1.138497112703432015e-04
3.836152318495922899e-18
1.204256281788193160e-03
2.082988828510774802e-17
1.065458664833055568e-19
3.060436610790741270e+02
6.543186386056786613e-19
3.864187547486481134e-09
1.063573135092435962e+02
3.507744346660358588e+02
8.968573321204637838e-15
7.977239482865124197e-16
6.193240686599804993e-17
2.473484043478729466e-19
1.493611898994263651e-02
2.014697047440626391e-05
6.828048128360846609e-08
1.105625471405687977e-03
1.213498185733334538e-07
9.784924437198941076e-18
5.978648738538437466e-14
6.229610584762578716e-17
3.596880502085925129e-16
6.596709232824015482e-13
4.205016903734314415e-14
3.545459894593166926e-15
4.765740152732567757e-10
5.237070930483725071e+08
8.048094093989334252e-18
1.108210973339227469e-17
1.458207280541781437e+01
1.143826462689614977e-10
5.307205286214285460e-06
9.883057928875740861e-03
9.197337904226289042e-05
1.562370525097188751e-06
4.763764443555484895e+00
2.249228235188973457e+01
5.153930550550526711e-15
1.198324148076884699e-01
1.198322996216397499e-03
1.013293305730658567e+00
1.048246450122600760e-11
2.305908042000707776e-03
5.077071310999422579e-08
3.207521422374891106e-08
1.590632908201001250e+01
3.255248308271965233e-10
1.712157540629203202e-04
6.970520143843357510e-18
4.025825307356530309e-13
1.173296552045194791e-04
1.603591542862543885e-18
2.690533294057319454e-03
8.965975405743585278e-08
2.813126276367278988e-17
2.383650863279354374e-10
5.792492438441790698e-10
6.777552991334849909e-19
3.600068788500398326e-03
3.329894232235715165e-17
3.061609558073479648e-02
9.889987227208855991e-08
1.191805108735736506e-10
2.812424127035035394e-10
1.465108302913443540e-10
2.049339720149266954e-17
1.137281087426314686e-15
2.332095053654275006e-17
1.477475098172815319e-15
1.463652266369896667e-17
4.212071750771253474e-12
2.937268264445985332e-04
4.203953140944756584e+00
9.024426258771172131e-04
3.599578789961574987e+00
5.025570846484081217e-04
8.075126514375105392e-06
1.018353983794540070e-02
9.825827710539909990e-15
2.097169722198503905e+02
2.242190542951535620e-08
1.892307985751412653e-04
3.049069658728126342e+01
4.483756098895713138e-01
1.239142207559662243e-16
9.966968178755421623e-18
1.038616315361117586e+02
1.632787663699462329e-07
2.095038310616531785e+00
5.303869173973318141e+01
1.191212888339623899e-04
5.133963684894291961e-14
7.595280908596812042e-01
5.862529967702463651e-02
1.188840624799260892e+00
2.767758826528575852e-11
5.279005216633306580e-08
2.160631816580989201e-09
2.666993510319483107e+01
1.286584629770863391e-13
1.480469592275012910e-11
2.257908484412302479e-06
1.003498971031487219e+00
1.047144062222726211e-19
1.723471353072406328e-13
1.633163904462134527e-07
5.090055068400142879e+00
2.007303257661428949e-17
2.683761613186400459e-13
1.798649941769906469e-18
3.979345286967581746e-02
3.610723628623770559e-05
4.807770071382288180e+00
3.576296209812644495e-17
6.802129107923076792e-09
3.170335123197504280e-17
1.029819601526969564e+04
2.104090745179377827e-08
4.350478135525367936e-15
1.992207266111172543e-16
1.360266730837038631e+04
1.091311109336182319e-14
6.163703639069222084e-02
3.116161039290058978e-17
3.662283885729034072e+00
8.101475481703730192e-16
1.837039794163628769e-15
1.103185644934937820e-12
2.685738838921587594e-03
8.595349720335060779e-13
2.727907407611894433e-20
1.717726322053795856e-13
1.795484859827647749e-15
1.499441603275338094e-13
1.439863736791941235e-09
1.202484057516942518e-06
5.533272785531730636e-19
7.529089623786174457e+01
4.043129975700496259e-02
5.566850920700150693e-16
3.185263853450916093e-17
6.690638874978128435e-11
1.421668625991495593e-16
1.227849092204540349e-13
2.323155849688838011e-10
3.897196732368454105e-09
2.522974347510533095e-19
2.297815560180443896e-11
6.822714060790980003e-07
1.127093568090836584e+02
3.526037918160615966e-16
2.111148390472272617e-13
5.247444507808751426e-08
3.108713836515998283e-17
7.346666939073818176e-18
1.671730894396142395e-03
4.353015330019298526e-12
3.085253410023008347e-01
2.906109321558105903e-19
6.914573050963135348e-02
2.731573946526072053e-13
1.397910540684834175e-11
4.961747667260353744e-13
4.307659030122492078e-07
1.078706476634072987e-07
1.132451689770482851e-09
8.414953563517756726e-13
5.472701057088779269e-05
6.724445093817530140e-08
1.029922820931852584e+03
1.392493588060372021e-17
1.674467269501010991e-01
5.380046221173723478e-14
9.383780836990701726e-18
8.176909369764355506e-02
1.253142312155728039e-09
1.613569214786587338e+02
4.739673556101797303e+00
1.823595871466002105e+00
8.509653003601600266e-16
2.427692559862261715e-14
5.192046696712748994e-15
1.271862348521617123e-10
1.623407731304803711e-03
5.167785106540407014e+01
3.007834271147423877e+01
2.056693138472263379e-14
9.718180332971577064e-06
1.535362594566136718e-01
1.170241065776766549e-15
1.215267199188209097e-13
6.881195446337017161e-10
1.076168655444295581e+02
6.527905230863590043e-03
5.788008395780394557e-13
7.774258602795040829e-02
4.832411573041338440e-11
4.991612976020314397e-15
1.370516457717725900e-01
3.023477527706719323e-18
4.454906667233189096e-08
1.322593048911562656e-12
5.166258120991217139e-15
7.186858071620344221e-13
9.142487548238531358e-13
1.213368911637894556e-04
9.266968233570874645e-15
3.770028238758515203e-07
8.298831260255917996e+00
2.405113869220779995e-09
2.257097300658373201e-06
5.045749046908118585e-10
3.688762094729396146e-02
1.536904876669231032e-14
5.258803708030713684e-07
5.003204936040270279e-03
1.900427409538789609e-17
7.944290237080900495e-05
2.695728382621964059e+01
7.751561555126380214e-05
3.893695539882124368e-18
2.586028011431277573e-15
9.354816983528736334e-19
7.054639725637248034e-20
3.443768332443262331e-02
8.202719366821261439e-12
1.216927014639922646e-15
7.785063791917026514e-06
2.333584130552698119e-06
9.999212606114664045e-04
7.837673746408907505e+01
5.608840301757804704e-18
3.957294157579815822e-05
6.254396134672288991e-08
2.695631949167753523e-12
6.274267637686828872e-08
2.291718486225406147e-12
9.257192149246773819e-03
3.995320848850461993e-05
1.602183433871562457e+01
1.079473297829985628e-07
2.463934262198471737e-05
2.108311808862198841e-20
4.340742358610657270e+00
8.642678448669123342e-12
3.870660442977061253e-14
5.305977308504151013e-13
1.035778577703159194e-08
1.422628649829675121e-15
3.718271313025546192e+02
1.930649911665261804e-05
4.099990473210308894e-08
5.349710273380970110e-08
1.174340451653636996e-18
5.565349691651987182e-05
6.666299081287029732e-18
1.619854269656026760e-02
7.514266836615839442e-19
1.176849711292063467e-18
3.905452968920040275e-14
2.166534463007589099e-05
5.446228576115934681e-20
1.327819359800726033e+02
2.321623241475446076e+00
8.140484610711676916e-14
1.121489026256793284e-08
2.891415187261694655e+02
3.183850597541898475e-02
8.168158957134678531e+02
3.104963663769666008e-17
3.646279544483150778e-05
1.021803553304183637e-12
1.323024577739803001e-06
7.798250509642172036e-11
8.942659046755887076e+00
8.853887776071837533e-13
4.693637564085582033e-12
2.487016967803461366e-20
2.911945412988453160e-15
3.549982735379403209e+01
2.657667956650236300e-04
5.061915437728287809e-03
3.372691702725320736e-17
4.682018748574204411e-11
3.596408917225175547e-08
1.596088611022976774e-09
3.757378812380567481e-07
5.696242888922598810e-13
3.265140274708104789e-07
2.499734862509304280e-11
2.009177076298132754e-03
3.060904596933490577e-10
2.179210342171228011e-18
3.111180072705933282e-18
2.610293772032525536e-16
2.503865368050117681e-18
7.390405691117317447e-16
8.906568187747411610e-09
2.381599430006655846e-02
1.047729080127171467e-09
3.959591175895372807e-16
6.181206844034298209e-02
1.228132092336827398e-09
2.111001949847240746e+07
2.654686636090540335e-03
8.355136316533148664e-06
6.049885235577034842e-16
1.898249532613650657e-10
2.645496491371756500e-19
7.850997863071166787e-11
1.433693953354544610e-14
4.765127039166685563e+01
5.128317386199695996e-05
3.058287665945978233e+02
3.849894795411571623e-14
6.830276331195227148e-05
1.018199145756667443e-13
8.975845894729123943e-05
2.566446355352312576e-07
8.752161952320091448e-15
1.672838767920214925e-11
1.928875839699265924e-06
1.246233262842459419e-05
1.676507189376898577e+00
7.462919228639498611e-09
1.160983913755798622e-07
4.894735867215986834e-08
3.092497654430261278e-11
4.132777716824270807e-12
5.553875971048425499e-19
6.110494708771852467e-18
5.320956389262252870e-19
1.680689356747064364e-19
5.955227657544379326e+04
9.566188574721098178e-04
2.629335866888404768e-10
7.976004497983636199e+00
1.010535266634976590e-03
2.833057175182079529e-11
4.134079082024143427e-21
2.883984951181588079e-18
4.830327588911688963e+02
1.703486269064143659e-14
5.998642320368098579e-03
1.212305679521776476e-11
2.197638001519973798e-08
4.722913686317387779e-11
8.860402965566572814e-09
8.618865380833341380e-17
3.116954100313085444e-13
7.144206207776761242e-02
7.031403408953669978e-12
2.674211139649480947e-13
2.883379897562127670e-21
1.686784891791404846e+02
5.328904240688827893e-08
2.555925852209638811e-04
2.097734377677133517e-18
1.603987364220094578e-15
1.047546207042903392e-20
2.765083595503830746e-02
1.777879647431141242e-16
2.382035617972245002e-04
6.244592521066571322e+01
3.476735861148410812e-15
2.667968193226651391e-18
1.588207209106005990e+00
9.245489304997177304e-02
5.813156329535740588e-03
4.681013601658066293e-12
1.555921170043218435e-02
5.209737532397922877e+01
1.097821184553760177e-07
1.966450480869640900e-17
1.406426278480237024e-11
6.298212724991828588e-05
1.667255613122669014e-14
8.991103585244530905e-01
1.085470868842155265e-08
4.584610580083406586e-11
1.292794899090136278e+04
2.995706770349654050e-11
6.309389124718446373e-01
6.328758526524712560e-17
6.640409967790573020e+00
4.854492408229372986e-16
2.275287453276221851e-06
1.826679281998061647e-18
3.562157889177245847e-12
3.655092770909183830e-17
4.627745949273041381e-07
3.819335695613550186e-02
1.933781511573394417e-19
1.013689010679983182e+00
3.875531553807375434e-15
9.204551972296628592e-15
4.135366844776643462e-17
1.919098429861615901e-16
7.897328178886230141e-18
5.963155065517441664e-03
1.986740232536024603e-09
1.489925318615406651e-08
7.617241806024944994e-02
3.349997545089562271e-20
1.333500570668461505e+00
2.065446586058095239e-05
4.250369588736735672e-10
3.005758032169073851e-16
5.161626039711011277e-06
4.371920878280332462e-02
3.370622163087722695e-02
9.136371044271069048e-21
1.556191492835516603e-11
3.664477643746466414e-17
2.093128357582861656e-13
1.548431146533228442e-01
1.331751240032384659e-06
2.859765272376851752e-10
5.048392490873621677e-12
1.124884971315102007e+02
3.961492146692013669e-16
1.614844234708417744e-20
3.199220829856160183e-17
1.755740778701879723e-01
1.600783629101020335e-10
1.181029595559623768e-19
2.281960058825290819e-11
1.291454862188876396e+00
4.114445283202016412e+02
4.012452545491160261e-01
8.235283898272216518e-01
3.362598972574890911e-03
4.134920626141998755e-03
6.728064162254743241e-02
1.108601442698844325e-06
1.060766169205655694e-12
3.073578653022733583e-12
7.922734252690637907e-09
2.340226134180243278e+01
4.273107462085545662e-17
7.002470885124813778e-15
4.001237815066023291e-04
2.038213310447445763e-18
6.354584944390439807e-08
2.487699643147525009e-11
4.805191952536190407e-18
9.948482048075064709e-06
1.024181131022430229e-10
4.597246340918564322e-01
1.227938539244846113e-07
8.733545636487180132e-13
3.163279960593569827e-11
8.216360270474405425e-01
4.937011713187877682e-02
1.735857127300309426e-11
3.517855793764541161e+00
2.921510337763244102e-12
4.454444797289121884e-15
3.829790908761009629e-15
1.466622199763050749e-01
9.533837783065312330e-04
8.290932930821142133e-01
9.507371369436024553e-05
3.800825584541054525e+01
2.580504252840026411e-16
1.737061261411761137e+01
9.998389462670441777e-03
3.255487411038187212e-11
5.424126830862847344e-08
5.681498404593578958e-05
3.516433075192928470e+01
3.347982495643181519e-13
8.960234865194039039e-08
2.098742367927882754e-11
3.331318844655415035e+01
3.249097761496467846e-15
6.310841474005013385e-02
6.911937724644306712e-12
2.988093773375159117e+02
1.329210925945159540e-07
4.401503329155422397e-05
1.424882027048880980e-11
5.431609375581308480e-15
1.795989878958237241e-08
3.047019904821363041e-17
2.145979252954332929e-10
6.401567244251714639e-01
1.959666271553410542e-17
4.682543871140790737e-01
3.503879878186065533e-05
7.198271714497229376e-09
1.235793884062034382e-10
1.374380339321704765e-03
2.352160685158657857e-06
2.672684392927960310e-05
2.976472787015952882e-05
1.150894076613199000e-17
1.264408078290961655e-12
3.011396192513922596e-10
2.522179587373554136e-03
1.728522923235610702e-14
2.444038050873071910e+01
5.410336365070791349e-10
8.447417505128444509e-14
1.135228629751400604e+03
2.536533918097932716e+00
1.006940129819653012e-16
1.770266797753784286e-17
1.269387761240319792e-11
1.087938082052742778e-09
1.375579547319855180e-09
3.564827484283192446e-04
5.759372603005854364e-16
5.727153103468846443e-17
8.352183038621265609e+01
8.150029460224493823e-09
5.939439013119022071e-09
1.101174673265856082e-04
1.128793982312214947e-13
6.221423482791528077e-15
1.534789375675458135e-03
2.865154451206877371e-06
5.879110290483271861e-17
3.310229664432012673e-05
2.834763115744746392e-15
8.546918067922147505e-19
2.534463091291346188e+02
2.542761797746290187e-01
6.505155215499108996e-16
1.624624665445724616e-19
7.256115096770640068e-16
2.247104483902568575e+02
2.273317645763143852e-12
2.024206667834876730e-11
7.966642764241546311e-05
1.706899769955208478e-08
1.324531248809007064e-10
8.223239044328402088e+02
2.757996430370662237e-18
1.213210644180517545e-11
2.502192028807702980e-11
3.930443666879985740e-03
1.071494286073936081e-07
7.202259782400188002e-14
2.909473365768806587e-11
1.269045693868638690e-12
1.150846624744955245e-14
6.830878645347140399e-01
3.135839986068645474e-02
9.825449041470091874e-14
2.692778730358224379e+02
7.159737710626711609e-15
3.334854829715202529e-01
1.224001773066209496e-15
1.404437589221860148e-15
2.398927246269837443e-01
5.745469748493893612e-04
3.065869581644934172e+01
2.444894251228519977e+02
3.045483216864138563e-07
3.113297888788322872e-18
7.470703947325185714e-08
2.175368788589092005e-18
4.561403921870090420e-09
9.125500156987477853e-04
1.008727007812102829e-15
2.052180252585423594e-17
5.603312299609661349e-04
4.183851916816768833e-13
3.324385333519077251e-12
2.198988946919375621e-05
1.641565939589355316e-02
1.056542118934270422e-06
1.548217140100360302e-03
1.154894639238864158e-03
1.956428326748840973e+01
7.911044569588619910e-16
1.597408387620090076e-01
7.862739218279659816e-17
2.937596569357608736e-08
5.288701516774445555e-01
1.512767519467136299e+04
1.337898784189705271e-13
9.836372288833191922e-13
1.881488121719456491e-13
1.687408129968104630e-08
2.343646348796230168e-17
2.345772383272112910e-19
3.676964519841276910e+02
6.796918303204687478e-05
1.052667651589769074e-07
6.750471868603971512e-08
1.042041085651404919e-15
6.229053177976817840e-15
5.922008043261934636e-17
5.246609272106131495e-09
8.368696275533680899e-05
2.996396527679301431e-19
7.365875137020737595e-01
1.016964721168498639e-16
1.734818553174552073e-13
2.274136861862607303e-13
4.406868887421560577e-01
3.804469053806093515e-02
1.140087345435954692e-17
1.752327010767241818e-10
1.358249957568148546e-07
3.790813864142551109e-04
1.575797537400936474e-17
3.167370359628899875e-04
7.316107186015083919e+00
7.287513603103139881e-15
1.028713518468656173e-15
2.402085012835270388e-05
1.876990420825933938e+02
5.822762785416270293e-02
1.130012619340144986e-15
4.695590112486282795e-03
3.167797510754504333e-14
5.695287011601586791e+00
2.265546635960028364e-08
5.446765474719189164e-15
3.236323087069261288e-08
2.369508208725213943e-19
2.449607660955115855e-05
2.285249360042649475e-02
3.679984337179344669e-14
7.471391237433938311e-05
1.000927116510628625e-11
5.852942371273998354e-17
6.345806941314485853e-16
2.837106773317160137e-03
9.165355520126086000e-08
1.263843098306585502e-15
2.745178869708083180e-05
1.338257091781934093e-16
4.474162820624516426e-04
1.059448801128344261e-19
1.866823465674160676e-04
1.805363383009113249e+02
2.423707539519119834e-19
1.888004601776334675e+04
3.836284743314899437e-02
1.149017165948540231e-11
1.021459470760822441e+01
1.149525320095620806e+01
1.667511283121246926e-02
4.356337250374005962e-18
5.052971331523069036e-15
3.386847729500958304e-06
7.121824049937496071e+00
8.231363274720124301e-02
1.352146391589241665e-02
1.121776362298212630e-10
3.229021642400420710e-07
3.197731350748546270e-12
4.368530661083514510e-01
1.577057763218069949e-09
1.016197864173572568e-15
3.871183645591886155e-18
7.631782558340587252e-14
2.954980975807822400e-08
1.827089217864324988e-01
3.898320593809621338e-10
3.849324459880444396e-09
3.504684232636195773e+00
8.003119218669707152e+03
3.515995394466577814e-09
1.837991435530970818e+02
4.022830579550639385e+00
3.497365296632688543e-14
2.228596465242097606e-06
3.442422124852509402e-04
3.440367013909321758e-01
2.068410425602349359e-12
8.892298778971259026e+02
4.055291889994856597e-11
1.429224847514892645e+02
5.210156981459537693e-11
3.210839257572780436e-06
4.385444127486753824e-19
1.904202556829204251e+00
1.972349177564374043e-04
5.835231602949931329e+01
1.288757702286959239e-01
2.226259040364217773e+12
1.433937146240265215e-12
1.380110864300426732e+00
5.181830905731605546e-18
5.083759941814781227e-15
4.676210987856150841e-19
2.034259295277269398e-15
1.988876515974933798e-02
3.209553592581628332e-14
1.325885334915287081e-03
5.747038560969591578e-10
3.174461878352425554e-14
9.082286934364136564e-11
9.162727466713530000e-02
1.266069558590207190e-08
8.909724568253559664e-20
2.384853674390714697e-04
4.361755216911152324e-20
8.697821153917171112e-05
2.372572682773751396e+01
1.356738935507285662e-06
1.617707047505656192e+03
9.149848796682669193e-05
3.592952877095989539e-03
3.759656377252749361e-06
1.861334534008632152e-18
1.943840481481376095e-07
8.205831994710873739e-18
3.114373883361114509e-07
1.748177246813231558e-07
1.199022200092166864e-16
5.095872128409895119e-03
1.882637972994050720e-03
2.158816991808639076e-13
3.434834327038679969e-01
1.850846048772033365e-17
1.308216694785370757e-18
1.458539414226336063e-11
3.899933499275603732e-16
8.938900402933324251e-09
1.231477697612983564e-14
3.104648264975883844e-17
2.668818080833566455e+03
1.887818382445029344e-06
6.551800573189194665e+01
3.518151016333128126e-06
8.120628007512458607e-05
1.689783134360059115e-07
8.238594178244223783e-07
8.701656308842153001e-12
4.711484058257776830e+00
5.846001595675359708e-02
3.845071075725631124e-16
3.253726900915878827e-18
1.646748413821601733e-18
1.852930231209009662e+03
3.778479393103663098e-01
2.503844582446455189e-06
1.203402201399347007e+02
5.809453160768012432e-10
2.030546961624667398e-13
2.251442143664690789e-09
1.685494774814926951e-08
1.987678481481182757e+02
1.496506631579204907e+02
1.104081725407595982e-17
8.181965744242572502e-02
3.621956932986097470e-08
6.441562624563790451e-06
8.525165293491434682e+01
2.692747722602147783e-14
7.542605328498643697e-07
4.497441432712374217e-19
8.541905987418967189e-06
8.730248357801948258e-20
4.938863491018237082e-09
3.669831175831762948e+01
6.880272904098560970e-12
4.249197104857624918e-01
1.121620198262037876e-01
5.237221539443258633e-01
1.181377198984704080e+02
4.624497272967214482e-19
5.029493381968871972e+02
2.891264129465091815e-14
5.066379952033367440e-01
6.056389137387779148e-02
1.507438338496907514e-18
6.779521370722649092e-08
4.229136212687550972e-11
2.281779861299320004e-10
3.356667923291175483e-11
1.860494237898051298e-18
1.138415462643763137e-19
9.395505563279377572e-11
3.176896278646677333e-06
5.644588148458768728e+01
3.522780481332088210e-16
4.091883058155097075e+01
5.943910734641882481e-08
2.000732091626035291e-15
4.933365342683635365e-15
2.770739303238186658e-03
5.936128487747651519e-18
1.279679493774744274e-17
5.588329336442552156e-04
1.132711091682069926e-03
9.366735993523262957e-03
7.278831388525531143e-15
1.034334179187697524e-15
2.449493678190139564e-12
5.754491879199490635e-11
4.930040904425558758e-16
4.645118952231139564e-18
8.470835496597140178e-20
6.280423513080835485e-17
7.779328014626826779e-10
3.923679904790771106e-10
4.934698512224152075e-15
7.782827184443211028e-07
8.079945359034331506e-05
6.560627624845761829e+01
6.125260659701478064e-17
1.504396283946851956e-08
2.361288199778234324e-15
4.348861630746385344e-11
9.688580453777405999e-07
2.501703264886471009e-07
1.430575599706732426e+00
2.948107277088616030e-11
4.100658064902291404e-16
6.547608085589463145e-06
1.297871820000845239e-17
2.373424481053992616e-06
2.443358662623993886e-11
3.491199895486750259e-13
7.487943271185958054e-16
7.338731948308465641e-10
1.381267195250106511e-07
2.001538640953510287e-06
6.279749335911605645e-17
2.337202719274735564e-13
7.630680076542466495e-01
1.296690657421003885e-13
7.632093948947091063e-06
1.316398884789854700e-04
1.705955518120959883e-08
4.523113374825150565e-03
7.796685232931308868e-16
8.098954549921784292e+02
1.418914944137456824e-19
3.230056845451265660e-16
8.144338634406392059e-20
1.599976169878050786e-17
1.789380670318540022e-06
1.159872700114208677e-16
1.245955426313562064e-12
3.520129220092336477e-16
7.547007277792908503e-20
4.333326856208626066e-02
2.041336254396754317e-13
6.530022375448898355e-07
8.762651721913919190e-07
4.049153430877112780e-18
3.456122026185673541e-17
7.991437450212445981e+01
6.489589733845754597e-04
1.236765306906380810e-04
4.158675945437727967e-05
1.325014475871020086e-10
1.542677966583101944e-05
6.556096239318165431e-02
5.739681548885121325e-06
5.965479342263524498e-12
2.578826221437227959e-08
3.606576060200466145e+02
1.370077822639748977e+00
2.371212734374058379e-18
8.071704660790169149e-08
6.207790117172590599e-16
1.366226169514343127e-07
5.143652234671143870e-15
1.477634913071419734e-14
6.223384405932392762e-07
6.133530933809995389e+01
2.125331260616033747e-11
9.581701089773207108e-13
4.999916145556336814e-04
6.004809203148750640e+01
1.156674386198029009e-02
1.291932797625113052e-07
8.095769895818271777e+01
1.406991239008152261e+00
7.418220827280656775e-07
3.061019756598546944e-04
2.628336335297722085e-12
5.094626273111135362e+00
2.270730688132323873e-11
5.611737462985835324e-07
3.381229289096305943e-08
5.664278781945859270e-19
8.728936991408126805e-11
8.183886354354440174e-02
1.880493852744984651e-01
2.376116855507905627e-14
8.198987444584253381e-02
1.214170219565829488e-12
1.365813874836891208e-09
1.976593876490818282e-08
1.014425724347491229e-07
8.904554043057191510e-05
1.209879142512963778e-06
1.557472405261736814e-18
3.301575071141179762e+01
1.596156386372356729e-07
1.432178595191233635e-04
3.177221430045690798e-01
4.072966214547362808e-07
7.108149112034667511e-09
5.227148905240346581e-08
3.261996404556345832e-05
1.761745656677485561e-01
3.241149143090472698e-07
2.089333119048483904e-17
1.666447406266713215e-08
7.766808367235666577e-09
5.911844937312501787e-18
4.444424293136770705e-17
1.127233330897119357e-12
1.633215841305067780e-08
5.104882552026297860e-09
1.212360305484844346e-20
1.510846977516787245e-16
5.173497003796140997e-02
4.193163233074012725e-19
1.367143887051404456e-13
4.424669065163077675e-01
3.645780779378920425e-18
3.443493476444896718e-04
1.759397717300724239e-15
5.183998396802627965e-18
1.059773558116286082e-17
1.771152172485565046e+01
3.530257649474719983e+01
1.153567472335526987e-14
1.578898618597289039e-10
1.559293765601591661e-19
1.561443501004399272e-12
7.654032182148485380e-03
7.279158543403253233e-15
1.605862959592656096e-04
3.752321093555962189e-14
6.085662828996940066e-07
5.585897979631929871e-04
4.797151757194604866e-16
8.506998819134931722e+00
2.261087542256700619e-05
3.412852572608517487e+00
7.540813854265301930e-02
1.440902575827519354e-19
3.108173403850513238e-18
3.893272145759556224e+02
1.065718696597355113e-05
8.229062775768739689e-14
9.067253075868761576e-10
2.831951800245390816e-12
4.712062731209480408e-19
3.533764412989109112e-12
6.927757672786359742e-18
6.779389161675718151e-19
2.929473237942470547e-08
3.949265471747628977e-10
3.683175973480701706e-09
3.108228706880358017e-19
1.218728571880272882e-08
1.751358136478796942e-15
6.861170131766417632e-11
1.416977458145365459e-12
6.946777290921120675e-14
4.659561644235847627e-10
4.820529149327713694e-17
5.854901544501121037e-09
4.218194423978284877e-12
2.746516727051002201e-08
4.568847394215517473e-13
5.661039122153710517e-15
3.520304200482351348e-03
8.787130164189715931e-02
1.680805596341965113e-05
3.013181421489916167e-11
1.775044419263623775e-16
8.223639804856479996e-18
4.276404974460953042e-10
6.476385083810731170e-07
4.806112800766555865e-16
5.179501460365585000e-11
2.783824335132701056e-06
3.102147732245686296e+00
9.998975881559280998e-06
3.736548217576881161e-08
2.863391420847866016e+02
1.559121267548565221e-10
1.482162639606500918e-07
2.370239960407802870e-14
5.986047846269676675e+00
1.666859652262341820e-07
8.996373579676071141e-05
1.173019983087535315e-19
1.518568664932227860e-09
3.331892060099639276e-04
3.765724157145069613e-12
1.455189464541011002e-02
3.631224398252502480e-06
2.723814125970519721e-17
2.590191461234762296e-09
1.361728175811957391e-13
1.251970279294170222e-10
4.415289545777806298e-07
6.404793148691920296e-10
2.002445097991755807e-19
3.469322796675044991e-10
7.980440831469657345e-16
1.135984436734150904e+03
9.380922657055607938e-15
8.906700384960287560e-12
3.446184698451688178e+01
2.578107172435175016e+04
2.316722162255876185e+02
1.567862101614324184e-15
4.662503709830079614e-04
6.464909452611936449e-05
2.888175154086967986e-17
2.403927089475631045e-03
2.157407914350245766e-03
1.201132527956669197e-13
4.724195523559492449e-07
1.517386394838165431e-15
6.740988954185307810e-05
4.099712942251118927e-18
2.509994493622602976e-02
1.092211947046506980e-13
1.219818604452740055e-06
1.505680910061751221e-16
3.247364242266561540e-17
2.778485483596998760e-18
6.936216611343289209e-18
1.146627194775855417e-18
1.367191839250478947e-16
1.006864325083853214e-06
2.352751254188875283e-05
5.736568193296173970e-08
4.135403278040769097e-09
1.020773676802140817e-01
1.632905511240891244e-07
5.897363949510401207e-18
7.343001861457256035e-06
7.213808254202666014e-18
1.889281119224761222e-07
5.262608304757131206e-03
1.339792858404600224e+02
4.536962552416030914e-02
6.907774228017003240e-19
7.638748845750594730e-17
1.834056685526933850e-01
7.370910943804138734e-21
4.152461128438909715e-10
4.277437888908372320e-05
5.840342475763747762e-12
5.714003175454860785e-12
1.203318998659477779e-01
1.005868619167984622e-13
3.354263735656145930e-18
1.587919512434945663e-15
2.368882787008320042e-05
2.980867535144749694e-04
1.389612139999378727e-09
1.690361628516360959e+00
7.906028887474191551e-06
4.852005905730449875e-01
3.748845130928382494e-20
2.073136171040921586e-16
6.980939331737061604e-01
7.524886111733748920e-06
9.909454710119035168e-13
5.088308786464127101e-09
2.311983551793840661e+02
6.240941541735672375e-13
1.885768956358627876e-06
4.410534233969800737e-17
6.922117765746871579e-14
3.264380324326410800e+02
4.098173297953363198e-10
1.090254157512751974e-04
8.703990542590902990e+00
1.955255768053936877e-12
8.155703935774103464e-01
3.875510363653965129e+01
1.103608855078289129e-15
2.219554908511656348e-19
1.438746839122744025e-03
1.547961446298237015e-04
6.313929612113388616e-08
1.620667345124468568e+02
6.352413454946621411e-13
4.018930355215134265e-07
3.330345322888813414e-08
1.154128843732790344e+00
2.665707555319449973e-09
1.105177735194015866e-11
2.527646120198413828e-06
6.968578213931846652e-08
7.940969211192867969e-05
5.698032838382708434e-15
7.699511098920956909e-08
3.548023135426030713e-10
1.330543851906599304e-04
1.049561261944675873e-03
1.247284640805630292e-16
2.741101554891057648e-18
1.297527076452888783e+00
1.025391251551927208e-07
5.952189376505604081e-06
1.002265361592356967e-12
1.035472084550388374e-04
5.603425901674203354e-20
3.147754244664920332e-16
1.049568801485192271e+00
9.932596785460189537e+00
4.657308043512536216e-03
4.412143591083688383e-12
2.479028336807288097e-03
6.455526929503112115e+02
2.315853524080177015e-07
1.804950830352051476e-06
1.153025696428902692e-12
1.827878898064076563e-14
1.631390865629669642e-06
3.332493622690740399e-04
8.581941575446546545e-07
1.437681590818734361e-06
1.087022087471577739e-04
1.342400390969460303e-20
6.869093240054061425e-03
1.892211010054723224e-08
2.719894582251735197e-08
7.409834258732362935e-12
1.013147864306088951e-10
3.996230730723303315e-02
6.681811076713302433e-09
9.326630300075134983e+01
1.008686757839897810e-07
4.922479352644407690e-19
4.324024987652601562e+13
1.725293145815336073e-03
2.204876224099385524e+02
8.764675064299438934e-02
1.160603049853561573e-09
1.850845584004844890e-01
5.392350242981027583e-06
3.445264986673683971e-01
3.589378300271749912e-14
8.325368346184435810e-14
5.073512906956215053e-16
5.202211517121693374e-16
5.930909991919652751e-15
1.557035736585492853e-08
2.141947606930091872e-20
6.247537210489861628e-10
4.451439495481941909e-19
2.848049986870039968e-17
1.351544020460158132e-10
1.113724575661382687e+03
6.507248098670092170e-12
3.168736658545323430e-03
3.104029569367092298e-09
7.333721593092660029e+00
1.071984719555729436e-06
8.985808883977552722e-08
3.887588819712856254e-08
2.512762075749890283e-03
2.284776578633972681e-13
1.858537037382917426e-15
1.834503201021214658e-05
3.713446637147721060e-17
8.029090899065378706e-08
1.546560470004818804e-20
2.044647596166499558e-05
1.621838907171763048e-10
1.393047552125943689e+01
6.212650977944361904e-19
8.318552336109172884e+00
1.742250914117775582e-10
4.446303642323979832e-12
2.399182853909326979e-02
1.390339329165149605e-10
1.521159053637044536e-06
6.412715808665448947e+01
3.481307224691686602e-14
1.077085761022293179e-14
1.282974624726443136e-01
4.235640014648142239e-06
6.184448922888574152e-05
1.700851873041926155e-13
4.316725671814909790e-04
3.599120968620290136e-17
1.762606103987149082e-03
2.861881690521705318e-06
5.998074539142992744e-14
1.953037358835470003e-08
1.559713358281739099e-12
2.400414652799552495e-14
3.915772535102384346e-15
6.209064820738981964e-05
1.522590825452630405e-08
2.606731451166320655e-06
4.523175383543034094e-17
4.186016800320945519e-20
1.263868966834690309e-07
4.968247595014612550e+00
1.280655060684799751e-03
5.637831982534824416e-18
1.240980456204111773e-09
8.232992062352839453e-19
1.537799139377501554e-12
7.807786923776001221e-16
2.307531056121929275e-17
4.295305225962315490e+03
3.015961186367647547e-16
1.420095116559475927e-05
2.418451822656498719e-05
8.190714653541416961e-11
1.446485487951757137e-04
6.230153851881599092e-01
1.222366107836724027e-14
3.541635636096992279e+00
7.014370443718857887e-15
5.196520528759779409e-10
2.449366919025425432e+03
1.714800952411193958e-10
1.147136863296042748e-05
2.855819583660529961e-11
9.936412981867762539e+01
1.463555407366649679e-02
3.698273733807546932e+02
9.965069570769017437e-13
4.017828308628532569e-08
4.177436742811772678e-05
2.008388239120615282e+01
4.053977677337437615e-17
1.380227425027155415e-09
4.964722965637786723e-10
7.023098626173782370e-09
7.843576518949812784e-13
2.595255183463689996e-01
5.139825667348349968e-03
1.646299665378748746e-16
3.357787843749489311e-18
4.976452983805166696e+03
1.088378997042222851e+00
1.229972013377413806e-10
8.718089571020808393e-01
1.027626241511059358e-12
1.425288107896928302e+01
2.314851870580880089e+01
9.688864620251418092e-02
8.447797122340408027e-01
4.597323484181695880e-10
7.792105898654175396e-05
8.625258902186312415e-01
1.166152066175717270e-17
2.901603186692925670e-12
5.713777434160465822e-15
7.845050185246473135e-19
1.952781317748885035e-16
2.265285195891563075e-06
3.623625732904721591e-15
1.614738610067168833e-16
3.450633144181056772e-17
1.603494725601460765e-04
2.679127230355499156e-01
4.317563481797406926e-06
5.177097598957014964e-12
1.222052387985417247e-15
7.478752502580216397e-08
1.096930262164113726e-14
1.897370316571487438e-20
3.223107663519488142e+01
1.574883277747139468e-05
1.790764128807551682e-14
1.621423691462491046e-02
4.259477023024953724e+01
1.063842746592663733e-03
1.886822439793325590e-01
1.293384117271665274e-08
1.060876743102258205e-11
8.265661755410872258e-16
4.281027800245662068e-08
8.566651173809547806e-06
1.138591532730109334e-14
6.738123098863164186e-14
2.349906312817346585e-14
1.059330680412286181e-19
3.347338075426375958e-01
3.166586398021477762e-12
4.445778673086284844e-13
1.390175260333522260e+02
6.404236452743965885e-07
5.532699001213257873e-04
5.302854014862884246e-06
9.776986550814745504e-10
4.077746988742569556e+01
1.108439745024793199e-01
1.163172170632929560e-16
7.941589511959478052e-17
7.317661628990435705e-16
3.330247474026739058e-08
1.874725754173488066e-16
3.057098747017979515e-13
3.258923821203847960e-07
4.416269627654145384e-18
6.276748090180968125e-04
1.254641837000216309e-01
6.401306755621889873e-13
7.763550264089473211e-14
2.646990510495968252e+01
8.962304739161133238e-01
3.070931835365557812e-05
7.890913309468240675e-06
5.383240577953254952e-08
6.037774601923219227e-08
1.147381373146906221e-03
1.528058476016033704e-05
1.631306001874815309e-03
2.457639561113754960e-16
1.089961892545246794e-12
9.832777428769917825e-16
1.472032921578970191e-17
4.385245987709702381e-19
5.306695899104053195e-18
9.874496583921237427e-18
9.501999323211205439e-01
6.087980858110047321e-08
4.054857588431784487e-07
1.103515288043294953e-04
9.997135741726243506e-05
9.959939123442053201e-17
2.473252438528555051e-04
3.541557648171482510e-09
8.550256208248898350e-14
1.901616540828194148e-03
1.665678052881754732e-06
5.612998533334104950e-02
5.124620560080204211e-14
2.605539037173428449e-18
3.016587740100058454e+03
1.942679518378335415e-15
6.908502402409708043e-09
5.120335954781428270e-09
1.248301205930055863e-18
1.362468617914649482e-16
1.261198933990764125e-18
3.897887598073268012e-01
9.276435020675944543e+01
5.529297890337059797e-09
2.159442606992049374e+00
1.498680593623330196e-18
1.158685443802216497e+00
2.805132566336170086e-02
9.679014585615567973e-19
3.337862598709953972e-19
3.369924517917198548e-02
2.425600406076184672e-11
1.032431032899326517e+01
6.346861154515253561e-12
6.141964344746689405e-11
6.571211077938716890e-14
4.789021418523443690e-16
2.053016881249122947e-04
8.462738370030198561e-10
2.509305978295209375e-18
3.905627347542314862e-03
2.599194388982247118e-19
1.368315015908635148e-06
4.460058512279707046e-07
2.707227469570187561e-01
9.235259933096517265e-05
3.744845301687980380e-04
1.396999985989918359e-05
3.591046555875191643e+03
5.226849763078154561e-19
8.065883269763534658e-11
7.317000662384924977e-09
1.589204800456798461e+00
2.945408707284660011e-15
4.060823723681066761e-12
4.839910584881737532e-01
1.647477019538866974e-07
2.438533698543098418e-04
5.415367141010308551e-18
5.506440716383098830e-06
8.137569407660102602e-03
1.079510918536450114e-11
2.294649833004191663e-17
3.707211294135467211e-02
6.146228408768146340e-14
1.862822535255848847e-03
1.325602690176347782e-18
2.683112473327505983e-17
7.603687891824976886e-09
4.628421668113721665e+01
9.876712550074492891e-02
4.941119212135475684e-12
4.040033828380184899e-05
4.133434573523567631e-13
1.815614536413286424e-05
5.669843218273051009e-15
2.142628592598635860e-18
4.277933086293898027e-17
3.482014836659803834e-06
3.994867647964351292e-05
9.888947739540415455e-17
2.835355891449855145e-06
1.068009403661717566e-01
6.845811335603139401e-12
9.132849534901939535e-12
9.633308777589440618e-06
5.066519437558775108e-16
3.879519453710423043e-14
1.678060504200079542e-12
3.320904647966801984e-11
3.274510555686536993e-11
1.164883302966204215e-17
7.621795326728131342e-06
2.669506445503167635e-11
7.597692842780275901e-01
6.539162974707279023e-07
7.855311880397504825e-06
1.304197820313762957e-09
2.096026863454559575e+01
1.929333862153766177e-02
6.430849269787344809e-14
1.128527443149173800e-13
1.560595122904820701e-19
8.605422189034429069e-06
5.983474728765053423e-03
8.347562505360819776e-14
3.553863559781310756e-05
4.854352461446266886e+01
1.710977576012285508e-13
1.511654928278807799e-08
4.521997022318882140e-06
4.478747606923857133e-09
6.897337074667355411e-15
9.767120604865757102e-15
1.989757996618891746e-10
4.021744695503363163e-15
3.229264792746411880e-20
4.289166476923442089e-07
1.081245729015319935e-02
2.902597554749100254e+03
1.720652279022495757e-14
2.850112041397090046e-09
1.693964430476605314e-15
4.436155021309188391e-06
1.000888017851288710e-08
2.521922228051055380e-17
2.194117274096313628e-15
9.830156289280113395e-16
1.691793050767025295e-08
9.001462009748740381e-13
1.692373671286428468e-15
2.448525147564817734e-10
6.722139465706281503e-04
3.217364433856952088e-02
7.347783465145376634e-15
4.465112677433227058e-04
5.664130297934053183e-05
5.335227119361147716e-10
6.547672583868418315e+02
8.695760772151404177e-12
3.415653489389819504e-13
1.712443150385820228e-05
4.420652490714053862e+00
4.412616129846262260e-15
5.183068141744815630e-13
2.847399618655306864e-17
6.289593392527552530e-19
1.704211700501542302e-11
2.363495003135168560e+01
2.555263854434016059e-07
3.280917508272046640e-07
3.368076847899071247e+00
9.141642602413317100e-04
1.020748798749436427e-08
1.226316942484679799e+02
6.900021943366126180e-16
5.531714415529222429e-14
3.954674201869768876e-04
1.079434710518753417e-05
1.343683015447946603e-15
2.556141853722817249e-08
4.834869399668567664e-11
5.236001327040562536e+00
8.588677567876418990e-14
2.035535203199276679e-05
8.163237853463779618e-14
3.732801090345520834e+01
8.763234752580691514e-18
6.538456167503532868e+01
9.735590592263605621e-10
1.260353876104253955e-14
5.962292566409267863e-09
2.137273599230443124e-04
2.216948097126978401e-05
2.219306014445773485e+02
5.364136447725907815e-03
4.462685572578328590e-05
2.516923083609643418e-03
1.075224725190113232e-04
2.044754870078731937e-08
6.973549713090608069e-17
9.348388332887276712e-07
1.294617065272238917e-04
7.189589321173108915e-05
1.689767624211824536e-10
4.642220756985072978e-12
2.429443985625613756e-13
1.745395692022043760e-14
8.739631980435162706e-02
1.360112118754017000e-04
2.597374001058012048e-07
2.631531744069901175e-04
1.725168492148180732e+01
1.601106010180083639e-01
1.771546752560831338e-16
3.720360122110614402e-03
1.022491171445005875e+01
6.317688724011497095e-18
1.876003370608433309e-19
4.408048561158852937e-10
1.137601741292597422e-03
1.543993354434017553e-10
1.116148930234162547e-05
1.025460041989902649e-01
5.342547992751992914e-15
2.448494752914643921e-06
5.311840991420116465e-19
9.352236013527939762e-02
3.421835986492870844e-14
8.022708385429252108e-17
4.095464881070428162e-14
2.108439087748193939e-08
4.234261466004959118e+00
2.090104145866406559e-07
3.257175277425573001e-01
1.759577500128697847e-01
5.861257626677181427e-03
1.651261666815081590e-05
9.188149593152048654e-17
2.678612756725094950e-11
2.873064740208369249e-16
5.825645546879379731e-12
7.671016202024684281e-13
3.113201695164149097e-10
5.861666459497704156e-15
4.294430543845033141e-08
1.285375498431887754e-08
3.221980151238937921e-15
8.787438818363574492e-17
4.776896990347202451e-06
2.734863328933067627e-18
1.191212434277219457e-07
8.231729273386808300e-18
7.592122403553786349e-08
6.406567930834374106e-14
1.728055027971368211e-04
1.238597713064900630e-05
1.329935466312450737e-11
1.529191627808797792e-12
5.354166766512835416e-15
1.015156946823622786e+00
6.584169714718505941e-15
5.819208026666540697e-03
9.839744767484341992e+02
4.265824572328741624e+02
2.546591712591831772e-08
4.758732074317070639e-06
1.871501357429173052e-12
4.211092232763512613e-05
5.320881618870603597e-14
5.704361473509173663e+00
2.776597203615308384e-13
6.418401926756752980e-15
3.603986784255279784e-17
2.379691354109380260e-07
3.271445067976308187e-20
3.497999875759395592e-12
4.333760146121224788e-13
2.549887736303493603e-13
3.196613374067120524e-07
5.692640563120989965e-16
7.249769071588569008e-08
2.315018371115210808e-09
2.528960754798608513e-13
4.274975247856582162e-11
6.761781309582896067e-18
3.206318704668796073e-05
8.465201603513402450e-20
2.350963290683789353e+02
1.837131269315902746e-02
2.157773314840839742e-05
4.418595728417337192e-15
3.201986166181723934e-13
6.157103621018564521e-15
6.499968958988114245e-04
3.714446647845399130e-01
5.182227054201067541e-05
7.074598729115950161e-18
1.997819584560041495e+00
4.418349871230906501e+03
3.922623718199511811e-09
2.981372491649909762e+02
1.016936252539158174e-03
2.035606032772890330e+02
1.565705020396462174e-05
2.890791715121131575e-08
3.189120042942575672e+00
2.896490845229572232e-16
3.363840229006524567e-03
2.773835724839010949e-15
3.034654065488952973e-02
3.251681710951686188e-17
2.040415435574808472e-19
9.330727540398724726e-15
9.993005839098946557e-07
9.768363076810892179e-12
9.370432805398166698e-01
3.302135348139568258e-11
1.919772516415491070e-01
3.197573790577231678e-01
2.631019295671329446e-05
3.205322340278924217e-18
1.040241014657494311e-03
7.529814185996103539e-07
4.398843872125671449e-12
6.280240615519815606e+00
1.253560072951472776e-15
8.101774957543829425e-02
4.377353582713201347e-08
4.885271509337031366e-11
4.265833169748084913e-13
4.246093058299561405e-05
1.760568332673069492e+01
2.994946305955643488e-17
1.862495378832268351e-13
6.951331733025044187e-13
5.821196421434551507e-06
4.741813574236606413e-12
1.368206042274279844e-17
2.102411864807518072e+00
7.394157353246135972e-13
2.482024582139680218e-07
3.574374516093500409e-05
4.486834852675842799e-08
7.584930225399747724e+04
5.840428134650193392e+00
4.755130583332408469e-20
2.007965260067035296e-01
1.699978136681643538e-06
4.298619551363298115e+02
1.573420175309187506e-12
5.435286047055488631e-05
1.309247184462913091e-08
2.287983273207314372e-01
1.326935171017903025e-15
3.226519658961410340e-07
1.009252374850781104e-18
1.898895580096766480e+02
3.654407286274777679e-04
1.178974403028636640e-05
4.777257783750242688e-03
1.489841226629794561e-16
2.654453612059548551e+00
9.593436320052449411e-11
1.859545731837871569e-06
1.455032019367939744e-02
3.454765980202898042e-18
4.346786896758000321e-05
1.935022471063723601e-07
1.713441141321194305e-14
2.173618777697749811e-06
1.813123980263593704e-09
8.937375637244825144e-02
2.530041524759951005e-02
1.317993614833812373e-09
3.780884775531276353e-20
6.644951142898180100e-06
1.780944204959375533e-13
1.940872517934156945e-18
2.292288437726224537e-01
4.432177029957048547e-07
3.092828178288800382e-18
1.873019845491026243e-09
6.448747102457396791e-11
1.515932574391494758e-01
6.671277080796670963e-16
1.633773122848767881e-16
2.274873425824045060e-09
2.497287725343640672e-10
1.179486597516776938e-08
5.036673238967557686e-14
1.598886634009460592e-04
7.136833183124648925e-16
1.340655313761112124e-15
4.019773985219023296e-08
7.485436402918734800e-01
2.338605826346135359e+02
2.919008723454891326e-05
3.288100315718702685e-07
1.169468204479669543e-16
2.559762444088384964e-02
5.518533987433873467e-01
2.614220645079952563e-10
2.282123266375636111e-19
6.570181176979006778e-04
3.168239815712419968e-05
4.155298042334081856e+02
1.138345948352303266e-02
2.948807652297116330e-15
1.577506453239797823e-02
1.023522876318705827e+07
3.175815861153776787e+00
1.043160972553838750e-06
2.131043535019140140e-11
4.131913415011811794e-08
6.040917933634369774e+02
3.744304855936356191e-05
1.213110711439276734e+00
2.846635225122585781e-21
1.136534292913655404e-16
1.156727186285825493e+00
3.479836406479306168e-11
3.893914417583873457e-10
1.047644650764881114e+01
3.815621849779833683e-03
5.868469655118149575e+01
6.348257488503910473e+00
1.438808739099877161e-14
4.105006503976891707e+00
3.291494680397526146e-08
1.572868706851737668e-15
3.859644542485491520e-02
1.950702311598943482e-09
5.006839573039800715e-14
2.847043518389272680e-12
1.502531789834554176e-19
1.352999497552010124e-05
2.202599410675812763e-14
1.470184366066052061e-09
1.572031305410731149e-04
3.479698020146753507e-11
1.842648422442168570e-15
7.543443998462993310e-12
1.378776842640697516e-06
6.936999260564093047e-20
8.099164123817064950e-03
3.291587328937001051e-16
5.250071127237410914e-19
3.175846878563307735e-05
4.075056550423252157e-12
4.805114997877197860e-20
3.352395195086115522e-10
2.742385640746065138e-17
1.345235470020877767e-14
4.004268057956533994e+03
2.429216925215639549e-12
4.808393325960686446e-13
1.388552922916632796e-05
1.400065929997983176e+03
5.714847342544271399e-11
2.053308692782305734e-06
4.267466103540012086e-13
5.793924586454408392e-19
2.159669771772074624e-13
5.919899029346084696e+00
3.715719859578941611e-14
4.335525037136571421e-12
2.428803016950822049e-15
1.778822389405704474e+00
2.619650936493231086e-06
4.810377773324176112e-07
1.441620287878137410e-16
4.052216489301063262e+00
1.072269808371801586e-14
1.854222495348710370e-15
6.282046896802627639e-08
1.570191274885826660e-19
1.380583644265179468e-06
1.811750065866514968e-10
1.817898878193882638e+03
8.756173654025626750e-04
5.203781930674407070e-18
2.254706556364283007e-15
6.804154915802257268e-19
7.416555615255718289e-06
8.078679199007602435e-16
9.016110349285685801e-04
6.433681828878029592e+02
8.551705214044899250e+00
1.667291599985105961e+02
3.219634848524110320e-12
7.122015403756038604e-20
9.857119180893645291e-14
1.440917414731200822e-09
1.253052293137563140e+02
2.536534523554366969e-09
3.685659274176165793e-09
2.033433314587129859e-19
5.347073809450628525e-17
7.590511948769011752e-02
2.521129069393321629e+02
4.275593866933720596e-06
5.642192133811461034e-15
2.777180864579760998e-05
2.466943459662627666e-02
5.927365477769623858e+00
5.271829332526094779e-04
4.952389066082389679e-17
2.494319944958316881e+00
6.085129579789041056e-17
4.897452653991113462e-06
8.543168650050825412e-08
3.398754161988400228e-06
4.821250300432144455e-03
1.654390680400133107e+01
2.761211108150661500e-15
1.013258085972247963e-15
1.453886401171761621e-18
2.673890546863157503e-19
1.800190431398004165e+00
1.077583706561620462e-13
4.614509956393345260e-13
1.170058843083548877e-01
5.965973701596599534e-06
2.516702685627336591e-03
2.489022806114213733e-11
5.874824246487138290e-18
1.561128623547503209e-02
9.540393346222116912e-16
2.247143551664445571e+00
6.598616174373164640e-16
4.181724483627352520e-05
2.427942808899450234e-03
1.214860406166309126e+01
1.295323744387898657e+01
3.921901942010988390e-09
5.954784714101856028e-11
1.037997074185517470e-09
7.814323919221583387e-09
2.851771048616990699e-18
5.160353488916684661e+00
6.022983592844463279e-18
2.987208516927864750e-17
9.795848712782556417e-15
1.027911765696399185e-16
8.122846144219090306e-18
1.234746027160858184e-11
1.136252564553541782e-11
3.555011205690635325e-05
1.386042021626588931e-08
1.110880629526188302e-04
9.445819799214093720e-12
7.464520003896292499e-02
3.259075528890232665e+00
5.172135745855029891e-14
3.658613278595854407e-05
2.272342333942277762e-02
2.313974151418699061e-11
2.445919501040902275e-05
5.345349741708259870e-19
6.801379943473254480e-14
6.614010914526165241e-02
1.539505250052908161e-04
8.304498302988526648e-01
4.230352349897669446e-19
7.125832596281104318e-10
1.506269126977528749e+01
9.616048024223633277e-05
1.753236735008837080e-15
1.397934848664549954e-17
7.143349231877806266e-13
5.090395084648428241e-06
2.754457610201599861e-10
1.671823011842566425e-14
1.544442211481473213e-03
1.532272326751632038e-15
4.701298502205653590e-13
1.588004499025389453e-17
2.093139941054340536e-01
9.844620376242230526e-12
1.718478051139593274e-03
2.754395805560612587e+00
1.858806761024408181e-14
5.454242849595067453e-07
4.875433975905709209e-14
1.123194262707492306e-14
1.522947883839927974e-17
2.176738465450546265e+11
7.331635996757208813e-19
6.467261997230013167e-03
4.264453302243343513e-16
5.568832815882294618e+00
2.594301447875584188e+01
7.098176226944145906e-02
7.174647277372791926e-17
1.076818639859190637e-14
9.675045320357104905e-02
1.039885168064308418e-02
8.480974928346740604e-02
2.174743890756580367e+00
2.461851065030781804e-18
9.561923784566540286e-07
2.209424257294708565e-18
1.822220410470708707e+00
1.254412313310680134e-17
5.913688093169840827e-05
4.883850704930136664e-18
7.765268462076608103e+02
6.790225034730887899e+01
1.750523488959287733e-11
6.369549826928017407e-12
1.211611640095271402e-15
1.075728496941783701e-03
1.350836473806210670e-12
6.704613894533630351e-09
2.300018932125699318e-19
1.279745424903834538e-11
4.877724775220451393e-18
1.791498973378861639e-07
1.360810644327176138e-07
1.222630755980024529e-12
2.640535176283653290e-05
1.557476774315581753e-09
2.086704766457051274e+00
8.030101879658300620e-03
2.151872592249701619e-05
2.293836267976415502e-02
1.435468002738493425e-04
3.377619431952052684e-04
2.436425375137154688e+13
5.053346424081188275e-09
4.045626678824622940e-13
3.620915735319220374e+01
2.608756001049868596e-08
2.104545560361671436e-04
2.828025007581245489e-04
3.195560268175192170e-08
1.289920216932736058e-17
1.192437758914548561e-16
7.763960995343521600e-06
1.184888156437614659e-12
9.894737212766190050e-22
2.555792539363455892e-11
6.056810699503717389e-09
1.664154102745686462e-03
1.381227610492527848e-06
2.158630226182057328e-04
7.883837674324240704e-06
2.527693828754320453e-16
2.833341018363768740e+02
2.519865199835501348e-08
2.030208336668212664e-08
7.949846984703719913e-07
1.979148347557056979e+02
6.020444932740740343e-03
1.343533123104239529e-09
1.132655202694071960e-11
2.880028330819306418e-18
7.211504889763825204e-08
5.729885381748217883e-12
1.420543125708787264e-06
9.235418236969078270e-04
6.248994908961464328e-15
3.698342861343997227e-17
2.373325750427884860e-06
6.257784814512095947e+11
4.288114279443590860e-12
1.102420628667011147e-11
2.330387124999537531e-08
8.128762947439359399e-02
4.176820389674139286e-18
1.742742840033642379e-16
2.102048236724469277e+00
1.193080809672200475e-02
2.599266162326582222e-05
2.877113431338774245e-18
4.194573011891712148e-12
1.019902648984594445e-05
9.533454943853461927e+00
1.655161261951691998e+00
1.275923009728069246e+01
5.981722342133594772e+00
2.550677860832903736e-07
1.221484866224889159e-08
1.270550306865384135e-10
6.693765749752966867e-19
4.065513164743476187e-10
9.483542473774035689e-08
1.065347336368843406e-15
3.298670227659061944e-15
5.185446260915361760e-01
7.517221720155838791e-09
5.160369071453877142e-12
6.198353439875618395e-13
1.221217954433389402e-01
4.111388789358452776e-19
2.128628547572286589e-02
1.115762091991296793e-09
4.560185998477655616e-20
4.448310215094266276e-13
4.329215811047136931e-19
9.228352074206858522e-16
9.488680626843599621e-09
8.846254466530683958e-14
2.196837763176612095e-08
1.482213369020093714e-08
5.034837542197016791e-02
1.442374191961117205e-14
4.041080706061102312e-02
3.079799868103256344e+01
4.990394507672127082e-16
7.179262329085028819e-19
6.067837550438097416e-03
2.129718486813534878e-12
1.040892912977673109e-10
1.909215586472232384e-01
1.691206781490915554e-19
1.632167751750034037e-09
5.203306802308714465e-20
9.478827289643060620e-05
3.981408490725407865e-12
2.151233821400634605e-19
5.676987119824751266e-11
2.038375716528476043e-11
2.132243931395542515e-16
3.196031897146500953e-10
9.546403935236699716e-18
4.094259305583858310e-02
3.815426012644526942e-13
2.231095024411155087e-16
6.145458233248301205e+00
2.131663011646188099e+00
1.183062796741891447e-07
1.417503682655847849e-12
3.423354449155474742e-17
2.263725193170960779e+02
5.936349109909314484e-12
2.415965111708712199e-01
5.010741685118232959e-03
3.082126010735986455e-03
7.154345031836666726e-18
4.569278434158010291e-09
7.899185605911888589e-13
1.196068675045230518e-17
3.011864953065856334e-09
1.081541950846453409e-02
1.296510262515824170e-06
2.286512666724848062e-06
8.313216908945467687e-15
1.143751859488800898e-01
9.155501448683400767e-02
6.680228414517303070e-13
2.297999295507048686e-06
4.580950540548555772e+00
1.101019491700748598e-14
3.453525019854158287e-08
2.282799234380899040e-14
3.866406174325718131e-08
2.989067072637158866e-08
4.751369865436030752e-04
2.665913423282337931e+02
3.065395189354069876e-14
6.038878617166227404e-05
4.683743143002177534e-01
8.960404659817424933e-13
8.748729866206549012e-13
1.307853794839185270e-13
9.529490850613330233e-01
5.130146967646267292e-02
1.171971318540957219e-12
3.452788823916773869e-12
7.243474828426163862e-14
1.586386170401601720e-11
6.041497896673250829e-08
1.535515762751507252e+00
3.518831077278780334e-17
2.283084944450787790e-10
1.043344670678667320e-09
1.304712545824890356e-09
2.642975360466312307e-13
2.545374376115635055e-09
6.703983256750600968e-10
2.024049002502270740e-06
9.101202817799514833e+01
6.347659525243700011e-15
1.022126655917007021e+00
6.429964528130687452e-20
1.215299373915268492e-04
1.563652145209451069e-05
5.777137176168816795e-20
1.794107660205072341e-01
4.764385252241152875e-11
1.210559420763152518e-14
5.432091846934319790e+00
1.691032832734215390e+02
8.511740656211989631e+01
1.020223261435318022e+03
8.354987154312147927e-17
5.806202380478818981e+00
6.523117055243306872e+00
2.364266335458871993e+02
5.572481570317344007e-02
2.133442649212817059e+02
5.147683727504538502e-03
7.165464661927292203e-19
2.066325390085127821e-09
1.619562431375435486e+11
2.650488421966158329e-05
6.367238746355897358e-18
6.611606495384558418e-18
5.316971426359327273e-12
5.134167826346055178e-12
7.543553296798129735e-05
2.134676139656311645e-06
6.856149853554403535e+02
3.444521743434572085e-16
2.073475116223362191e-14
3.208196553861154123e-13
1.101201928115805728e+01
1.125865508481798560e+00
4.696393484980337657e-17
1.324002944316947150e-18
2.099787294286348527e-01
5.781555404140880308e-11
7.367492178741611575e-08
7.482919449326083772e+00
1.604304440220781086e-17
1.342439980441948236e-04
2.452178414284626874e-13
3.514365089726355640e-01
1.777204416579782072e-12
2.028029619586473522e-18
2.578037707461665207e+01
3.060760393016728072e-09
8.597062159871552096e-19
4.905015444244826358e+04
3.444713521410248166e-03
4.763441333617539551e-10
5.380243117657838117e-16
1.915969172824462657e+04
1.556844972673864268e-18
7.147117736784194819e-02
1.880101030103072909e-12
2.640581751831614240e-11
7.682060093429239387e-09
9.467111548507756631e-15
5.708765519770031160e-17
1.784980451800791706e-08
6.287736135262717019e-01
7.304033599145443887e-20
3.986150343567641113e-02
3.064836750436712620e+01
3.341421252991097060e-08
1.272199260970091411e-04
1.421184707839689473e-13
4.498483437924196437e-09
1.691377594679794640e+02
5.116416598585294917e-20
4.821356808051027573e-17
4.129945218918084131e-17
1.564589047086518275e-02
1.879958732471945987e+05
4.611983307106805522e-07
6.003364029968044993e-06
1.172295833280271010e-17
8.949320928456185875e-01
1.859397532944507591e-14
2.646971856198834600e-17
1.060782893866266237e-12
1.522173705005538889e-18
1.247228504891939623e-17
2.759666535049364910e-15
3.308920601925637045e-06
1.873666217897698468e-10
1.286203839903288783e-15
1.029787837138783531e-02
3.593739912870941994e-02
1.093900477441000731e+02
3.991753371475633916e+00
8.566655521142576997e-11
5.202585256745697182e-14
2.767736441023184818e-12
6.650969883541055276e-10
1.699798622979652896e-11
1.253645486317460895e-11
1.254043808236139732e-03
5.671259782551056894e-01
1.118568171389547332e-11
3.631953732692045320e-18
1.510415188798068954e-18
5.325224027540740286e-12
1.011575007972372431e+00
3.144048837677318587e-19
4.630921246099246233e-17
2.423446093782704036e-01
4.807771907515720711e-05
1.685753865092734699e-19
1.069269078316819818e-02
1.333018434123415807e-01
1.696984139901971519e-05
4.163881650770200036e-20
1.542788115225305527e-07
1.594513194507971106e-06
8.032449822448941991e-14
2.957645013999836069e-08
9.936189144655062887e-04
2.463265215458927959e-01
1.440396386526904009e-18
3.718096440511249808e-09
1.925188609141027630e-08
4.667650748837097099e-19
1.302183794715203230e-12
9.384424862970185133e-02
4.807985381611375609e-04
2.375262320666157636e-03
3.828155795068278720e-10
1.242996365642390734e-21
2.232516305040149528e-10
7.670162712882262757e-02
6.987642398012336962e-14
9.650567591817164588e-04
1.129935952058985492e-13
1.232612066878946942e-03
1.242266398325820198e+01
1.137571911312013203e-13
3.493088414794546164e-14
8.482218798195509635e+01
1.730427782629725604e-07
2.180732418291533152e-10
3.101445659456456439e-04
2.882382851398237603e-17
2.695214498514639145e-10
2.079572826320104815e-08
8.216602707362737415e-08
3.781822831260071585e-06
1.110026312125398526e-08
8.725812910376372356e-02
4.447545536284651421e-14
3.349284329883091731e-19
1.377267052794013717e-15
1.027991267189163298e-14
1.162212291201906244e-16
9.236949732998787630e-12
1.463698524085223899e-11
2.268973767345520809e+00
6.915646915811987649e-02
3.243165917503703033e-17
2.486538744627583303e-13
1.827451396231767333e+01
5.377756967289858414e-01
3.885962432685980443e-14
1.567089022039676871e-01
3.411430296902395508e-07
2.166666822719319446e-14
9.547489305601329880e-18
4.451235449915762944e-18
3.513436195378365073e-07
2.743455943187365690e-08
4.723119540163782100e-04
9.504497147337498731e-07
1.341498657383864979e-01
1.124444961267258428e-11
3.014797588197269089e-12
2.555976568292400312e-06
6.147417587814573593e-10
8.648426364185900495e-01
2.467858897815934682e+01
7.616750747974287390e-07
7.087952418631702376e-09
1.839161949242963345e+01
2.208912641048769941e-19
4.342112497730471070e-08
8.924109735047524036e-08
6.485942006076465205e+00
3.091955808495426863e-18
2.378179476436897613e-13
2.573490797661107857e-10
1.035962780535075890e-03
1.050526983259338816e-07
3.651177072309949636e-15
3.656666588385153510e-11
5.406115974006579090e-15
5.091518342272125658e-02
1.571806083158679668e-08
1.088300588122813224e+03
5.501009925523431814e-10
1.463850014265122612e-19
1.745802711878051327e-14
3.678272415280487754e-06
1.061136873236587563e+00
6.925856341560865545e-12
7.406846896475214908e-18
5.099190771406085409e-10
1.166667530377428002e-19
7.443831243558952870e+00
5.387026960406395754e-13
1.046009171102440377e-02
2.414199984234965914e-09
8.576716653673229115e-14
2.463107868707434403e-13
4.627957170290023292e+00
1.164858646798257180e-02
8.727192099830320708e-19
2.595191698990922612e-10
1.057345461704085193e-02
4.644123310172182138e-10
2.357426698109588455e-08
2.121312252807368986e-07
6.029565792214478509e-18
2.922539593061824006e-15
2.473967413395296846e-11
8.341594210122779057e-15
3.127046361007723674e-13
9.043275950097991256e+01
3.123032568331734690e-02
3.893481242241073471e-18
9.308170087279758148e-07
1.507867435737880578e-13
2.220475613725896497e-16
1.520146605189079025e+01
7.476831077562391160e-04
6.843464958680697485e+00
3.473622992781676477e-19
5.516131122488738393e-10
9.110461928377379393e-02
1.300691044509414382e+02
3.791364539967618725e+02
9.701704991411745898e-06
4.171322189256909500e-12
2.431901546917448001e-05
2.416571297368233214e-16
7.261813069693805897e-12
7.843895260061822583e+00
9.600527182476412410e-17
4.405913637581317932e-01
1.635000215938740241e-16
1.799197171335191817e-02
1.666715979741312604e-11
4.831905155863422851e-09
9.253480621223680203e+00
8.400820193797577107e-02
2.334005521809189825e-16
8.767075199900558144e-18
5.931017628936129000e-07
2.233941411284545666e+03
3.641130949244039960e-11
2.938533838667379272e-01
8.920812033251702322e-08
2.272709232497952314e+01
1.202330955640502408e+00
1.202395798523383033e-04
2.035312794945452595e+02
3.492913946652206647e+01
9.313200251045564859e-13
6.637979821103582312e-01
3.258122949551527370e+01
4.678329173702849956e-20
1.209534884624489937e-03
2.172846347080611419e-17
2.121201937641278446e-12
5.781441230945155879e-06
9.727321651204438642e-09
1.294190618383250601e-10
1.360901899166116189e-12
2.795141247901911682e-04
4.596250425495036117e-06
1.423223857754327134e-11
2.770165867325180553e-01
8.515078862082860626e-17
2.047663003470262457e-17
3.112006618267198266e-16
1.144486803763668618e-05
4.157047576386631217e-16
1.146581703598668561e-12
4.298146685151012392e+00
8.070585099623746159e-14
1.142405857037402542e-13
2.449075263574818746e+04
6.935376342530235136e-13
1.921295678496543406e-19
3.216901383790128910e-01
5.066487360925799414e-08
2.779896919726072555e-13
3.774176233366724904e-06
2.482238533243939069e-20
1.512238080603440200e-18
1.014127527256332330e-09
2.868917452752042418e-12
3.257397940743888914e-04
nan
6.986728157443359983e-11
1.124864221601953216e-06
3.642935029479936892e-18
1.723804074770170711e-19
3.600404160247742703e-05
1.136348932399157247e-13
1.298643115472540100e-03
1.296793173132602683e-14
8.364701930480099015e-12
1.074189237230213255e-04
5.026473975261294505e-10
1.756413739886232540e-04
2.091555686780249472e-06
1.111532769136050920e-18
1.044016096717749320e-16
1.324128720159261243e-05
6.061285185232023644e-08
4.421665978490833413e-16
2.808853531084860312e-18
6.324745674433558989e-18
2.598954564618498483e-08
1.774535992471192649e-08
9.871367590614371895e-05
2.940322705497495914e-02
3.109370020327898440e-08
8.229363829414913442e-03
1.633121216270739119e-07
1.025419092207062746e-14
4.106336204589045719e-02
3.004305214446463871e-17
8.306012413245451853e+02
4.376594932213406719e+04
6.158797048363436488e+01
1.989442944593421803e-10
7.415280684539767841e-16
4.279072482493090982e-19
8.939960988451373189e-12
4.211297267975010072e+01
1.562789791406588372e-02
6.588395670288472115e-20
1.232424958148598115e+01
5.403160178328045391e-16
2.867720506515120116e-01
8.096312048746935727e-05
2.284305547052207850e-14
3.426894970375657080e-08
2.525867362403349128e-13
9.615774258754643689e-04
1.582911843702670962e-02
3.354055377876249751e-10
2.527820151106497699e-09
8.940581116605247158e-16
1.148348095212874527e-13
1.569731005228945834e-05
2.119261893836827147e-09
8.188662335694888270e+02
1.129735020861705653e-11
9.214511955174156448e-10
1.219029439675012050e+01
1.611537073530274311e+00
3.434852106307741337e+02
7.049077116359984962e-02
2.151628658728055456e-10
6.981100536405774326e-01
1.796660300083191591e-09
4.831669641225661179e-14
6.850906710032875922e-13
2.851293295217090996e-07
2.624801155988766023e-05
3.507869172334386142e-16
4.712398655860747177e-14
1.122207340776623837e-07
1.575398932464067401e-16
1.497336830976437303e-11
4.702956895104457544e+03
5.729982757540266203e-01
7.781999850009101082e-12
7.800140906156519116e-02
5.616521808080374850e-02
9.534197454150279818e-12
7.907927497783378095e-09
1.564483828184670275e-08
1.973002362507301408e-11
1.909028048711578018e-20
1.120063496527933379e-10
3.237402971830951650e-15
7.828527505010648717e-15
6.671859999484382797e+01
1.963346773047750141e-11
5.521006368667770677e-06
2.862148612055564571e-20
4.996426178230926032e-18
4.597156882430254764e-04
9.430818856378196105e-04
4.084674415494081359e+02
1.696354459835231638e-15
3.751378678976543313e+01
7.890600852803560843e-04
4.825930253406779803e-05
2.849929790922837673e-16
2.223481017230646642e-11
8.789908273446438898e+02
5.122696034408172654e-13
2.373274081800627509e-06
1.720666272260711529e-13
1.165083974222097551e-05
8.709346759156712439e-18
1.257267278678457155e-11
2.471358608442032139e-06
1.442190211629906742e-06
1.921496073447343794e-17
1.543706481130952268e-01
6.048325436930439812e-05
1.136143968084275810e-06
8.807841861397617883e-19
3.129772204693040717e-07
2.276391515327817139e+00
9.300217982705872855e-01
3.992010714648098788e-11
5.390704633406085701e-17
2.096358676039657087e+00
8.581400454468580191e-16
2.952807896354905668e-17
1.062908858264222260e-17
8.780880736696083956e-15
4.385697564892203948e-14
6.099429126220959672e-13
2.096987073514293427e-06
3.867197896121666082e-04
2.546037663910401926e-16
4.951454589848696131e+00
2.055995727790092404e-12
1.192369284393173647e-18
2.130603854727726107e-03
1.735872712554322390e-15
4.511968928946798597e-04
5.389631700241909390e-15
1.957189533876806341e-13
2.593332544485700764e-16
4.617307824422756427e-05
2.800664705529364003e-17
2.717465905072575111e-15
1.384231165629522247e-12
2.343510383278109039e-06
1.065108928649671942e-15
3.632650645522536136e-11
1.808315775764226941e-05
2.469354297169144274e+02
2.821144929353446564e-12
1.689838688121158565e-14
5.023472146323514900e-04
6.040676847416689768e-11
7.901878891379817560e+01
4.069865647775701601e-10
2.162717943014261124e+00
1.401805601666468057e-11
2.387938974745373139e-10
8.717032251731087066e-11
1.097380916885791710e-09
1.270865878517659394e-15
2.421175337565929408e-12
8.100183990418800741e-05
1.058629435813890781e-15
4.369868601715417855e-18
3.217665895000790255e-02
3.042206350269472652e-10
2.173368084944159173e-01
6.774207421179679917e-05
1.130196575553272902e-02
7.177945059418240194e-17
5.014451896069248423e-13
8.347647126195530229e-08
1.473463893634937388e-17
1.828895228376386554e-12
1.380311418356208900e-16
8.140841934506239746e-17
4.714470710034695618e-16
1.122848726620385860e-14
2.015988953443263110e-15
9.998638251072797332e-04
5.021913158835847197e-09
2.008922153774982746e+02
1.502588434208133961e-14
1.265806789183735441e-05
6.219497035941879311e-13
5.893711643406509028e-09
3.591549497455019030e-06
2.827016525863358144e-06
9.565032659143628237e-16
3.230093139100413207e-06
8.967987930690612505e-17
6.098675679260798488e-19
1.388002881918665697e-05
5.392897942587792670e+01
3.256176249455614731e-17
7.058021220165871995e-11
2.622486141726250806e-17
1.249082393417274811e-11
5.661069623518117257e-12
4.592768828946907799e-13
6.475635451675151267e-12
1.295839044807129469e-16
4.035463753393835729e-16
8.464579821180536422e-11
1.053097193561742273e+01
4.190737558104018663e-03
9.317791124536724965e+02
7.918023895512547247e-13
6.769753350512157375e-02
7.352371306900935555e-14
8.088432795423090675e-04
2.440062172956080360e-09
1.373902255727449946e-15
4.000718128700772986e-14
1.018175148716102742e-17
3.450448440292887398e+01
3.210004449267969743e-14
1.514190108694573352e-17
3.170877786722862938e-08
6.003607083713225694e-09
2.965818835902673982e+03
2.838464927200693983e-14
1.408157267434447705e-05
9.090391537096773802e-17
1.666139807071642231e-03
2.058685288506274920e-11
3.970770725625047379e-06
1.275306602791744127e-08
8.666879818547716544e-14
1.963876547931456563e-19
5.353627807874537148e-11
6.025024331543804092e-20
4.519050931005003549e-18
1.731122145555145451e-08
1.416887281485238904e-18
1.256236054099711503e-15
2.099044294642050890e+00
3.490885718651999179e-05
3.200743179550619607e-16
5.330114259326106608e-12
3.849622151111509969e-05
9.174949483350263315e-18
1.817120682377807555e+02
2.028097526756533330e-03
1.035816605366923084e-12
5.846894296295555585e-14
8.824707178808159253e-13
3.855306961820067525e-09
1.132376187922662926e-12
6.130901608647005829e-09
5.423188578399494842e-13
2.118906713790919862e-03
5.256254719025308829e-04
3.496188807139961191e-02
1.004862556557315489e-01
1.175407563283501315e-10
1.526303247211537113e-16
2.135910351650800179e-19
1.976670384357912624e-19
7.003889154710848204e-04
3.810704094004453029e-15
4.362736991225615345e-12
5.708690752859342256e-14
1.415528540554561687e-16
7.905589882264807587e-06
3.998342045584198388e-05
4.406802437324485178e-01
4.495771785020817405e-16
2.834124313843355528e-17
9.226307868859378865e-05
3.372972584259421319e-19
3.236812273809124859e-06
2.754440325623977223e-11
2.194784290599217241e-14
4.316392961326275596e-20
6.687121256845208750e-01
2.992920765084111298e-02
2.366617101460592719e-19
7.589227233264580263e+00
2.965472228487106103e-10
2.902847422968179378e-15
5.267851520865884268e-12
6.379113913574989905e-19
6.564343175987689127e-07
1.467049598661383778e-11
2.237863486065350405e-01
4.198239031440355737e-09
5.657184386364181694e-05
9.204176167444420287e+01
1.756463723988346498e-12
5.734351453482853384e-02
1.214965629983738929e-02
1.363033220946433460e-12
2.140606397365055980e+00
4.846860127656842322e-17
4.057753558849540852e-04
9.406001930242446742e-09
6.229391243744023223e-13
7.018934599398017480e-19
3.924057682634763653e-11
5.987820439587757448e+00
2.236107350401810042e-09
8.953524372870737492e-10
1.918836286616299978e-11
8.878570884718354692e-04
3.709255570732837896e+03
1.197201742560672104e-08
3.007881058257437417e+02
7.937544030335099023e+02
1.583873937436073296e-08
8.202132273724680164e-11
1.531961564241780555e-04
2.078774764486710625e-10
1.019097688220453222e+02
4.646376874729512912e-06
4.655970712961409949e-10
3.998179881638962133e-06
1.280008435536690740e+03
1.185024735250241947e-13
4.035320738448767638e-03
2.690526612120464501e-03
1.670806657653605220e-17
1.787521760934994745e+03
1.335038822351248113e-04
2.203458193509034702e-17
1.705848791329025921e-18
6.664388924068074052e-03
8.862835686747435544e-14
1.267019210197674946e-14
8.830397700676196221e-12
5.093526125744158964e-18
1.125254137044759384e-09
1.656865755808310192e-10
5.643426578282704923e-04
1.143814435940558848e-06
1.243918285687708959e-14
3.971007936811513268e-03
1.167455838539044635e+02
2.699942566153394554e-04
4.887327328970578755e+00
1.431883259357352074e+02
1.512499544015048969e+03
3.347317949759376618e-09
1.126029571083753296e-02
6.060071389761744075e-13
6.688661211222871918e-03
1.882006055703185907e-18
1.959443125505234695e+00
1.222032456801635535e-07
1.648318009402630882e-16
1.507742065411484435e-13
6.736894085910186312e-08
4.917094034910347198e-15
9.428332728395540600e-07
9.517513223062432669e-08
1.386906256752212230e-05
2.590957611802016695e-16
1.357061570492735081e-10
2.446966387015871547e+01
5.983974181635917508e-12
2.164602006768434189e-11
2.666803231127545359e+00
2.175883429153210514e-20
5.695984790014209440e-08
7.685003883125370098e-07
8.282516707469760320e+00
4.720401181010266178e-21
9.318638667456405702e-06
4.420793307871820262e-07
2.129823336267616316e-02
3.992987637405598063e-04
1.663959195011406459e-12
2.319943629764748586e-09
1.554041422356905455e-02
3.198503018627228079e-13
1.465551879130867890e-20
4.923949556699572201e-11
7.698195209163423591e+00
5.323716647337064121e-14
4.998624479800071142e-08
1.351394287383239388e-15
4.736958010004882200e-09
2.044956151504968894e-13
2.371717292382158644e-17
6.221661017375939906e+00
9.313551000517722779e-08
2.887572636423515806e-13
1.103254614097863942e-04
2.449052139870420063e-06
3.230190021505140131e-16
1.166451269897203602e+01
5.616466927469023320e-04
8.354030510508828672e-11
1.444765838264675040e+02
1.780820078382320301e-17
2.386526945154017273e-09
3.000545391117332082e-11
3.776509379754305340e-01
3.689672673250686881e-09
8.759550470021666832e-04
9.600096771562130397e-17
2.387048376971508851e-14
7.361676416332871206e-08
4.074428625874384742e-16
4.391609331466469353e-16
3.380849166524728587e-06
1.458279788281107825e+00
9.713645371779587507e-19
3.548993732142949886e-01
6.290233120867289747e-07
1.229885633050438156e-11
2.080514088768807244e-16
1.044350464114248135e-08
2.079562974635120002e-10
6.927445869800166301e-10
1.229822096856180337e-07
1.003684658044588889e-17
1.436866441728269652e-08
1.333521962593352467e-04
3.638422907252357663e-16
5.199642216864783988e-07
7.404605010440999223e-16
1.374364111682400296e-04
2.229652405550765296e-09
2.579804708752834504e-07
5.305316180118470944e-04
6.066220230162577439e-14
4.494554842434217408e-13
6.260669984800306054e+01
1.561541160314157150e-12
2.415753342831329105e-08
6.687283734382660854e-21
8.153413498354734196e-09
8.247411283068310194e-16
1.560700469497165420e-11
1.761112888526544146e-19
1.272404669701744998e-03
4.265126687658306935e-08
2.309683228749723760e+00
2.830426141421069118e-04
3.391787296825910220e-07
4.209580467693960328e-09
1.295522817713540064e-09
2.326757994140407898e-17
9.370951100501775797e-20
4.488914318467893270e-08
3.135192480564642646e-07
5.732683238213187021e-13
1.607107384485855487e-05
5.002592305721742065e-06
4.985896941918688818e-01
3.968287401155453503e-02
6.998547515587443985e-18
2.707329710038950885e-03
2.424536561186356770e-14
2.326956850592717387e+02
3.220989200835707944e+00
1.146789813798126857e-18
1.056990733226682011e-15
3.697995725560926450e-06
4.667622097534862958e-08
8.674163102368472185e-13
6.614573249654152676e+01
2.402707001561809340e-12
6.163293931713048257e-08
1.571038908105861203e-03
6.601424818987366926e-08
3.023248759105588660e-06
1.460309065390710641e-02
4.216491391702414445e-15
3.872914418768259306e-04
1.972021721025778861e-06
2.072758025701187945e-02
1.331050894977733705e-02
4.595253969059103838e+01
2.687304478141601501e-13
2.881093095524463190e-06
4.975018799512022381e-11
4.681696925127622144e+00
2.277343126766619170e-20
4.169454502140009295e-18
2.362010932998775785e-03
1.103672795198142906e-17
7.780967354753744125e+00
1.623848598399216669e+01
8.659836800568493232e-18
4.695981898757333428e-12
1.379830090285314170e-01
2.589363139205209369e-10
5.563800708106783994e-17
1.079499855317089818e-04
6.778237157630208387e-16
1.779337089182148820e-15
4.328855481281006139e-20
5.963684552637496239e+01
9.423525293883871915e-06
1.114847734981988525e+00
1.274699402549144794e-08
2.631211552837932329e-09
4.946900253804771705e-17
1.662401573394459909e-10
9.232706238494651411e-08
5.491125208209747265e-18
9.600744957739631495e-12
2.414660861797581467e-09
3.418728436251671953e-18
8.273631837659916981e-14
2.428090988636191078e-03
1.558329977859580318e+01
1.922748484042210340e-07
7.327693628634545245e-10
3.896398633985811478e-13
1.599140104980179044e-03
3.010837944228290983e-07
1.201096840505275024e-14
3.514135305392222532e-16
1.659464860953322329e+02
4.821577525553919553e-07
1.770030137885931078e-07
3.033604513321379184e-04
9.862159300486409493e-15
8.558287657733251473e-08
4.616419526817404050e-15
7.645043040147675079e-14
4.027369070259731562e-05
4.549218632969778545e-16
7.066876342513710583e-17
2.938894338783425944e-11
7.572794064178022021e-09
9.562548795799032335e-08
1.995995063583035462e-16
1.113148011222044736e-02
5.881615386132293954e-02
6.362079391552179270e-18
4.365935561954395462e-13
9.991773209927904093e-16
3.468471039853298515e-17
2.548571337653285816e-11
2.381998373694983663e-13
7.237613034960401666e-12
8.494987579432958947e-14
5.808162499901230844e-18
2.708100812554375524e-03
8.696160963694642305e+02
3.364806777160627702e-13
2.229777987875533540e+01
2.090439171337776387e-13
4.584575569038500325e-19
1.472049349337794342e-11
1.142248505827594185e+00
6.462698100328095542e-20
4.023161551964572497e-04
4.167006448099487212e-03
6.855762931747382538e+01
2.733206135613551815e-03
3.191362068179453917e-13
4.881828393650401343e-08
1.198524767284063863e-08
4.511786772685377972e-04
6.252388487833153605e-16
1.219842873802410698e-03
3.488320375326460721e-13
5.387443541895036878e-19
4.223500726043661757e+01
1.796919215536341048e-08
1.364513884652199351e+02
1.087696556184724939e+00
1.264126019556691943e-14
4.402414745352537022e-16
1.275101734394484300e-03
4.001504790230661115e+02
6.813245926742897767e-12
4.651470264909253274e+02
7.458633665537752616e-03
4.575198808488195860e-09
4.777267143698339557e-08
9.402571049364797619e-11
6.612309683195264370e+03
7.268431032010153059e-02
5.303669482006642816e-18
7.602256810401577386e-03
2.852040971420053125e-14
3.945225461548411515e-19
9.035056008888615509e+01
5.837343130638541623e-15
1.097410355504295554e+00
1.004382100440566417e+00
5.937492961566826627e-02
9.064442834126659300e-16
4.054560430905009708e-14
2.091466845288011134e-01
9.328819785497661456e-14
1.095592886301420078e-09
2.067498023197089375e-10
3.541686846330129078e-04
2.484879596805189067e+03
3.644177994618294747e+02
4.414752326746388097e-14
3.484537102119775534e-03
4.557786575282967299e-10
1.248656051616623482e-16
2.750198146512610256e-02
6.959604066209734551e-15
4.767221761983781647e+01
8.690491800241534819e-16
4.547397750495555391e-01
1.248978276721415929e-15
1.182584805455043910e-09
6.950371632203359110e-12
9.763232638720701258e-10
1.908210058411280342e-09
7.808062421369873997e-05
1.259209395822004004e-08
2.616165743355330961e-12
1.278193302124415731e-01
1.120984567191664568e-10
8.420565497413506885e-19
1.406789962713419623e-17
1.361450199799560282e-10
7.820813975032632920e-06
1.159771905577114931e-12
9.239384829921689218e-13
7.299372462907085719e+02
3.396461876256292577e-17
1.170238613497621072e-03
3.013328006123407185e+07
1.825107710326377501e-16
2.280742083229197850e-08
1.949346604396321248e-07
3.554923434511567929e-13
1.048458439954910119e-04
2.766532895121058636e-14
1.088306912586703312e+01
1.766609889079884255e-02
4.861440517741945095e-04
2.988490275932427926e-05
6.718367415550560814e-11
2.601682057789371662e-14
5.544175568033408297e+01
9.951693239256342657e-09
2.270052298097466448e+00
4.941890968074061782e-13
1.526015207662705530e-14
1.737876015035392641e+02
2.604149807970677093e-12
8.797938824178311279e+01
6.080783449206542586e-13
1.071578980744227697e-03
2.826997796957796453e-04
1.000001470160245738e-10
3.652609452247251864e-01
1.920620959771077951e-15
7.991392348577425093e-08
2.939476250062498527e-14
5.773711160564368596e-12
1.760297252898273268e-01
1.459366790316073365e-16
4.559653183297790024e-04
1.222767681435266499e-02
4.587113913228532323e-14
2.415702680339924691e-11
1.986133086701012337e-11
1.936253656096452774e-09
6.419281968696919292e-13
7.464855837336862713e-15
3.576681730651014258e-04
5.271663882105063174e-05
1.888775495643242541e+00
1.144090626042564094e-04
1.202712936899840712e-01
3.477375395601755085e-15
8.129814101403039575e-03
2.776527541243318801e-05
1.768763826785693124e-06
1.296144649816224939e-10
3.939946769487590676e-08
2.471596203029118915e-09
8.974296671176380968e+00
5.167269739723919747e-10
8.578415435448382142e-19
2.951924137360500566e+01
1.902452824030844147e-01
3.838785485468704398e-16
7.259032112310847586e-03
6.448230466324530674e+00
4.729881020116363262e-07
5.802021205999609803e-10
1.107134929063073595e-06
3.614326360612129196e+00
9.734989481506491755e-15
4.371267030716807077e-08
1.359305904263271371e-10
7.672101158276015468e-05
1.809861467474182082e-15
9.196253795499299555e-01
2.830481967741921334e-10
2.167085310226392838e-14
5.927933759309913044e-20
1.668608850257567388e-06
1.695452222887357252e-02
1.199705631422575393e-17
1.872074117119396612e-07
2.202059155100999721e-14
6.694973904416921242e-04
1.392468552307470041e-18
2.808214747500815024e-11
6.897519534334346148e-16
6.704680995669325171e-04
2.254151037377161409e-18
1.849650363942631918e-10
1.075128415309739571e-02
1.104800665972611168e-17
3.851702489461258067e-09
1.896653900361701579e-05
5.066704795864974849e-07
1.848084346436135572e-12
9.228390323567150128e-15
4.873210384967883613e+00
3.561934125222363018e-08
2.393800217393878782e+01
3.786490386585263628e-12
2.085623065489683274e-13
1.536195205726877339e-04
3.301418246029964585e-11
1.077375155177925394e-09
3.119521754091206928e-17
8.035251477101121829e-04
1.015694700264909886e-06
1.167855159951295504e-14
9.401528600691997161e-08
2.130441850992698297e-11
1.807156708446409271e-11
5.376198909437878738e-03
4.543054454631868908e-15
3.724765782676358583e+01
3.652450035777473218e-21
5.471948399943584815e-18
2.019422599920427785e+01
1.432578352267014325e-09
1.386272569489630622e-05
2.781398735922357024e-19
2.602391018459381295e-05
2.613679677825248372e-19
9.408475789021202995e-18
6.277361856275619385e-03
5.109212204718988914e+01
3.423248529712580406e-07
6.624631628615396566e-06
2.659338208197812529e-03
6.202180044409830382e-18
1.285003278224659873e+00
1.311416014727019297e+00
7.430528487851017876e-03
2.632213558555146840e-02
2.395704776112234526e+02
2.576508029459416904e-14
6.877575613924516055e-09
5.352433356718904606e-03
1.088083416767875730e-10
3.667365978824990637e-05
1.202954927671768204e-15
6.694491274716245478e-06
1.033108999967547959e-13
2.667654118951563544e-15
1.079689502941272928e-16
4.368768100747390918e-17
1.869793071033572064e-14
3.838799627386675371e-08
6.514420494199529323e-03
4.490086126636948505e-01
1.048437011749916580e-09
1.848853533992472364e+02
2.210485277130652682e-02
4.085609736891832955e-04
4.628344147075314590e-15
1.165323248584962270e-14
2.858472583047926702e-03
1.126171744606206671e-02
1.746866541492895272e-06
1.577574985425404774e-11
1.266725508531570598e-03
5.065492753754824571e-10
1.780379783373487595e-02
3.320292981165901516e-07
2.677510195972257346e-19
1.546661659339477468e-01
3.859517542291301894e-14
1.305145800871357405e-05
1.200321877145901946e-02
3.662318046303033736e-10
2.166142270262133660e-03
5.839528858654225574e-05
7.761312525307825465e-06
1.130854911831970781e-14
3.318699790933680505e-13
8.802342201156426469e-15
3.453248780178017367e-04
9.762902748098042679e-12
7.690673395256559363e-12
7.044501569757265624e-15
7.686991635111784039e-09
5.433769227719854200e+01
6.554445789751374818e+00
5.746138835348107170e-20
3.769942350717345875e-02
2.062925794728700902e-10
3.888966030021098845e+02
1.697743476014835722e-18
1.092452174550814471e-13
4.403132396844212622e+02
1.055737863770304585e+01
4.897338803920565996e-19
2.439822540912343352e-01
1.182988250612295866e-17
2.514765440548106211e-03
6.584028147148778487e+00
6.595161020702317728e+03
1.682289562611022663e-03
3.432443093100570544e-07
4.565566294869634533e-14
1.497033046681644532e-02
6.113847931284371384e+01
1.646972381419940932e-09
1.961576843309259033e+01
1.412163174815427871e-09
3.316167204941525578e-13
3.560447971790745704e-19
5.977779757283340410e-17
3.158200705441909807e-05
4.897361444637184146e-06
1.601640964962902697e-17
2.200061725608393366e-03
1.702096816664482731e-02
2.569337951309011075e-08
4.378429954895306267e-16
2.746509910717957379e-04
2.762897344648963991e-14
6.456873075393413722e-09
3.378832734264971778e-19
3.400115749480226023e-11
1.298072561395467331e-20
3.193335456013177570e-06
1.047214248911427107e-17
3.172838411999223457e-04
2.419751591231969504e-10
6.659358467364887011e-08
6.784307307543735014e-19
1.915373657725278278e+01
1.268740127516711398e-02
1.383670509545218215e-06
7.730527391894316536e-04
3.897365287359812637e-10
9.274470364512739062e-14
2.204995672908331983e-01
1.029637333319107154e-16
1.146931924751531107e-01
6.363437189550718896e-15
8.720955114207648075e-19
1.376627528812548740e-01
1.358362964146772059e-11
5.031094854979368907e-16
2.033893120396143908e-02
7.504530119801935631e-06
4.916352149451843348e-15
1.263743739044046303e-14
3.515067588481307632e-13
2.935375437834215779e-17
1.470929420382311259e-16
2.859318923212221770e-16
1.030907805589043218e-06
5.689376106393057413e-20
7.748687644674495374e-19
6.899904993688283605e-09
1.137209609531008807e-19
1.843915032918824553e-18
1.552984170630325345e+01
4.434618789240987606e-17
5.803247948178232640e+00
5.535708514006855766e-05
4.957201201100423553e-06
1.151552983827193399e+00
5.437016724750346065e-12
7.722414402454292201e-08
1.581558835377657033e+02
3.356001223731672436e-19
1.374962953586898913e-02
5.233922481604810193e-13
3.969457129971969845e-18
9.036423137404359942e-05
6.631225020881709642e-05
7.555409799900022864e-03
4.812439897132325917e+06
7.407788065462337877e-19
3.426214750970240741e-14
1.253775266101906254e+03
2.940955310391590123e-05
3.435678619567996903e-04
6.821040306011671300e-03
7.018817501727937874e-15
1.573399336829666000e-12
4.948899738355291572e-14
1.609692345514605123e-04
2.451551105986071646e-03
1.166371999091501827e-01
5.573817169135671934e-01
5.540550705880171462e-18
3.531213550808243867e-02
3.621754158264836292e-17
2.265045976782711565e-02
3.204117274230694479e-02
1.575675562381113615e-01
1.423456769920749654e+00
2.659777610282635152e+01
6.754391975542213023e+07
5.310875277565448961e-08
3.498106984262708621e-03
1.288653304197504366e-15
4.794760127391485938e+00
1.377670576101610536e-16
9.710886688008482103e-16
9.369861345426479310e-14
5.925350899939838543e-05
1.253852309147432830e-18
8.713983778693480155e-04
1.331804782217258128e-02
9.406302914816495132e-18
6.954730124301360017e-16
1.242812938323243494e-16
3.439440460777844496e-18
9.779881089364735658e+00
2.449599796380516725e+00
2.378392789019810201e-12
1.650306658309281573e-09
5.055550103243595115e-06
6.704840270081740882e-12
6.330133708130945929e-19
2.818654694399642668e-01
1.039997173248050831e-04
1.019204463985743497e-12
6.062749643038522606e-08
7.442584026578112633e-02
4.407458430754233121e-05
1.952101113471537023e-10
6.378047586232255277e-17
5.597051898919190682e-08
1.507771918575645262e-06
4.990206608794776379e-03
1.168639435871677179e+00
5.511902281041568168e-07
4.338547695191095932e-09
8.057113023636532034e+02
1.953784989122900424e-16
1.670203409822771480e-08
1.393148431342697219e-12
2.511387192776728282e-07
3.490154087286629903e+00
8.371494989912334417e-20
2.332768098826111883e-11
9.368760780029704449e+01
4.499484294214357979e-08
5.877632805207372838e-13
1.226045051424046760e-06
7.888561176663844890e+03
8.626505008270691013e-03
4.260216830367384091e+02
1.632410333476407649e-10
1.852067758142219352e-04
8.173104772602941162e-12
4.533270049813530346e-09
1.824349201614943497e-18
5.975136118990940814e-18
5.349466885151791090e-07
8.906864006411443569e-12
1.446144677180448089e-16
7.930327680946622770e-01
1.386987983018804168e-04
1.081609633079450498e-17
3.138586798101827112e-09
2.248557665145287847e-04
1.408032818831829065e-10
1.128121806542500627e-06
2.503011136959176974e-14
1.206406429757823163e-17
8.943607937506173873e-06
1.057887486359706175e-03
4.431420922652952013e-10
1.861700069511264815e+02
1.259710071389884170e-11
6.320706848970294227e-15
2.565831678383999997e-08
4.874809906945249658e-17
7.676894876314712332e-15
1.551696097768924062e-13
1.923580748945721488e-20
7.979891283696973758e+00
2.963816296024755437e-10
2.467659595165787356e-09
3.724033087218767438e-07
1.341203913782361854e-13
2.412854114376776840e-02
4.468905752890514116e-10
1.528996249640221388e-08
2.927104691191492748e+04
1.098702451472553798e-03
3.934737250449839863e-16
5.788545508873454695e-18
1.322353317157704630e-09
8.680417438618099911e-14
1.386093625581712734e-08
2.888434284718892546e-06
4.312075486813615299e+00
2.550418672075880097e-09
1.455566187110587508e-13
3.252053239936983033e-07
7.386269206214237215e+01
6.330570474358144794e-09
4.317662236168433657e-03
1.377061800448632880e+02
1.389322618291775259e-08
1.951759071275168456e+00
2.071131486092861615e-17
1.865773764716908854e-11
4.534477205658406229e-02
1.200391576618483160e-14
3.256594160883793581e-14
1.952304909997654227e-13
2.072191851617561034e-11
1.800107632642807499e-12
2.124527400836387242e-18
4.824941543839943513e-19
3.022974292919221502e-20
1.822190545431872798e-04
2.077322317003938660e-03
1.382937292807382423e-01
8.228331196121404507e-14
4.596972430009622820e-13
2.536225895272956346e-06
1.496493988754983144e-16
1.081222524645651977e-18
1.388642367844531376e-17
3.812941340905115257e-17
3.090583592310465697e-11
1.267986703745730637e+02
7.590963795919725499e+01
4.725727936260814079e-07
3.789706462683579274e-03
5.409058604091514381e-08
5.164175393671160610e-18
2.109854527531202564e+02
1.716316970921617568e-18
1.745328126048036047e-05
1.133785085058025674e-04
9.036606880103533750e-13
6.231622540054344156e-03
1.903231568551236846e-13
5.683611129888910374e-22
2.679339148262613324e-03
8.430946712085464867e+01
7.089764118826864282e-03
2.239657196027916575e-01
9.834743968525790070e-06
3.390719576996891860e+00
7.452749198285457330e-03
2.960752412045077506e-08
4.107962578305504597e-01
3.944165446280090665e-17
3.821273060720699333e-04
2.046898896943921458e-10
3.451789808399961376e-14
7.694320034325315330e-21
1.029480243546906471e-12
9.372677868267600245e-08
3.304983719978585247e-06
3.859295445727981847e-19
8.684380866828914523e-13
5.941177994388311854e-07
5.409872775993930386e-18
1.937577390154141266e-01
1.158038563511643373e-02
3.473038352854878667e+03
1.277498689084826969e-13
1.729007434177600592e-08
3.469248041614047868e-12
3.876575551649707369e-18
1.999633109544274255e-05
2.381974146500543121e-01
2.417819357473373414e-20
1.414176834774768179e-12
4.964808368759429658e-02
4.541992225532910932e-01
1.379590022694342878e-06
8.650693564961777153e-13
6.337578877730161084e-03
2.559991647510375898e-16
1.318347987214540679e-12
1.822580027979435630e-06
1.311960925163314353e-17
3.855040054604559949e-05
1.682285941072859115e-01
5.461734965636762605e-16
1.468656946717610796e-08
9.798159998158599393e+00
3.221033717145549650e-18
6.363991124528878523e-05
3.571202191276862930e-18
1.586792481969862326e-10
1.044019629498757643e-14
4.548277154593009020e-10
1.159024817916658435e-07
4.166054625146732755e-03
9.530705454605388591e-05
5.924828352771386667e-14
5.305175810941962311e+01
3.567628589217369980e-11
1.819977082368615787e-11
4.706957195063721097e-09
1.591667911130995364e-04
1.818986951017628056e-02
5.888885811097190233e-04
2.743032219515718718e-18
4.783770053198338847e-07
2.147528750165219116e-02
4.276454374547581217e-09
1.737424797895311887e-04
2.888202623153506110e+01
1.272306507514393751e-15
1.727245869263653866e-01
4.351116137911593299e-08
4.286877024831711225e+01
1.572222867880802823e+02
2.281144474872535593e-17
3.307957397755291202e-03
2.361029313904962731e-12
2.608470278455931414e-10
4.554355563025454847e-06
2.085075897869319359e-17
2.511714559109667899e+00
1.561726583635295292e-07
1.068609471307601180e-13
1.402218736733968202e-17
1.803253439799526624e-18
6.042707301399642598e-16
3.383256616920392659e-03
5.881360296406237954e-06
6.871509126859902652e-12
3.730252839074445204e-13
6.184648976855184779e-09
3.278894128565592085e-19
5.122522695961368959e-18
3.001817086686441780e-18
5.933065744209500596e-16
3.362146185669363910e-05
1.154516243506431387e-02
1.184488510316918236e-01
2.340208249804834395e+03
2.894404982178551577e+01
1.686726291707879299e-16
8.591637710992328059e-05
1.355276701765880526e-03
2.211854208960293167e-17
7.072435826305055198e-14
5.075325782456537205e+00
2.407306691258514576e-08
3.777144743601150363e-19
7.998197941558850736e-15
7.391132107768758570e-13
4.199280095472039065e+00
6.343532423176263535e-01
5.662585320921505927e-15
2.913064606576308077e-18
1.046674402327615796e-06
2.068735837976566331e-16
7.040090109178532216e-10
9.282649160884715818e-15
7.659042311702413638e-17
3.426545741162290426e+01
5.941556935669419071e-09
1.263064880149457751e-15
7.974857800729791456e-14
6.080509467520864066e-18
6.831859153649124808e-10
4.690178731741055594e-19
1.087623660013029066e-15
5.764385702198836041e-17
1.230578816459098158e-17
1.350270832995420620e-15
1.297775775884892177e-05
9.326076234874927096e+00
1.730835235993057886e-01
7.565294483044419094e-01
4.168816545710083579e-09
1.206483328059731822e-12
7.381756093319123966e-06
6.443202090518502345e+00
3.322181536535574438e-05
7.112733403516302507e-19
4.864356453691407595e-03
1.397507323112325006e-02
6.619318824252777480e-04
4.900040159654883110e-14
7.939217151906656660e-06
7.118117628553623480e-20
2.053381809459713783e-08
4.288792420816974506e-16
3.245271254054638505e-16
2.899026070725207928e-07
4.279019151145016740e-07
9.029351983580793772e-19
5.649225347723300457e+08
2.087341403527577620e-10
2.196847172197867546e-05
4.064574471607849675e-11
1.170940780761748954e+02
2.132071836701248786e-09
5.199304814049706680e-01
3.072117289237085180e-09
1.849793565907526024e-16
6.075247129849182972e-09
2.011445851508293555e-18
4.198211368857873559e-15
6.890798702626356994e-08
4.914792931268404545e-12
1.059664520177397823e-12
2.973550561625946812e-18
9.194008845908922272e-15
1.130258696914126317e-13
4.282103223970392357e-04
2.998514704861039456e-14
2.958602169734558629e+01
1.899457963849306152e-02
1.078738899540188631e-12
7.215757150765620255e-05
5.465684919654067781e-11
5.164348909310087740e-18
1.180312760282774627e-16
5.235907561063041973e-18
2.342628534475724322e+01
1.004758605237076630e+01
1.300565039481769254e-03
4.841775230259636445e-18
2.436569806253766039e-07
6.390178375617868237e-19
6.099518399693845723e-10
9.276725862435252596e-05
8.353982267405041809e-08
8.234923314305765627e-15
2.623528796843788435e-22
4.886631198772630712e-16
2.108347217399301413e-18
1.244957924546723838e-11
6.968663952014742400e-20
1.450802894112333575e-15
1.280646090237606627e-11
2.483754751215987966e+01
3.294457359704620215e-07
6.478237025002659711e-06
1.372702513632231305e-18
3.008175205128015388e-19
3.411792715945611188e-16
1.191089774378735778e-17
2.774360203527390166e-04
5.333376136223644557e-15
4.642965937258483806e-04
2.680441444804768526e-03
8.924929047625665629e-04
6.122374956316233713e-02
3.755951473570904035e-14
7.489968262948985822e-02
5.881986514219472554e-07
6.029552342723122220e-09
1.239400109696374766e-11
3.215326795699206225e-18
4.350388986361865440e-09
2.853283686355215524e-15
1.956073803516286398e-11
1.726787561235121252e-10
1.541308928206134666e-17
3.551296894111015003e-17
4.126945531052822167e-06
2.024539282276453423e-05
3.663860537398241490e+01
9.556765790102546134e+02
2.864244441369922549e-11
3.763654521475153347e-07
3.844816090738477410e+00
5.842536775155133543e-12
3.178800453403306303e+00
1.383689919589470028e-11
2.921041366302389406e+02
5.550188372953215207e-14
8.341043503867589509e-09
6.251862233053005477e-15
1.038182348216108719e-01
7.401278864658358825e-02
3.543745888710423094e-12
5.622398434364658967e-17
2.104017387215205834e-06
6.183282874644070034e+03
9.509641045855569714e-08
2.923452803299910485e+01
1.355568825594579980e-04
1.113093945142565846e-17
4.814900620933908471e+00
4.881088487001534410e-14
1.401110361977444698e-06
2.610652522843151857e+01
1.003353491549235075e-18
4.942680957344934541e+03
1.106583645551059969e-12
5.548638916298945407e-04
5.525104518306455104e-01
2.059008277106062042e-11
4.444978340366998804e-16
1.295595532773810703e+02
4.921306713641429653e-10
1.338353605837724614e-01
2.174677062410001380e-09
2.568343207461955657e+00
2.274450845769858898e+00
5.876728191717642812e-19
1.848433736967035168e+00
1.670399459621676203e-18
1.492967545565520410e-19
1.157465838468531900e-11
2.556315049971863485e-08
2.949403697501198248e-11
1.434042534116260995e-04
1.147348967020062582e-12
6.787080490028548389e-11
3.037425060154972176e-11
9.636608495021919475e-17
4.887491986606857334e-08
1.974459242045878327e+01
2.082811417664726090e-11
1.618024658349836777e-14
3.453714336937304645e-11
6.357299316836485119e-20
6.388035143590217331e+02
2.252302839228746958e-07
5.271190360898869227e-12
1.095577891779424273e-01
6.882305708523740335e-17
2.069895819964032417e-08
5.929766220517391058e-13
1.129103402411547261e-07
6.289391368040655993e-19
8.496209045161641000e-18
1.983809297138574058e-12
6.139678351378983351e-02
9.596683839965116647e-01
7.464342655164316408e-16
3.096387833340964188e-14
8.417544891353406777e-03
9.984032948222066976e-15
1.250841222595214924e-19
6.621665310875127661e-08
1.207477312246060604e-05
3.681722996794192977e-13
8.938769375850378991e-06
4.744773167527222454e-14
2.079436956051363284e-18
3.534955697463502844e+01
4.723738329558863205e-09
3.053075550057808960e-09
2.250531861183776693e-04
4.127571304454502898e-14
1.288197378469426108e-06
2.249230021724591996e-15
1.685076132387628878e+00
6.286133907555002475e-15
2.510067598322254014e-13
3.439793899642652448e-06
1.283845068643473090e-13
2.162374039490946703e-12
2.825396736255665997e-13
3.801667244440076759e-12
2.187593682571060127e-01
2.031317926634542738e-04
4.952921640295872538e-10
3.816457676517205633e-02
8.083195333605259094e-10
1.414142868686790004e-18
3.725307310651027137e+02
3.787541818004861227e+01
3.020055427926691127e-01
2.265541233006316078e-15
1.296247597195156545e-04
2.277043264944412422e-10
1.090194455313778880e-17
2.743429538918032081e-14
3.612898923748790594e+02
1.810561952032864497e+02
1.713944972096156623e-04
8.917201978439184330e-10
1.845378301354773437e-20
5.103041046495648234e-06
1.989005189267173890e+01
2.637854106047087584e-04
2.193519770752716102e-05
1.532233531171572796e-04
9.845573474710273208e-15
7.619422086380958277e-06
4.664770223096601231e-17
2.925225713402855865e-01
1.834130582516490218e-17
2.377734579936975443e-06
6.272991223110284464e-15
3.500849812985100095e-12
7.031355735863101808e-01
1.307165472185124315e+02
2.203366150206339213e+01
4.818262808082926618e+00
7.797861061069880641e-15
3.188969381364630828e-07
5.279191057781225818e-20
2.052236064277307150e+02
3.370968929752560683e+00
8.764348960489041012e-16
4.964841976684270185e-19
2.246185814002874638e-13
1.075322385189893780e-02
1.103702024537853725e-15
2.691822010298416164e-04
9.500953296401327348e-11
2.352781389844721405e-01
2.889918908714770315e-17
3.569756030440121020e-01
8.702046811155896321e-14
2.091429340775472490e-01
7.275281085753832399e-05
7.180365345316953989e-14
4.770540956724121315e+03
4.163041518202162671e-11
1.472076482990716894e-14
6.158201371437259947e-18
3.308579326094607609e+01
1.543193842520144443e+01
1.697458039120134340e-14
1.047312535743834677e-01
8.070224024599904622e-01
2.413602376365029010e-11
4.413847508791613601e-12
1.433802822229989781e-05
1.750331019547613587e-17
4.119977736219547516e-07
5.441425071863435342e-18
4.190147500624654356e-19
2.422887507509886262e+01
3.411657630887759829e-11
6.986502725569858969e-08
6.368255798471246397e-06
5.167753997657618431e-14
3.941465191489465755e-14
3.143369048319423068e-13
1.210674982728845300e-01
1.132399298220721187e-09
1.230567613415125550e+02
5.371474184192451503e+03
2.041585399640677475e-14
1.277812452185852266e+02
5.440487244290420217e-07
2.450314598391545446e-10
5.631189119822168658e-10
1.286864775196853349e-06
2.600041369562359495e-19
1.521221207864384901e-05
2.687852961458647015e-10
4.602615646745592524e-18
9.288174417487537979e-18
1.191008499214914447e-19
4.895147481480363296e-15
1.715470373784777403e+00
5.340625227721391157e-06
4.893060272447954740e-06
1.601313139299494898e-02
1.459965325592630091e-18
3.294828666424064778e+01
4.103725085940630544e-06
1.450227042035443657e-09
5.076949336400322700e-11
2.836565525385159014e-18
1.617706274901096773e-14
1.958954980066152716e-20
1.231758361476264606e-16
4.922339248490278862e+01
1.814553770300804162e-11
2.654325258424088840e+00
1.338039428278923082e-15
2.482182382184426960e-19
2.793038502626854824e-14
6.786424224621368049e-04
1.699428138306248786e-08
1.296586818629396118e-14
8.461888110610419136e-03
7.221005234894137259e-02
3.866067021173799971e-14
4.934525191666622308e-17
4.083996202462282395e-06
2.490661146066034590e-09
7.732098074436593151e+02
2.523364321614852912e+01
1.558494036824392692e+00
6.965210497109472734e-13
9.819014412085677408e-15
1.863086915724348591e+00
1.636784025039105028e-16
2.297309182248528446e-21
1.864543476635113323e-20
2.790127083493577160e-11
6.428133376783785058e-10
1.876375865102907045e-20
2.023238770721566271e-01
5.668868929302674915e-15
4.352540886371820168e-18
2.555797832994373334e-20
3.093828294267876144e-05
3.577056635734029261e-20
4.357575575185017414e+01
2.277379042591911008e-09
5.718921980581628123e-03
2.495936215073735293e-08
1.215565719275627183e-14
1.276433969097228873e-14
3.598939658575576344e-04
1.294175323357380673e-17
2.742404918574894568e-08
4.095859928751214370e-04
4.732886293514072736e-18
2.370970951225239206e-06
1.545131545381339544e-15
5.484952943565611686e-20
5.099474123098046404e-04
1.695887787235996925e-05
1.111400147604241398e-06
1.023450156868622208e-13
2.289992508830458361e-10
1.093919958555333313e-18
5.308289049398006428e-06
5.487591000349313949e-19
1.461328870906700526e-13
7.644558576717365384e+01
5.654289165233441330e-11
4.335111403643976464e-06
1.031650319494417971e+02
5.920829713370942992e-12
1.641812063295107399e-12
8.506365452728741645e-12
2.129370122428671365e-08
4.216219715644763295e-13
1.903874975556390305e-16
4.893632774152917662e-18
6.246863807190344494e-16
2.301785053165918072e-17
5.222789704220402583e-11
4.924584312688117471e+00
1.023084223846487795e-08
3.818412107180194898e-19
4.256415642376599739e-12
6.436520270452476703e-06
2.224569772917119048e-02
8.213504131419244678e-16
4.376642307071710485e-05
1.119613313571732058e-09
1.111160069722408945e-18
4.378792178735779706e-04
1.258634143564540675e-01
2.479201503738551179e-19
3.877938572257980110e-02
2.348392696758405294e-04
3.089743951442324495e-03
6.459969730933475092e-11
6.771414690209311702e-04
4.403410361650408861e-08
2.259095475445618232e-03
2.110229819643246428e-03
7.535326757644484653e-03
3.421850196260218732e-03
3.530701510948316562e-12
1.227941814873209679e-03
2.831449185412923235e-18
2.461515673543222026e-05
1.001652310702750224e-15
8.750084320063465353e-14
4.044815022168838423e-13
1.785505113519511856e-13
1.097569794711114266e+00
2.281376608284734605e-19
1.274735588253183697e-10
3.069583287894364730e+03
1.411536439115336591e-08
6.239080832625705820e-06
2.429181958955378442e-14
3.725122582446397853e-18
1.965498066424795853e+00
1.267645967532568982e-07
1.208860339488433901e-11
2.144787967477345273e-06
1.849018767410038495e-18
2.687178538018256451e-16
3.352898791335761191e-13
3.789910493678325309e+01
1.539759405058249802e-10
1.859383866662321694e+00
5.115481889858851332e+02
1.384508163106209361e-02
1.239952957685482604e-11
1.400801498527349831e-19
1.064013633866896890e-10
3.031595948620687528e-11
1.661226180414479777e-08
8.585955597672624060e-15
3.156064926663767398e-07
3.147350157059113228e-07
2.958514951313644164e-09
7.138130671586952758e+01
9.422049633438598342e-14
2.909009370906217993e-16
4.703601585261806438e-11
3.294368494629692524e-10
4.301583569048512844e-08
8.916118631043900677e+02
8.097551977055044148e+00
9.664558976880239204e-06
1.207909106044226593e-13
2.419459773429140764e-09
2.023805585885681195e-06
4.602991788436730274e-06
1.880410573201986299e-10
4.621550325659901936e-16
1.335310596401649634e-19
1.172808696564435628e-19
1.366855741567465437e-18
2.922529609784293370e+03
2.941082666474129037e-09
3.916950617411846032e-11
9.844199734185543209e-07
6.312739751697539483e-13
1.301649268251225787e-17
9.552357869707443897e-15
8.426352532206499418e-21
3.005050219220427704e-07
7.517882274654738239e+01
2.445597398690237678e-01
5.694612948171839809e-10
1.829682625212955108e-10
1.544635924225988897e-06
5.662712557650414428e-04
3.541305932551171431e-01
2.990917978008926781e-01
1.589785805419317556e-05
9.227939803584549892e-15
1.642699331545462894e-15
8.091373575283250475e-08
2.693595443202798882e-14
1.410324003270819289e-16
6.560205315393432546e-01
2.694280146173918047e-02
9.130920129967067434e-05
1.566888514873418913e-16
2.367065594783708624e-03
1.389263728373413937e-10
5.718107212211225124e-05
1.937838503651593048e-13
8.662908104289793073e-11
2.371572214540609449e-14
3.714491024699858980e-08
1.081148146369352648e-15
7.824996176574316607e-05
3.238334360675835329e-05
1.923288465473290136e-15
3.431602740069205079e-15
1.649804916782641658e-18
1.959399381274107509e+04
7.955249328832946456e-11
1.452230603690921412e-19
3.126292174313263228e+00
1.815379116352357888e-07
2.163008144480448464e-08
7.962762567285777977e-18
1.797574205745072073e-06
1.235626179275796157e-05
4.614692788809674623e-02
3.853750471321706746e-11
1.104572524455656353e-02
1.154358828813081156e-12
1.102411663115312208e-11
1.029872308702791006e+00
5.172595908325140176e-07
2.705314896039459138e-13
3.104269783511442136e-03
5.056491733794438245e-14
1.352839472885579573e-10
7.773783908824818956e-02
1.214172459566610440e-20
2.798348446867496099e-18
9.537603019761636824e-02
1.090771584284247025e-05
2.705198486137571795e-14
5.250671618790834216e+00
2.625234077061944501e-06
2.124078513559943607e-02
3.733912730455955357e-16
5.977341660787707553e-17
7.261987100874086222e-07
2.489382263371592963e+00
5.987440654110227477e-04
6.989516499620862380e-12
8.370115535223678904e+00
1.775987806621526527e-09
8.972096656713191010e-01
2.986535358178188035e-02
9.961573577594872413e-19
1.514689553898121765e+00
8.234135418910754021e-12
3.126482256236977264e+01
4.834619969513974380e-02
1.915565446009251476e-17
4.922063166955142615e-13
3.801070835833186998e-13
6.979243389799352441e-10
8.189757720619847631e-04
2.293504515055273674e-05
5.776474465032988992e-11
2.281716689543339428e-06
2.787029380723384788e-05
3.212926649180531845e-11
8.279013187236871187e-04
6.108031308325887039e-10
1.968250658671374395e-16
1.829639482870121032e-18
3.352926325637708346e-08
3.919508160706533409e-04
7.042940786976880083e-12
2.602183839840815048e-03
3.844488410253552951e-13
2.612576910661245107e-11
2.050666762019219328e-13
1.904857417995928395e-06
1.812854304611870601e-17
2.685111933953490637e-19
3.384890647147133476e-06
4.923166611384402393e-04
1.149495119709168866e-09
6.717979391456289050e-05
1.359634508257288112e-14
1.387841004053410836e-14
2.966452585606193376e-02
2.104301454700416415e-04
1.148113306468555479e-02
1.172810754261122530e-09
7.664092995408851369e-13
6.495296867992682888e-09
1.675390758268507137e-03
8.244654234625104495e-20
3.150585757711375390e+00
3.798223328816084914e-12
1.188419327062663322e-20
1.483371164349202218e+03
5.784457474763307123e-12
8.517830503053650861e-09
1.295943954399780644e-06
2.599869420395354302e-13
4.008690590847736945e-07
2.166328692241688228e-17
7.066277634749059468e-14
1.962203681638822559e+02
3.529248177811655288e-19
9.595403092458413673e-12
1.390009718913673463e-14
3.959442424799251793e-05
3.627617445964869918e-06
1.860614907725055622e-09
2.640500692970049272e-07
2.110397738444050069e-18
2.401536176535229931e-10
4.919385592702979655e-04
1.246576122055659178e-05
3.000442159220752117e-04
2.129700663718365782e-17
7.309278978939827857e-10
2.949615613808974875e-05
3.327698890347820021e-05
3.590658641433956424e-18
4.359528162166342521e-03
2.109592881069287883e-11
4.124871387990081375e-11
3.174263820169141700e-09
1.020826735805044905e+02
3.428061991994966681e-03
2.191837189777672965e-08
1.321138272768686839e-01
1.976143891030726015e-11
3.262855816097073435e-03
5.701299498022003763e-21
6.164723448173659263e-20
2.616089676745495466e-07
3.664206208356898314e-12
2.886439627508400372e-16
1.157071757847443948e-18
7.875669300627346077e-18
1.042709088655533564e-18
4.710545888856790698e-08
3.752803869454252946e-12
2.319432924994165631e-08
3.852514463965512277e-12
5.448291811502164214e-20
3.229018135964525557e-05
9.307800693177771722e-10
3.383395463155287437e-10
3.175984822054172541e-01
7.821715909795912139e-09
1.398716216083361052e-01
3.106187222342913425e-09
2.850790565061822601e-02
4.783394362254497767e-01
4.247123667210010226e-17
1.380987522445297005e-17
1.709711732591961156e-14
1.044221146801935614e-04
2.442271196050392853e-12
6.217360305544522348e+00
4.205555552991254165e-01
8.391523511295576052e-08
2.780323728607999122e-19
4.164874382916228030e-15
1.706052192427146559e-16
2.655449825093154238e-16
4.909639594334049109e-05
4.521731911223203321e-07
7.657710990139114660e-02
1.202566312231925940e-10
4.298604842073121116e-04
1.471129410103034388e+03
6.159304161475467137e-12
5.093158845341545981e-17
9.712055619756994593e-09
1.204799209339224783e-18
8.026969065200209030e+00
3.375237924614945054e-03
3.881215594799701713e-04
5.172541175319304292e-21
3.087130723911585051e+00
2.244207146032846639e-03
6.712143896901299200e-01
1.190841856291786172e-18
1.950804086738165863e-18
1.358863607824850649e-03
1.875799745247996983e-05
4.719295525628210290e-12
3.460932608103438022e-09
2.822311983530688753e-02
8.152923091822680452e-07
8.680463883993200432e-15
1.240503737619355340e-01
4.367351844158694263e+00
2.112730483926841818e-10
3.305658933186794891e-21
3.389919273730335809e-06
4.370548702802239363e-16
1.682818178080371408e-10
2.469334811220811939e-07
1.685187290845928676e-12
4.366049460410671477e-11
2.146295568169931042e-02
6.394131569042720925e-10
8.485095086130921113e-15
1.615009804457727405e-02
1.474080722229128738e-19
4.011942028345432554e-12
4.457637266267802728e-08
1.713965301142168710e-17
1.150831194857511730e-01
1.943012931672005058e-05
3.080694535511957401e-05
4.743792445053158779e+00
1.981904265390204174e-05
5.058105059567028099e-13
2.285080970222865631e+02
1.496926807925842289e-05
6.567754228045503240e+00
1.138882350191393641e-05
4.142161699494266342e-11
5.285423673592796329e-02
1.368962753230829549e+03
1.160341801331501074e+03
3.097367740472845854e-08
1.035261404030338781e+03
3.484906113331010229e-05
2.082638896012914545e-13
5.695727956316079855e-15
2.331982153176411998e+00
9.676874320031709775e-01
1.771895650394721133e-02
4.347724039507149719e+06
5.201300439420025823e-08
3.753507709239311197e-14
8.434713841884647654e-21
6.018452424918402377e-01
7.360335484423828301e-17
8.616261119983516128e-05
7.334161298431233524e-20
2.830875582436307466e-04
5.815428792946476077e-15
2.961510689547654723e-05
3.503053153239175507e-15
2.771817542171899160e-03
3.245158632164040000e+02
4.380497145226936505e-10
3.646969728114330969e-13
3.501745406899799563e-04
1.294459043519662080e-13
2.754332624847636524e+00
2.311542289973605654e-03
2.253864340467149647e-13
9.994004501941027231e-16
4.935137370525126977e-11
1.124861947764420267e-11
5.481623797107289688e-21
4.956500908081232726e-16
8.008483113130580218e-13
1.538876653582118251e-12
4.299572234074128252e-02
1.568076091399973706e-12
1.502675729650419269e-02
1.119815613724397790e-05
3.159825680781528590e+01
3.998148338948103569e-07
4.154284723318465738e-15
8.936542095563795360e-19
1.028995773582622723e-10
3.635950034208833997e-05
9.544808241601356258e+01
1.640589729504435361e-14
2.463476685616686979e+01
1.951470987853483074e-07
1.068578700349847276e-03
1.019298619537356736e-10
5.175574454635183969e-15
1.989623621183681711e-12
1.080447863996423937e-08
6.705615807038262031e-09
5.292810999704473433e-07
4.832505112490612934e-11
4.476588341408714214e-12
2.057290436938291511e-16
4.339018882521164695e-03
6.491803418107009449e+00
1.240580659359933513e+01
1.409806768514063897e-07
5.179655617847001511e-17
1.079274327091363649e-06
2.908423787295799527e-17
7.090511142931001966e-05
8.447329793994280178e-17
7.614270004237185278e-04
9.563616978148766021e-04
9.061883316090056650e-03
1.658729539642079593e-12
1.674775414722920651e-16
1.703532625338950008e-05
5.707159481783925965e-10
1.323585176092262561e-08
3.080216897839288224e-13
1.153452590635865877e-09
1.283835347239289605e-11
6.654264997142123736e-09
2.447241227653125474e-04
5.252043640518812673e+00
4.318673172471290459e-08
1.253366023501314557e-11
8.295169300547404546e-11
9.767996978731860258e-15
2.498092991523647156e-15
1.871322115852615873e-16
1.754160657576253013e-18
1.577190780613092797e-07
5.296522032757398427e-12
1.831631614634182999e-17
9.180277397382493428e-13
3.492084249457064260e+01
1.268377888236335593e+03
7.274273783684271082e-19
5.209874371249576086e+01
1.990755447446142915e-07
3.957206183051139408e-17
1.892734936876688566e-20
5.566377312510588336e-11
2.602669583659141434e-20
7.432586075563568560e-19
1.930215990974460525e-07
9.441177750727820950e+00
5.431347787415358204e-17
6.482329875666295038e+01
2.888238868585155239e-17
5.238007449815904754e-10
3.202710923748497006e-20
2.057141548536012854e-14
3.959782278965112961e-04
3.949641658220486661e-14
4.505322884520070062e-06
5.416317429756553040e-14
2.199934823405008796e-04
1.453048360266809420e-18
3.232151297529230801e-03
7.847905533923570829e+02
4.429088194580424275e-08
4.003941705093045231e-18
1.498316691763455702e-14
2.280859112471982729e-15
6.078820764168682719e-08
1.542086273421057379e-10
7.518663576142856678e-20
6.007351980095326120e-13
2.517271597505569201e-18
6.813174920193424650e-20
3.982653822378051945e-19
8.051398852255148347e-12
1.550128589765763752e-14
2.172657313731640727e+01
3.353918262389203200e-19
3.713947346801428351e-01
1.904288160415168463e-02
5.032525993261762268e-03
1.993414873817253706e-06
1.651416898921221588e+01
2.113804114261552236e+00
2.032818421675673114e-13
2.857994909836344084e-07
2.472265696566777697e-07
3.035613349421183822e-05
6.107889926512882013e-05
2.847482606408654540e-19
4.939291121220261704e-01
7.960867849132370897e-12
2.190816006504431614e-11
3.018209865609816286e-02
3.962643585978093006e-13
1.219718040928637195e-04
5.495117122123435225e-10
2.451374628531155566e-10
9.098519747834801240e-10
1.253765355513024415e-18
1.328895563916513334e-04
2.542191295451193592e-16
2.338886336673240578e-06
7.050067525399691472e-10
4.600362639188362824e-20
1.280927378081986145e-16
5.528551002193270065e-15
1.230878517134265326e+00
5.783697193809783643e-01
2.941753465782893758e-16
2.188418106732002608e-15
6.547059428433228513e-08
4.444937323580504135e-14
1.737143700328780646e-15
9.525664420852283376e-01
6.695008351626597647e-09
4.802254728835686493e+00
6.697830208628314380e-03
1.205461739227886753e-10
1.111274664438514741e-02
1.574252454832512567e-09
1.962485942244543801e-05
5.643652189010365250e-01
1.320740869623430458e-01
2.036943487356680489e-09
1.353012222266390147e-13
2.391080784479254916e-05
2.313451177308057521e-02
1.348011256732738089e-13
3.380661292717696766e-12
3.573780616742384545e-16
1.210460167480095334e-16
2.452023684785430407e-16
1.184002693658952991e-02
8.743165709144006925e+00
1.321322185815903149e-10
1.289563457161110955e-08
3.344451964330460608e-18
1.079683090214445841e-02
1.305036535082932225e+01
2.832687167210854113e+02
2.993203890487220378e-05
9.352471726365621491e-20
2.779828401921466611e-16
2.754134011873316228e-03
1.072111475064631454e-03
1.085380482363804210e-16
5.933839789413627301e-15
2.693232225217556670e-10
1.000444392717899404e-11
4.499457101309389077e-16
1.321543179644538046e+00
3.028076310586767477e+02
4.908864699727277329e-18
6.071452248888083899e-13
1.832249093831308790e-15
8.441270813807877393e-09
4.937154744774064300e-09
3.499430208980043910e-07
1.488999618650397368e-05
1.608396980704580461e-07
7.489098239670161251e-10
3.665025321768984827e-09
2.026389728614970843e-03
3.246294003255369869e-04
3.631518072281292757e-11
4.236032769482271596e-07
4.995077363799951212e-04
1.289412135908581280e-10
4.886051353181868062e-02
6.402721366246341787e-20
1.984476494073520031e-08
1.153544526441952122e-15
4.685198961977435025e-11
2.221014513162345743e-06
4.314211078898231394e-09
5.437492477685105575e-19
8.364369502781597915e-12
6.804923788668345928e-14
4.318427312131532976e-03
3.546041989646766773e-20
6.895749821169132321e-02
2.163824968174087038e-02
2.202346305474153297e-10
5.608297355056216554e-18
2.838835077289118304e-04
2.377376039107051915e-11
2.554463307164436969e+02
3.733981173693404836e-06
1.065777218523103044e-12
2.943217397354859877e+00
1.522767198985852194e-07
8.897283549485134615e-11
1.977476846825335262e-03
1.304801980176924185e-07
4.418451898111549923e-06
5.961743963469559440e-09
3.945094796658704106e-01
1.004078513192434558e-08
9.387008384055169685e+00
1.430928046119942820e+01
1.232634105437511201e-13
7.903711020069460940e-17
2.509484017107479702e-07
1.090792834288741193e-02
3.705511418188626038e+01
9.594444384243835171e-16
8.605625830531768994e-01
1.754084371564114683e-18
2.964241116638073644e-05
1.239603730933407144e+00
1.002895346122116251e-04
2.610331389582400963e+00
5.367303752197451472e-14
1.128752085822270953e-13
2.476769173765291256e-17
3.376898689276355142e-02
2.273277708714270355e-04
1.627356614376022576e-07
8.130259250133008431e-01
1.350270396894763499e-08
1.543341809830049081e-17
3.960949968798531807e-05
4.158732484641577271e-02
1.797547968480139341e-10
5.192655076752169521e-04
5.708081916609518333e-15
6.870165549539516110e-06
9.629007823712018421e+01
2.225288204987106031e-06
2.190720668831059106e-02
1.169417671963971656e-17
7.481359900782743821e+00
5.286526349818494074e-18
1.641533025838501337e-07
4.721685920427371563e+00
1.293246867396421850e-10
4.804580066970869037e-16
1.025225033597682603e-04
3.666461404022512260e-03
3.236548513312644104e+01
1.019259948740613256e-08
1.173102857774757874e-17
2.407404053478969595e-17
2.170964400075653362e-07
1.514398055322869400e-16
1.056163324804076931e+00
6.697091269020932162e-14
1.226455493940505436e-08
8.237459937068879649e-13
1.911799517072835283e-16
2.069538904655878753e+01
4.052467988505986180e-18
2.491855288088305124e-05
5.852219734806332241e+01
3.565025385049980493e-04
2.185371645903844911e-10
2.266624083394269107e+01
6.440524381789585579e-18
5.701939931575551104e-13
3.979812936489007768e-19
3.122570528851924337e-13
2.490505315147388297e-13
1.101918579683795505e-14
1.440097435992415058e+03
2.963742185584372228e-05
5.416983926839548887e-06
2.734432391609387244e-04
4.727017457928612999e-18
1.372621958747779326e-13
2.277815750287222294e-06
2.576199621669005878e-14
1.295450559344206876e-03
1.006970313627570807e-01
2.224494827372210404e-09
2.146364756266172855e-07
1.891306441264352361e-20
1.360937143728467947e-15
5.271583908576194071e-14
1.164486522041458230e-16
3.286273746211407221e-02
4.349646595448930161e-04
1.001259153239388639e-09
1.745845802186476824e-09
1.893667216354572578e-04
4.578941654074706892e-18
4.072983822272148490e-07
4.038294064018366830e-12
1.166533191598310854e-20
6.810286452164528725e+01
3.832514015009675923e+00
4.296615285922851878e-18
3.620075319828595560e-20
9.136164121700219864e-15
8.114120249512942834e-17
5.047344129787531518e-17
3.459687220311007050e-18
2.512360571071788780e-13
3.103073775798191242e-08
5.106589834504157821e+00
7.900500350912971931e-09
1.572783511766523236e-13
5.389912674432799600e-12
5.648697497768170317e-01
9.095248818049617778e-15
1.900586770578534167e-08
6.951025083530118387e+00
3.556082559233507254e+03
1.477708842821333582e-10
3.526430239007031310e-05
6.647341666877296120e+02
8.367942590040891608e-14
6.586195082306685314e-08
6.665504408378578906e-07
4.518176655815905246e-06
1.932849980253615451e-11
6.491487442932855241e-15
1.301849025902794381e-02
8.856082012091300726e+01
1.290030971313635126e-19
7.689424907316648643e-11
2.754149623146557927e-11
2.071773649833759894e-11
7.679939671936149549e-18
1.589457996170273801e-10
5.606095386374186866e-13
8.526228438456659120e+00
1.264696767774934827e+01
7.446873972140863884e-01
2.365652703288651654e-02
6.918876234248184806e-15
4.375897413017248401e-10
8.466715639532225168e+00
6.825686815829825867e-04
2.824552467580799946e-10
1.967280966078138795e-11
5.220585110083130487e-08
9.995496930246858538e-12
2.994157996738254778e-14
4.607186201075436284e-14
2.949935118040841596e-14
6.358664721976419604e-03
3.490714448307998593e-04
1.200222649909220920e-18
6.265990587263877749e-10
2.843250406120826632e-08
1.354528098012136959e-13
1.144650608684382297e-06
8.411120961372410680e-07
5.223251238089038885e-16
3.212180236137917533e-18
1.542919457989061020e-10
6.292979124537808400e-13
8.506287037208415497e-06
7.051426930592624381e-14
3.943036291162104031e-11
3.977305009404440739e+01
2.299477546810004240e-08
4.370108379946811189e-09
8.185407539164946624e-17
1.937925116287214367e-01
1.628665715586286751e+03
1.310529446356290511e-06
1.810722817807344239e-05
3.809869722705814767e-14
6.204469087848216934e-07
1.467233387016706766e-07
2.005906645659418597e-20
3.692214086464971648e-16
5.037666062320758588e-19
3.583725524372419202e-01
5.832464025037227002e-19
3.823141991669670390e-13
1.454452723849424380e-14
1.566665407085692484e-03
2.668412263972330673e-07
2.365129556999557292e-12
7.388212958685575172e-15
2.138900391233608728e-14
4.648587391217922890e-15
2.454370227379756055e-06
2.380995523339938020e-10
8.011474322275793725e+01
8.998222882261557309e-01
1.280989339923156325e-15
9.115220478832790112e-16
2.620553315759139301e-01
1.935855130157062209e-04
1.521607631182706215e-04
2.020642363315272334e-13
1.076021246441666963e-04
2.820032438557860449e-12
3.373754786613945457e-06
1.585786170735224999e-13
1.981929365024672277e-03
7.587171556088385914e-13
3.429991813443403775e-12
3.530314242428434871e-06
7.080201121552380733e-05
1.593134720147541872e+00
6.257714347128625109e-19
1.704068390430510505e+01
2.512993250935914233e-02
1.335404601349291975e-16
4.117937904107778198e-15
2.134214284389151041e-14
1.561376556435569558e-12
7.747707561518761832e-01
1.440324178934809067e-14
4.685359342139813335e-11
5.805871505586372279e-16
3.916731144473887300e-16
7.291450964763613102e-08
1.241102038883758271e-05
5.352626517558426449e-21
2.905218341720969266e-01
9.103215171500167146e-19
9.909323591570188294e-17
5.893101329560896726e-19
1.815289345294635837e+02
9.517926622912082912e-01
4.732359073895198165e-02
2.927783934076675822e-10
4.228807487149969740e-08
1.881100043192049079e-19
1.996785343832310484e-11
3.472580889371922312e-15
5.141266339806631938e-15
1.505078838110097406e-01
1.323372233795563486e-09
2.903856822483858489e-07
1.375076256666964958e-12
7.189074510626791703e-01
2.138749959222128482e-06
3.801969736748612950e-04
2.198948830390244353e-04
7.734886545502116643e-11
6.240306120526794402e-18
1.279275776327364240e-06
4.359892453289210636e-11
5.742616630547891714e-19
6.031647862046127240e-02
2.704360958385982954e-19
1.158866487791376500e-15
1.130922312884510816e+01
2.205147343183709863e-01
7.960197010125616077e-05
1.623891355885452538e-04
6.063631304867888089e-10
1.210603302522440312e-17
1.944225906740455145e-18
3.450542699814850999e-21
3.020512760462303217e-07
4.280027536678002008e-16
4.779353713812209869e-11
1.410928239908498621e-18
4.640617588912877504e-19
5.666896560168658656e-08
2.209411049155103512e+02
2.994771125227809093e-10
1.417409418635521967e-10
6.768172637394748411e-17
1.409025551401026159e-05
3.113152463375210676e-08
1.172371408174037268e-05
8.547234373984889135e-09
1.533711601875262886e+03
1.326023796084354522e+01
1.348998541431082721e-15
1.512589174793689016e-13
1.455318161473917414e-17
2.406924803612817258e-11
3.438828916644934329e-04
4.535677303680419681e-04
6.135126926690480723e-04
1.211772346627365410e-01
1.756144837634112021e-11
1.726307706460807517e-07
1.013884578811254875e-13
1.819731249222613911e+01
3.366939777486594141e-09
7.602904050282755487e-08
7.469429581598827364e-06
3.593932361957252652e-18
1.661039335315064314e-01
3.614892684016855340e-16
5.245290914489945311e-06
5.607052914611233518e+01
3.148076947337917725e-04
4.255056205188782817e-09
3.773488683186054170e-19
1.280600508697762319e-01
7.750542614484528414e+00
1.635955523638105090e-15
5.539934201007868708e+00
1.440465226117098929e+00
1.214219787443141308e-14
2.531838191018700330e-16
5.977798304851146306e-07
1.009961609286122644e-16
5.807292617879045160e-01
1.779056482349229209e-16
7.083469448023187454e+01
1.349591604121114924e-19
1.076290475949025740e-17
3.169768639441186495e-16
3.927499287337501976e-03
3.672503458284820713e-05
1.707033434137879002e-01
9.613015339218433652e-02
3.107698892068916261e-08
8.822496743726680113e-07
2.741898840611140198e+00
1.865712832822874088e-03
2.799266182129008973e-09
2.475073651182507977e-10
1.295351858210407463e-07
4.057218584139488413e-22
8.261841146455680648e-21
2.057835308526079120e-09
1.972800800503993059e+03
1.213827088952478167e-10
1.114849727179981355e-10
1.093099643673069151e-06
2.276250723725677236e-10
2.128347062686748538e-11
2.829490997337263281e+01
5.993257014346371481e-19
5.184959705594122462e-03
5.052812319566364785e+00
1.710511216893827013e+00
1.739683599619477416e-20
6.531501407680772245e+07
4.055499181499767088e-14
1.375927597157737367e-14
1.411294732454272690e-14
4.721846538728698399e-19
3.439883067775737122e-08
2.270656886257779173e-09
4.163115276954022725e+00
2.400052360808219546e-19
4.772449176220899858e+01
3.343231455755688969e-05
1.641735276037055088e-02
1.408827036717392894e-05
1.006045388923379164e-10
1.201544803825265600e-02
3.447686496878438894e-02
1.983195211770196412e-13
3.928014276952939080e-10
1.776384804232241947e+02
6.309405583032605265e-12
6.229729155126553742e-07
6.038895035749154705e-02
2.927098104025669969e-11
1.794954178504682574e+01
4.024813898506831883e-12
1.587114368720949773e-16
1.336864478968683443e+02
1.106175448247784719e-12
6.026974296602321236e-19
1.553683139505533229e-09
1.361431596891866001e-11
2.932747348979058068e-13
2.070458664943659816e-06
6.291784806098773999e-13
5.640607720147917804e-08
6.447579277333336257e-09
7.211363071588158095e-12
2.166808627178921530e-04
1.005885951703019578e-07
9.763252136119881250e-04
5.571637423223356722e-05
1.559870902298278994e-07
3.210419796551466004e-14
2.779094741398154748e-04
2.178234095848114028e-13
4.508204222604460441e-12
3.116558068869433873e-01
6.704188251107152030e-04
1.583401752606232102e-02
5.290523790878651766e-01
8.393310518022567341e-09
2.662582079309813197e-09
2.524112870951422208e-11
1.794045106587708442e-14
4.958749943726042726e-10
1.047055947993960855e-17
6.365149092669469821e-01
4.287970898836510614e-01
7.778338392470801721e-14
2.228743931209841129e-11
8.213231207679247416e-17
9.795773556507855750e-02
6.212470712256028662e-13
3.451579373640064347e-12
1.780340062913142418e+01
3.020466157008803998e-02
6.004820322478186654e+02
1.199006900946932611e-13
4.351999161168081023e-09
2.586582552300031098e-05
5.950477138187793003e+00
1.560422123552525536e-18
5.634280574240878769e-15
6.596661367884264306e-06
1.733294792321083890e-08
4.286553395490001750e-02
9.619458856580089812e-01
3.030277291005489389e-13
1.689494747989685131e+00
2.668832879803405622e-05
1.891302172911614434e+02
5.074676927306759344e-04
5.561317200916934046e-11
6.713469220045959140e+00
2.235911169430481027e-14
1.038663985084599551e-11
1.524380059174966882e-07
5.100290105539792544e-16
1.998933053617899167e-17
1.034098771913851543e-14
1.924442348781215076e-09
6.048621896608812948e-09
3.548388681189501170e+01
1.692359279323532911e-17
2.233408336966440544e+01
8.019857374080675783e+00
1.671749260558727008e-13
4.547585009226463859e-02
1.514286978273378804e-04
6.827830602300902448e-06
3.404724232164533034e-18
4.652140749834446695e-19
4.242606824758417206e+05
1.956764868976650291e+02
1.896718289345151187e-01
1.615105725473014445e+03
4.835459765278284294e+01
1.500338461986855082e-10
1.393078473972480397e-16
8.676283004568374599e+04
1.835044579864567534e-13
8.195180995165327628e-13
2.218740545286138587e-03
1.404342799093836469e-01
5.278569868497465288e-17
2.741773774871908842e-18
2.307375041855920728e+01
1.147604455061434850e-20
6.340212836561320539e-07
3.260630690196564532e-17
4.168406954353439959e-05
2.138039515843662292e-10
2.699782740455665409e-02
8.149839955839406714e-09
2.272251808653838631e-06
1.005553763601545269e-06
2.138055726010147704e-04
1.347025760498827586e-07
8.480056181668693682e+01
1.974041400971586134e-07
2.000994963848626469e+02
5.090341346373583921e-13
1.119220539586274651e-08
4.469185440885744411e-12
6.277511408664483444e-08
2.524463429190787955e-04
2.539019426298556326e+01
7.715349894329980644e-16
4.784998667364749412e-19
8.818602136180669746e-15
3.424097862126689278e-07
5.060250728547619446e-04
4.374196747655694475e-16
3.233773174925390035e-10
6.898784629278939128e-13
6.979863357242860528e-08
9.782843493701234050e-13
1.527784328542624450e-16
4.216087386383176790e-07
8.184680680648068188e-13
8.641426107612648542e-15
4.394254373529151575e-02
5.205989133179625928e-16
2.006882102390625599e-08
1.051118026391019807e-07
9.428009017193131900e-04
1.409579776699233515e-18
3.679404772862264768e-15
8.089301912491172388e-20
1.119306542396634631e-08
2.624099475442605501e-17
9.491398329722362109e-03
9.009541859411229051e-16
1.461169801495559601e-03
3.435921730873950755e-07
3.651745421206583795e-04
1.731423496065087287e-07
7.723397039507890890e-10
9.556021215202241107e-20
1.033997577483607869e-07
1.102072176170436910e-03
9.548531706810864164e-09
2.192185970818822235e-18
5.386032051804299620e-11
3.354942278077684629e-19
1.391089793965581377e-17
1.256875014372702702e-10
3.035888543232843636e-14
8.014742177877428111e-03
1.180332138528448027e+01
6.864113733442246712e+02
5.365762207150228846e+01
1.471286533889412532e-03
5.149221357790153351e-11
6.943809755078578444e-04
3.684341262454700409e-05
2.649708419878556172e-10
2.089276266056846591e-10
4.371103627961032647e-12
2.653415779291440360e-06
8.262780925158100687e-04
8.499720616984842228e-03
2.348783927064225421e-03
9.536049168616105454e-04
1.207244630348613002e-14
4.130480329727583509e-11
2.347776195992770425e-10
1.504690605425641688e-17
4.288928710653261811e-18
7.288318884618877408e-17
2.211656242576947040e+00
6.089103927420867279e+01
1.014965777829969108e-17
4.027409611318242241e+03
1.060009644008468727e-03
3.395698704493488584e-05
1.091295997586728264e-19
1.877731146138384100e+00
6.063191174321318908e-15
5.960495823686780964e-02
5.674474777624272288e-08
2.392399209337137123e-01
2.884230130958603894e-11
5.187112099036959404e-20
1.715119528359811056e+02
8.113359557988960868e-09
3.956781291914851122e-15
4.857127894977305461e-10
3.669535963879747479e-09
8.139137425880741536e-15
2.469391368050186160e-05
7.833497545859150257e+00
3.053087602506520852e+02
7.074104455172714268e+01
2.225901799547038555e-08
6.418251772582990455e-02
1.162522481077934433e-01
1.070898387631280196e-11
4.632945149328458549e-17
6.830028047294469218e+01
3.861743606814477098e-18
1.919482696617580724e-16
3.577141810286341705e-01
4.463157292355151738e-11
2.976816459408839187e-12
4.066042317620604286e-16
8.091790825421353769e-19
1.155903577131344448e-15
1.104830992850038385e+01
4.220360835838019150e-10
1.835361576694880861e-18
1.576038068485973880e-07
4.023343280819367406e-04
5.133212142418655761e-09
8.439864725213302998e-01
3.501393979129544631e-17
1.319412644559081499e-17
1.196718992259436565e+00
6.646917715417595787e-18
6.345136696642571458e-21
1.812916337317841894e-02
7.109220422417107435e-17
1.605384091565597137e-16
4.784535942779417782e-11
5.745079353665231617e-05
3.232983703114973909e-12
2.249149886715331461e-04
2.006354202504818742e-15
5.717430778495166677e-03
7.944065916793682902e+00
5.089037726481662055e-02
1.953541330188994391e-18
6.777722987131350512e-12
3.078787428879706465e-13
3.507675740978042800e+00
1.806750881975185017e-11
5.092536936415378968e+00
1.548124384758123802e-18
1.526149482680750125e-17
9.273743979525437815e-15
2.187513658532004297e-05
1.029876479237249213e-14
9.672972472732604585e-13
3.618027501701323286e-04
5.010856363016664289e-02
2.720598224482050887e-15
8.493301312113847936e-13
1.225991744168654856e-07
1.309578754399532508e-09
1.053743385647195811e-11
6.513253132985937044e-17
3.498891085359582750e-03
5.246762087015489628e-01
7.923593069792204957e-02
1.938613246144275807e-03
1.314174355572267623e-09
1.285016436230881267e-08
2.912809535683549313e-03
4.189280244514190232e-01
5.008600950809789509e+00
2.204962427175242929e-19
7.968262381832048099e-09
1.189318813474293373e-14
8.861940101478810172e-03
2.713818836688943748e+02
2.834747893489854660e-19
3.167960322188803635e-02
4.989428558360745392e+00
8.505504169885568083e-17
1.686425505483779343e-09
1.213468215826928260e-03
1.715277508307259480e-04
2.200776870060322277e-11
9.666296390199446882e-15
1.941537441570847022e+03
9.395210631544415583e-07
1.813769835228996596e-01
1.817174887747798380e+02
1.387226918987036286e-05
3.210149289868584588e-16
8.968851520623026059e-19
1.902966386846457884e-05
1.983593246910199674e-11
5.144170338405593471e-04
2.106030225042616107e-03
1.890042492473383159e-12
2.819651043867077821e-06
2.415871232148481545e-17
5.839450704042333373e-10
4.521711873675725302e-02
2.231590637406503538e-16
2.619564787358300834e-10
3.349430954174600336e-05
9.854927190191492834e-18
1.930308771789050866e+02
1.157914225441715159e-07
5.099083136401391103e-01
1.242159730167830922e+01
2.173383727670049400e-06
1.147939424575386975e-04
3.555065862983647730e-11
5.395580986494619147e-01
1.618161615946973055e-08
6.105198732761667191e-02
5.679618901818524364e-03
1.826151348429993770e-01
5.761678314772770961e-07
7.442870250270282092e-18
7.916891435651441340e-14
2.477432125502815937e-03
2.814983041136381670e-19
1.535736757373221247e-08
7.126630411698024747e-02
5.586739420368883193e-18
2.005751300899495717e-10
1.846654583262948392e-07
8.629493032661163865e-14
2.583297028160738355e-08
6.280847391755040479e-20
5.823102838642569564e-05
3.640868875703476969e-06
8.919632236397011704e-06
5.064891354010273650e-09
4.258288880869269107e-06
2.184367974929409229e+03
7.232721624588311211e-17
4.695799535375692565e-09
2.259414886237750025e-17
2.085022229213635987e-16
1.024694334024874820e+02
1.651316146570924150e-08
5.830292170686964976e-06
2.745651351807696762e-16
2.088460048256284485e-12
4.476459555877094255e-12
1.143455329968685596e-01
3.440357478636531795e-11
2.436817527085622005e-05
4.558937782539010585e-11
9.791278108322056043e-10
1.677464580937225733e-15
5.723380770697484076e-17
2.666822807872577203e-06
2.649929665055686932e-04
1.030487994897867631e-15
1.276946104139375017e-19
3.877224218855167270e-02
6.364044076444335118e+00
8.927725460165064731e-18
1.303452990581955250e-05
2.535908991863132133e-09
1.765713356591267145e-10
3.104592095351763085e-19
1.095557763472527206e-09
3.251767345306844277e+02
4.355715417441032933e-05
4.479776137129630652e-14
3.249556893914576916e-01
1.046642235302369173e-10
6.525476030336946246e-14
8.190757700895608011e-13
8.503218193557733531e-04
6.519098692237876910e-15
1.593647887997580366e-08
2.129469496887247864e-05
1.404569482829477412e-08
4.004443999222775300e-16
9.236136297211816803e-11
1.235188333578745301e-01
1.226612208194376051e-16
3.100716916617200554e-19
6.971421849972840752e-15
1.263205017801842727e-18
3.133428866573953822e-04
1.088786044012369060e-03
6.186162014597927020e-16
3.177251424233815110e-08
1.767707655898884990e-03
6.504624042248248386e-18
2.715227181955556909e-09
1.309022819382278399e-17
1.651784357847299548e-18
1.671601690697906305e-14
1.658235642757833195e-01
1.267189309459273763e-09
3.313778309376148254e-12
3.049494936268971194e-15
7.278468456704681761e-10
1.842218903762802976e-12
1.690545774431628626e-16
4.869547155495129074e-16
4.730552083471849395e-13
4.074278705625621200e+01
2.050276474796083896e-07
1.200064289010919004e-07
1.957278086866508570e-06
5.606213849232781924e-09
4.064393100419523762e+03
2.470862685239598923e-06
7.271443038955301752e+00
3.907398177303393345e-06
2.867183613556810329e+01
3.007881546046243309e-11
1.915228749714281142e-01
4.991482701289177287e-02
1.961205628807605939e-07
5.434052935251224013e-13
2.903658405611661185e-12
5.411022646267202871e-04
3.498192500995331142e-15
9.645808226745174352e+01
2.713182113510403316e-14
6.020611150008705274e-20
3.788357199988340862e-01
3.815622894682130647e-06
8.953383339074226521e-05
2.329594722137736921e-16
7.341429744079341447e-16
1.857197629154481867e-18
1.409726534401852492e-02
7.662965876000980892e+00
3.437905331015698600e-05
3.885629980895836303e-12
1.612201713064413135e-04
1.805835541353342251e+02
7.344964951038975691e-20
5.275837012219355970e-02
2.843336523218826573e-04
5.910829437304038405e-09
1.060543005919784048e-12
1.381813693858497061e+00
6.313205160049422290e-09
9.464702494501160690e-03
2.275776910008529549e-11
1.331826748123969094e-10
2.021837525547986095e-19
3.344119908961426961e-11
3.820002923956704441e-19
4.853188366613719140e-12
3.319088735104562460e+01
2.081279015037196635e-14
8.547697470449201162e-15
1.038369201737141456e-03
5.453749225693933264e-13
5.854255546038943429e-16
2.350524432891983971e-14
8.333145840180738377e-15
1.853827938153954080e-02
3.661546809986034663e-17
4.920880245358324467e-01
1.132379193492604620e-08
6.991273945769097909e-05
7.133254252408398688e+07
2.564112740674396071e-15
8.691073081258064401e-16
4.473966986703444808e-13
2.068109500659599898e-14
4.970538008587186973e-01
7.572130265940626070e-05
3.238506377149453186e-07
3.745352005451735387e-03
1.099360823419123655e+06
3.825178142566873686e-05
4.091080659179625120e-06
1.728347602092764425e-18
3.988602015397326902e-08
4.268106273373334024e-13
4.549545027619403692e-14
1.882115216464566322e-17
3.053510771290274112e-17
1.670814618005208234e-07
1.010032305696144224e-11
3.662013552333725293e-04
2.171187822549186221e-09
1.519494292556498437e-07
2.045851736272912603e+03
2.384366189587976298e-16
1.244009376172962980e-10
2.370954013549471113e-18
6.874912755557728572e-02
7.347711617872659623e-09
5.179592354714388077e-04
2.520909031393711604e-10
6.485959784176308267e-14
1.203642829659220661e+04
3.061270564451790147e-14
7.131452864647269566e-05
7.658100724906770450e-17
4.125681358595725588e-10
1.237586925994996548e-02
4.174610248482258239e-07
4.458562297311193033e-09
9.523749716192903608e-06
5.105121199675009347e-13
3.315023325171051385e-03
6.462675378526842465e-11
1.423806912866809050e-16
4.034152111232513702e-03
1.233666034020297786e-09
5.058803108132445753e-18
3.603100406000097453e-18
2.030359753112732490e-15
3.582291212547488259e-14
1.813529320235810556e-04
3.662459038061423267e-16
5.118993090439771798e+00
3.031025883006746060e-08
1.071572449640689584e+01
4.082232626845589307e-04
1.976819403993313842e-19
1.033819251483152124e+00
6.170685985462544959e-02
3.667433783106390344e+00
1.410466201826348178e-06
5.564554512223682982e-06
3.188076228358925164e+03
8.530962843579436454e-17
1.766795844269332408e-17
9.433509330801542747e-01
8.021557821531046023e-16
2.132773630070867427e-06
3.895672543013287247e-14
7.717759602345471522e-06
7.986440073256267289e-09
9.764614186560557130e+00
2.327639254250883797e-07
1.778732255435985822e-16
5.230821176108232674e-15
5.725866528855421919e-14
5.463583305428348780e+01
6.470059855387489038e-12
1.220755104445289296e-18
5.287866967013227688e-15
3.574698111716266835e-01
6.535678514199177930e-09
1.502630947871027267e-15
4.091154842336831070e-11
3.029269619219249754e-18
1.921426229527943521e-13
5.728742512298894723e-17
5.099624274525907980e-09
7.259471876954359804e-01
1.058694600330055025e+01
2.553958634845709064e+00
1.811921771342818222e-06
2.112320036841782919e-02
1.610619691227063570e-19
5.435783567140145218e-15
4.866124586264245801e-04
2.005428907677396122e+00
9.259292058186526257e-04
8.607762324414956609e-19
4.284371218887396172e-19
1.449319326810483833e-14
2.811981580651350840e-17
2.607866112584257768e-10
1.256382767111338799e-17
2.953439715418924294e+01
3.552674017019874444e-10
2.070488979187781295e-05
3.225038687955525951e-01
1.287776257745739450e+01
7.765513204894142257e-14
7.533609774004669216e-09
6.195837581246923542e-06
2.537725374020848079e+01
6.500715407132662271e-01
1.560156009149250849e-14
2.646979429720573340e-19
3.771502981490918816e-13
4.814580931995375915e-14
4.872186097909172878e-05
2.688179320597556853e+03
4.853395530598244153e-18
5.080639593709485865e-06
1.749099839178263441e-06
6.272911426464473087e-18
3.546000356911054955e-15
1.925653930718533275e+03
1.352105309402511397e-02
3.153359451465995772e-12
6.532182390263386051e-17
5.752192193144508359e+00
2.104612051441262716e-04
4.763941215284398341e-07
1.400985813131558821e-04
4.292437868440867984e-10
1.134634784551985000e-02
1.022946540045313916e-04
1.620521483913693572e+01
1.664586925707294046e-14
2.786397094875367361e-18
7.022407599141027849e-19
1.713715885553142088e-15
7.491583177418025484e-15
6.086271595823141700e-01
1.434573280151439256e+01
6.928945688076210141e-02
1.190435005030315006e+04
6.362145986911717810e-15
3.588973854123353703e+03
5.666415700626860794e-17
5.101476030129905760e-09
4.273078338893114860e-16
2.660677620321352463e-07
5.035309729824272244e-06
9.499662236707677390e-11
1.826371245273274639e-12
2.656911708470719285e-09
2.114418026121037131e-01
1.913073151992270127e+01
2.042217572360734146e-03
1.277417672005884710e-18
6.271306332869823330e-11
7.674477764994750389e-07
2.757560943961727840e-04
3.659439492103592064e-11
6.228882402306171223e-17
5.840499251887790395e-19
9.095647244315060442e-01
4.991948012645751348e-06
1.613312107652180769e-14
1.370108964676156979e-18
2.415005952169026540e-02
2.244996177810061279e-15
3.192155860724586042e-02
4.892094426504722642e-03
3.389547935004377617e-18
1.964358821780820189e-18
3.615008625325611055e-18
1.023526511900419710e-08
1.191116351773254856e+01
2.716289091495997787e-02
7.211630788769372857e-02
1.736948171054209240e+02
8.102425175026736065e-03
1.297137093594357164e-04
1.073864676799544340e-09
1.140467049771562102e+01
2.967628516158786656e-13
3.486938305276434242e-16
2.754837309547208022e-11
1.214460050061562043e-06
8.201616112390046816e-11
1.156309871215379416e-11
1.594407665976087994e-07
6.015944949625087559e-09
6.399636210035853991e-19
3.935868131800261072e+00
5.550349705554462703e-11
1.329216331912709124e-11
6.040725343203304907e-10
5.791967887305868746e-07
3.328556091867132950e-11
1.002766495116497388e-16
1.175441970675745748e-13
1.996452338834828640e-19
3.812126311135785913e-15
1.672551685776599184e+00
6.764276876913618072e-13
6.227059495898576420e-15
9.820303132874790374e-21
9.898941317381459882e-16
1.803309871823161326e-01
9.531138552805846164e-06
2.219688560762466956e-01
1.854944423980566999e-15
3.845353665755174362e-11
7.030556639807747574e-06
5.768408538675966035e+00
1.313060083024016715e-13
3.131971932024988359e-01
2.200887467563697671e-12
2.476734275458064691e-07
9.383378952809594629e-13
1.148279928555146877e-16
1.050901843288346329e-11
2.440246396220616468e-02
6.687599549423667300e-01
7.589555696535481418e-04
1.312376545363368876e-16
1.695063531597193217e-11
3.648740528512805317e-08
2.716572653072668135e-09
7.084868020179883212e-16
3.445416435099262224e-21
1.235908173398363535e-19
1.621861019689507444e+01
2.074742753582181720e+01
5.961318665248573725e-08
6.525701465440221351e-14
1.166324289087823109e-09
1.602997106553246580e-04
1.313316366921453774e-16
1.341207444703147646e-03
4.928793145827107078e-07
7.763413607825745501e-11
6.628127318082486852e+01
1.841884483924768973e-16
2.138618720623325274e-18
7.077248598992012301e-16
6.994106145580653688e+00
2.454745345747396170e-11
6.475682964408527306e-08
1.402027840414494262e-17
3.384526153518643426e-18
1.606670472217379483e+03
6.633723707767650809e-15
1.643071646556377274e+00
6.070524233762998214e-12
4.821453482640764146e-20
3.741812433140610794e-02
6.515349064697629046e-08
1.587647710219181836e-12
2.052926672537054690e-21
4.190933677483219003e-10
8.888533653951190777e-09
7.374316213962075551e-05
1.227657855517023250e-02
1.396045971357427253e-05
8.543163495780144146e-05
5.851633270975129299e-17
2.074679006547754761e-15
1.297884798603348020e-15
1.401753406129284770e-09
2.827047535423119484e-01
1.420673858603354114e-03
2.216729546824521475e-14
1.424704271681238642e-05
5.566444593790340582e-05
4.882966877763325030e-13
2.150392043758203586e-02
1.606276874468504404e-04
9.022341512682130818e-03
1.601716141968172092e-15
2.215122959166771106e-03
7.712567779791047527e-13
5.385701540922004305e-16
5.297223974557353756e-13
9.568102811686045078e-06
2.061725498897208464e+00
2.049140286206115746e+01
2.790770784949514183e-19
1.196676301329859360e+00
1.147247260543186493e-13
1.989656784923444416e-09
8.960630739086949959e+00
6.138447123864449544e-07
2.135494852459621096e-05
2.757890700876123123e-10
3.455292451483101340e-07
1.131395529810815071e-05
1.515328235866676404e-13
3.073184167609771533e-01
8.825572281711988684e-17
3.909342152925729067e-08
5.503177648258655073e-15
1.867075329623153686e-10
5.600393497143077028e-12
2.689552203497868876e-17
7.460064939502693165e-12
9.149220582473359405e-07
3.211772825403865775e-11
1.214244230101172804e-14
1.463731359246492515e-06
1.827383930866959688e-02
5.566959661783073450e-15
1.021833244575035286e-04
5.541879681115017117e-12
1.119494271290121290e+01
1.918953417666234771e-05
4.298789939140424026e-12
4.383244762303009602e-07
1.568687833994109193e-14
1.292754933297644347e-13
1.402038248313892752e-06
8.606552403446514912e-16
6.339541939195894762e-17
1.146356451686527577e-04
2.269280050155663343e-11
1.108611399170580781e-17
4.562904422218438384e-07
3.652295656222090186e-04
3.699635318592096628e-14
2.371452698515506835e-08
7.644073492861655071e-20
1.835326792540452677e-20
3.465030733524464171e-04
1.899306216424428290e-02
3.588125319760595122e+00
1.871861239173424913e-10
1.536474028890788439e-07
8.440508514604398000e-18
1.479658084624980918e-06
4.550116864212927714e-08
3.160610598286671213e-15
9.512288519119986574e-02
1.909343720457022495e-18
1.656365816060270220e-13
1.078592496896608687e-10
5.912219427333479382e-01
3.977851528739807885e-06
1.967188567167508850e+01
2.242571141926491456e-13
2.016303014652920571e-18
8.370297970767292384e+01
5.701647304833713514e-01
2.655217876933872387e-03
7.169925971888715509e-04
2.236474224328078515e-15
6.860728211257203428e-05
3.316856255244418020e-03
1.755893746462457773e-07
1.082909638271792417e-09
2.665933551944268629e+02
2.415966638414983504e-10
6.817754149866099579e-15
3.903256455102563009e-12
8.465049068966933987e+01
1.472436796619371719e-09
4.237043859360280977e-04
6.626458827887451442e+00
1.025451809230988384e-06
1.295846940736776309e+00
9.376761801894880063e-10
3.533946216250218089e-18
3.465283462739780513e-04
2.408257806467129836e+00
4.510482630204821462e-14
2.188946807150485618e+00
3.953265748314526633e-05
3.256070403211237405e-19
3.324030342529568536e-08
1.949250255986149606e-11
6.215810685343563672e-08
1.955593835293262189e-15
4.011815435644381367e+00
1.440599472051206938e-11
2.356418191786362626e-12
8.995113665567916888e-12
8.933126668644693515e-09
3.971467577857473950e-08
7.903559544771740837e-07
7.356528214327452686e-03
6.263006045099832507e-11
2.061461723173941857e-06
1.234071783910486704e-04
1.393445073160322010e-08
1.995010692699079681e-09
2.011731897205356120e-16
3.285007705304856997e-03
9.497631229055841118e+00
1.748123628690802895e-04
2.691153751331276656e+00
8.751215406859459733e+01
6.051200595320022270e-17
1.474768604122101693e-12
1.908581842115638210e+03
2.647955111615154887e-08
8.422784619111101795e-03
3.775542845841912627e-10
5.626305734893997189e-06
2.241361251686930975e-14
2.629242701329928162e-13
1.069821858423260666e-13
7.862195532059630243e-08
1.144940255275377385e-11
8.757454555842127877e-13
6.069754354915831292e-19
2.252131847541484321e-17
3.812067199842891504e-07
1.275358070746412135e-15
8.573111698495632441e-03
2.127624588173751047e-11
2.498831490234124856e-04
9.032631402072537118e-19
1.381199498433635098e-01
9.693540338991049055e+00
2.713038951968238140e-17
3.007832812250092616e+02
2.594718809675958734e-12
4.887015552170271074e-04
1.019591973349400902e+10
1.374933404059798265e-03
4.602476237517006408e-01
6.936237505199912981e-04
6.063936909973527173e-19
4.132334578543157359e-14
1.116881714134982881e-19
1.371123360245820588e-13
7.221457197929719077e-15
2.328587200125221660e-17
1.679008058630596581e-11
1.366479319263516353e-07
3.976469718446655329e-15
5.811493539296236573e-07
1.407885781314077576e+03
4.168419945335987145e-09
8.955389663554769569e-16
1.084264887085883345e-14
9.756962974235872077e-14
2.974870595171486215e-04
5.176814016675399227e-15
3.844150952958270982e-12
1.075261978403559820e-09
3.169057015133829503e-20
1.576956057666905903e-18
3.592148975305916914e-19
2.489727867555819008e-14
7.176873392250139316e-01
5.023448232256440633e+02
7.516804931150884395e-12
2.052853125161092904e-18
8.940311821967891759e-02
2.500534369353222264e-01
2.833954685113125849e-12
3.812712690789793868e+01
9.873197124901028979e-04
3.855648744845933606e+02
2.611421138691508502e-18
3.151684068383863391e+01
1.589877866276463991e-19
2.500666611278512830e-14
7.306772019770011857e-19
1.584394241288244354e+00
2.014853014068469089e-03
3.176725476488021727e+00
1.569917084867565845e-14
6.146133617409268643e-05
8.593705913182465449e-06
9.739100634775620165e-11
1.945574725716522124e+00
4.414299319371885525e-14
1.595104033393757529e-19
9.192610497839652783e-01
3.291901379708822779e-11
3.158910605950078878e-08
7.509150722139989434e-05
1.411364464460819411e-18
2.551671726377839674e-14
1.390385104897055727e-03
3.205391976659431403e-17
4.046658233502676657e-21
9.654709317427930680e-17
5.198807915067491336e+01
1.590772678098014077e-15
2.292117587780006802e-06
1.472359084616281697e-09
2.952747978129633959e-10
1.285881344168669246e-14
3.665738424406065215e-16
3.512163156126128342e+03
7.903558114939171341e-10
1.654658329035616846e-11
1.096640495504208168e+00
5.493871109466453303e-17
5.086636878186511851e-16
4.767004008925543280e-04
8.031950316365758834e-04
2.539298443707843908e-10
4.815563787655795284e-08
1.222434890282388597e-18
1.622244429350449372e-08
5.950910430036501599e-15
3.151833424251752197e-02
1.553122108594720835e-06
1.569153742271076679e-17
3.562451572864078556e-03
1.605896596406471892e-05
3.806637925078824066e-10
1.596906053089878778e-14
2.819224085957458659e+00
2.049402272861307939e+00
2.041556836787332467e-10
5.368566421472074922e-18
2.503564742112569993e-08
1.945541992041852443e-06
4.612577026989543342e-08
9.615545786119543725e-08
1.884229063972575058e-01
4.387167337866967865e-07
5.506085764966493217e-18
2.946383312928792519e-01
5.819982127847654300e-13
5.265308408945268988e-08
1.435997444785216071e-18
8.152742944124260392e-07
3.140284280687115368e-18
2.818497265389828588e+00
2.044876436502358175e+00
7.130235964628381085e-07
4.015499974307596100e-12
5.639061431605056144e-15
8.249015544409414251e-20
9.654948735537094587e-20
6.697109735051951739e-16
6.254603211717881609e-12
3.150611420314897535e-11
1.286863033019082982e-10
1.584032026823489877e-11
4.359042284479422735e-07
5.153701480084620847e-12
4.873883756619164128e-06
5.590379628629305216e-03
4.057877620009533448e-01
7.039510497320919488e-05
7.237870994622892841e-09
2.508381366010696616e-05
3.253930636524821523e-10
9.850571838385223031e-03
1.342108533520427093e-18
1.762921470232778147e-04
5.891741640530754556e-14
7.950456490404176542e-17
5.037732727004612579e-12
2.572629501780630638e-09
3.801839703629035245e-03
2.426163139871434157e-03
9.300200053920485918e-03
6.880352521905360845e+02
9.953019123932629046e-09
4.760339758979499997e-06
2.510653509505649666e-02
5.899499367250549745e-06
4.966773161400832026e-01
1.323382512993395385e-04
1.743757982704727021e-17
2.726374409206327527e+03
2.346368485934038500e-09
6.776570330682805832e+01
3.630266168299041049e-06
1.018788408268421556e-04
6.288039277876541500e-12
3.367071595220383199e-04
1.323461035267276591e-08
1.233263376453878725e-14
1.664961660218946625e-12
2.157964058684063380e-15
1.697538299821654744e-06
7.587572805076410465e-02
2.426354207428621984e-08
1.753966177097020370e-17
5.843202749131798914e-18
9.428324445052445419e-17
1.858563645385637173e-16
6.366714238198417222e-18
1.515280839669412080e-12
7.597888331026399555e+02
6.204428505937736307e-09
5.802015050648770433e+00
1.217798193379060501e-06
1.787658078554752593e-18
1.356853149434545710e-16
1.131460911452042920e-06
5.542513784598878601e+02
2.091976545225195230e-09
2.157307085751725487e-02
7.713528233638560900e-13
2.232248102297310424e-03
1.079847699579393819e-02
7.477985466448925784e-19
7.281054256497154909e-21
4.601138791384291735e-05
4.118329656941007995e-04
1.982164730218257594e-12
5.762303965083386753e-06
1.504365445491752297e-13
3.082954716413795482e-01
6.900885430928684966e-07
1.294214766196346031e-16
3.765471462845195633e-16
1.044220765997082635e-16
2.884331424906298787e-05
6.117011123329203252e-12
9.116794367909702782e-15
3.602177489573551016e-10
2.509505885344059982e-04
3.799769249980105457e+00
3.398360129224313240e-20
6.252207083228957332e-05
8.060008073774694899e-11
3.448884445973704010e+07
4.510974047276788897e-18
2.080866100367980664e-07
1.941366402697846037e-07
6.167508401898974820e-06
1.252051951527452543e-14
1.477890596993650885e+00
8.306681334273407470e-18
2.758801438306009375e-06
1.538451851904052564e-06
2.914177588800045911e-06
4.232598982561505262e-05
5.116656128828962885e-08
2.353278052954011856e-10
2.205837983470742743e-06
1.180616595431743588e-16
8.378909554010516028e-18
3.644961503383969053e-19
5.550686512473234496e-02
7.672759149606168458e-17
1.062740132713421103e-05
2.987506025132768173e+02
1.503848087240164643e-08
4.873862564013028888e-09
7.865950742685178001e-18
1.016939018985844647e-11
1.189641390354881488e-11
7.883268515739060560e-10
5.042217860397823180e-06
7.578387420484018176e-06
3.119191967922184649e-13
5.616522382286660424e-15
1.355322150804957104e+00
8.088232875640032397e-16
4.266133414792227559e+05
2.485284948825087353e-02
9.273355933392429806e-03
1.879095979691632837e-03
3.608604144222022322e-07
2.619727996805665661e-07
2.621841925688659188e-05
1.222455856839296246e-11
1.356968630346252842e-07
1.096289089768380363e-18
8.535353835678866481e-14
2.741411671024890283e-05
8.533647464225569931e-05
2.169896351361502722e-12
1.012253660994197157e-06
8.078040520217410255e-18
8.381144235368013368e-03
1.203188385412367299e-02
2.162022691416912753e-04
1.736797104895965449e-01
2.316431359789959085e-10
4.619376409961534405e-10
4.669279227149973556e-04
4.922922430134098118e-14
1.909786854596166702e-18
8.607260423322793051e-16
2.546247855901047519e+00
2.305657747198428791e-09
6.131949286100725516e-07
1.616897989312125783e-19
1.186072709785598363e+03
4.244389789766289942e-07
1.138225367227290397e+00
3.656776741802191965e-06
6.672507549990761531e-04
5.226310869353836264e-01
5.934863525771864298e-05
7.599739737535118358e-12
1.392071973746182724e-06
1.749959979872023439e+02
2.333026788204884613e-08
9.273081983964276290e-05
1.209339465409201466e+02
3.177996522267269308e-02
1.016905237104131033e-17
2.795896185105247464e-06
9.267780185874889956e-18
1.640392269050811176e-08
3.226905632857131242e-17
1.093673785742126966e-18
3.211292125282997224e-03
3.890887759658976819e+01
2.337934334720318310e-08
1.717570901859847426e-02
1.958552380060233356e+00
2.682304110215681673e-19
1.357263818092136075e-10
4.738896928521631935e+01
1.916036396615383719e-02
9.046044748713330056e-06
9.089813956499295244e-01
1.156284912771170935e-06
3.991669540173249653e-02
9.995073623101731846e-18
8.821921041414982263e-08
9.747504023723824602e-16
4.121108563096789964e-18
3.991082558618216591e+00
2.543637133727797565e-14
3.260011222879182292e-19
1.161082184131873873e-18
1.714909215052790707e-16
5.747539639060707941e+02
3.081822088932732826e-04
1.045334339066588351e-06
3.093862375367164461e-08
4.580762195639645113e-17
5.982451807740978314e-14
8.430069454239417623e-15
2.281615398509894568e-17
2.227288060536212224e-12
9.198856731271276106e-18
6.820325326541881536e-10
1.527579898138606908e-05
1.144777252487765506e-07
4.924279215026978033e-19
1.494379015333330930e-05
1.558689860395389115e-05
2.272013587311862565e-06
2.956162957689267782e-08
9.317706287370346274e+01
5.187602590311169155e-14
1.819569609959947164e-09
5.983762478656333645e-05
6.577399494341432608e-14
1.005514987319781739e-08
4.705352949654060453e-08
1.568338227220883099e-10
7.956701285814574476e+00
2.686252110373269778e-06
9.659396862299877284e+02
3.319620276404516536e-08
1.018707492731627529e+00
2.205046668622449307e-06
2.571183919180321809e+01
5.976285862576826498e-05
1.372367532598105981e+02
1.014841376371698984e-06
1.012744851032935932e-08
4.495706109607205936e-04
7.929694766328749033e-14
2.385917636254597373e-19
3.588402788582201880e-02
3.153632308765448400e+01
1.693292382236103888e-11
2.526701929328231024e-18
8.141747920863450806e-17
7.559990948588563148e-18
1.615893474307379702e-12
1.095697005828366253e-15
2.595122561716347219e-18
1.454756340314607155e-01
2.678141714916599418e-09
3.573413877851686111e-13
5.445420166636705331e-13
5.706342348279892576e+03
3.026814483845418684e-13
1.909382903202316305e-08
9.371430635799031788e-05
1.469910127321808890e-17
1.691234670760471070e+00
5.001628827148414929e-21
4.352090675596575939e-11
6.048936215737943741e-09
2.100530717059102623e-12
4.279923072918712132e-19
3.052079094041952601e-02
1.885469068054071463e-13
7.271247078296104313e-21
7.347408500500496599e-06
9.795737871582539075e-15
2.284183050686922788e-10
5.050861731695452405e-05
2.355788708941817124e-07
1.334676628156131697e-16
6.346599239740830363e-14
1.519709692924322252e-02
2.610364468205872510e-03
9.283865356297461908e-14
5.292160246167736951e-20
7.379249540354149364e-11
2.424222579120872099e-03
5.045807758696178438e-16
2.665780434908049308e-06
4.745224001724148094e-15
1.773246591191784386e-14
2.059509216202945300e-18
1.839907468897189358e-07
7.344359568535697461e-18
7.277578665594999663e+00
2.276292011831094686e-20
5.491523349692937874e-19
7.798527576552226337e-02
3.577497226219405202e-10
3.191885140695357194e-15
1.481970709205948644e-01
1.283486221172686519e-05
6.672543909494058085e-19
2.997436067628201146e-14
9.252220333593649260e-01
1.530132735931501342e+00
3.055951223011884541e-05
1.105623845211201351e-11
7.159759384315644431e-08
6.646413028734546913e+01
8.671746041001446171e-20
1.260637940161841308e-05
2.844482777299051172e-14
6.004573953176132184e-01
1.311983243693486493e-13
1.780446457611594688e+14
2.417151126571114462e-03
4.162594706682031243e-01
5.441135307690473377e-01
1.010585487481980130e-07
7.797339069025520286e-06
1.895557530544559124e-02
3.920882396799520295e-16
2.098386449983781919e-10
3.499249731108278221e-09
1.006115008469960685e+03
3.509058239967983040e-09
2.337619892360362092e-18
6.139297867427428993e-08
3.981014277282425475e-19
8.928468845571831938e-14
1.241871796079193449e-13
1.317759716198797495e-16
1.438362039686072661e-05
5.488073841340593958e-06
4.407308380354846711e-15
5.340643038752984094e-19
5.280700653917602834e-10
1.846433207909642040e-09
2.464498572556559282e+02
8.135529122155254201e-06
1.617153480553313247e-09
3.734049662579317266e-15
4.990962170186560627e-15
3.712001555239925029e-15
4.312736318505850514e-02
9.890628384151179570e-18
3.147267918865253016e-04
8.691564650784979547e-05
1.604144855627933009e-05
1.700069695839270480e+03
2.446361648796780381e-06
5.333286478253929607e-14
1.764938882202483905e-02
1.417081749766154775e-13
9.134003516514201819e-15
7.634175281596057029e-19
7.519527905342909175e-17
2.647979238387282889e-10
2.937054371352320614e-01
4.160048211569017619e-13
4.919391775258931163e-09
1.642099184950489013e-20
3.552461655111570518e-10
1.028603608024442551e+01
1.747731161359056671e+02
1.515253895225778247e-01
1.068086773321418912e-09
6.602713728739814658e-03
5.980823097930859978e-18
4.358244241982117920e-18
1.667983594717025255e+02
3.117126178421820053e-10
5.533610423185075529e-16
1.972664554282129151e-04
2.265741515180040057e-03
2.985141473234904120e-14
1.704107403107430196e-01
3.732085314689278510e-01
1.588316495337885859e-09
2.201588178824980702e+01
2.056336356849392178e+04
2.111512281429462647e-04
4.368138469904391030e+00
2.813593490121565048e-07
2.047638570973095492e-09
8.493367160074742515e+02
1.667836082328174443e-13
1.159724903418384053e-11
5.082367944340645573e-05
5.085440739012185883e-05
2.052723138306499530e-18
7.020240458600511152e-14
2.994070321141705198e-17
8.605435055506473042e-19
1.264500861527362519e+00
1.053064572880666742e-07
2.275112582506140385e-11
1.652231698080116162e+00
1.008211811766739025e-18
8.268340895600045610e-18
3.616536058302905723e-17
6.521301495257871570e-04
5.275451045807171002e-02
1.870972806497296009e-19
6.648699944086089074e-08
7.716259911048010089e-15
5.850331476715785319e-05
1.296172104467067295e-13
8.413564818538255737e-08
1.295105405091849198e-06
5.678959123818072778e-08
4.250944362678415068e-04
1.903557382102843143e-01
3.412302794218867867e-18
6.591310979092040654e-16
2.562198095946192916e+04
1.116490556041776440e-15
1.591111729013434894e+00
8.156331882069787298e+01
2.051680583049007661e-18
1.446233008341370123e+03
5.904888386049529370e-01
5.699759035401379126e-02
8.113859622985562224e-07
6.484972882019212189e-10
9.708861802360005955e-01
1.497277718278391148e+03
1.069229209039855862e-15
1.368304144775851323e-17
6.380680027466741677e+01
2.293730085174560014e-03
6.021469943490839923e-04
1.617868409291325710e-15
2.561139044352069135e-07
2.556803244387839129e+02
9.222199849450294863e-10
2.015849346779805529e-06
4.426812230346800890e-17
6.171488447955801506e-04
3.240802342787339552e-07
9.222899386154329547e-04
9.302046372814597304e-17
3.814203905570217289e-03
5.288305342952093615e-08
2.747328464197783576e-15
9.440534174569257232e-09
2.061607727566971970e-03
3.783928972107908459e-11
9.428362938751457844e-19
1.256447131253398720e-04
3.185981660037245999e-14
7.913024319657166323e-12
3.025564895150962993e-05
3.320993055287980143e-06
1.101938196050709185e-11
1.134342746520233640e-08
1.547188861863806153e+01
3.697749157518197120e-04
1.121528911779667419e-04
2.813741196337466149e-20
8.419533660980458071e-05
5.826881247260525700e-10
5.700166898271109562e-11
3.597813490826792565e-04
2.018584426675846452e-08
2.435868205278941545e+00
1.349602514186281856e-13
7.480758107384682384e-15
4.869332930570379758e-20
2.395406732814170841e-14
3.622267278338872463e-09
9.778344138707011357e-01
1.436690610346380762e-08
6.612499316237637327e-19
1.673736557481950082e-08
6.258281398253033748e-15
4.113217452512574183e-08
4.985196003007282612e-10
1.417256367130527471e-15
2.097020592293044784e-19
4.760925849855861647e-10
1.991287702179453722e+00
1.035521475167689898e-05
4.759899496834069661e-13
4.363597379212230235e-19
8.169838965612724678e+03
4.187264500481123954e-11
4.334854890204918598e-02
8.152845269772001811e-06
1.081534527876304566e-16
2.646499395304599891e-02
7.361453750328460124e-05
6.112357641435511857e-02
4.584376613251571086e+01
6.298335340924902489e-16
1.020477767622888700e-12
5.741790896466871394e-11
7.063784455220737755e+02
7.515089685863309321e-15
7.090224655354473674e-10
1.043303706968935998e-12
5.138687541843927871e-04
8.210099527331580020e+02
1.407965535376290499e-06
7.342307184686721740e-15
4.429646850172184713e+01
2.563436662002965605e+01
2.624135348802430386e-16
4.538566797493697597e-02
2.759531816435398683e-17
2.019835303061991549e+00
3.387398537690761712e-13
9.225412191961527997e-19
1.284310682868783186e-02
1.181972776399279963e-17
1.143242387105416341e-05
4.499221404254231719e-15
1.453552630834200000e-11
2.045440370220055900e-16
3.041031213018321978e+03
2.198565419176158041e-20
1.090403945629221079e-17
1.246735855635468226e+02
3.705117638308307164e+02
6.623698469457138804e-01
2.116415489180112530e+01
1.084494803113796310e-13
9.938365916758347940e-11
5.281872553329723319e-17
1.206757167717249085e-03
5.742117274627546522e+02
5.457061121369014382e-12
1.192682019295294448e-20
4.455789018856933031e-17
9.757142837578294380e-06
2.376374640297396647e-13
2.589049044821373400e+02
2.093377856454604613e-01
1.145644979484796748e-17
3.150242470436064596e-16
2.286462190085128897e-09
1.945548818908904960e-13
4.422388525317783523e-13
8.460215641175222387e-03
1.905919693651778601e+00
1.176626170417190327e-07
3.582605997196380510e-18
4.693970076181240510e-20
2.503434737275669826e-09
1.475909158743457246e-16
7.063216426429147021e-05
1.631130227597536475e+01
1.566960624042219615e-18
6.665292867159211207e-05
4.747265880606591713e-16
9.125953425896991085e-05
7.884627494274280834e-02
2.841361098523063955e+00
1.378757479948059685e-06
1.268367713337321447e+02
7.505423664134811381e-04
4.932735274964841113e-10
1.097791518039720273e-08
1.441913728385514730e+02
5.796776090362772550e-18
4.656964120605780457e-17
8.731861731377606578e-08
6.097761723096881896e-05
3.636355884155411153e-06
1.204757041621668874e-15
2.225412255682728579e-14
2.214917787222521386e-04
6.642813027714114765e-05
2.431847475312457045e-19
2.073373836495935232e-07
2.902570478905514245e-04
6.093651185719095559e-13
1.013296554326986827e-18
2.365743833717088558e-13
7.411283596140129344e-20
2.300874319442829863e-08
7.744128572043681817e-05
3.374925382956454987e-05
2.204762955663265078e-12
1.342320787059966825e-02
4.602329311884716689e-06
2.686774906808062734e-06
1.611251635903495244e-06
1.683832699383601342e-14
4.296151246425373993e-02
5.938909225977625577e-19
3.809456288690844848e-05
2.663534668342064324e-08
1.252637553922781811e-09
1.053869777957788317e-09
1.213390758422071770e-05
9.910970573714195098e+01
7.753687896672250223e-18
1.301474737949303295e-01
3.213050536945499236e-16
7.261152228176343752e-06
2.537040061770527167e-11
2.089005918695366600e-05
2.358802511207514829e+00
2.528910672256612662e-06
5.115246013441250919e-12
3.594375194311103273e-16
2.663616395968391917e-03
4.608275222611987227e-12
4.489372198912975843e-07
1.871705060245051258e-15
1.270718269256411571e-08
3.345367795292038905e-10
6.488247115189049358e-12
1.952177161419471812e-08
1.062099626101064661e-13
4.383573039998933262e-14
8.355492388856104924e+01
8.292808973253492018e-18
4.773903698410400173e-04
5.536934207544414734e-05
1.901954898253479091e-17
1.470465529851407227e-15
7.365510269761923031e-21
9.074395878369131099e-15
1.677776716312367710e-10
7.558536797802245847e-05
1.526298164923332338e-09
1.755419409401975273e+01
3.173093140170153304e-07
3.772252655235595220e-10
5.145607329791324069e-01
1.183325190019495989e-07
1.206645478621211354e-02
2.511028902097090576e-16
7.973375676775570831e-17
1.250278106454386915e-06
2.965352833818347689e-01
3.080976764363069956e-18
6.300769719624709345e-19
4.134481916086105713e+01
1.687984931592340285e-20
2.147381681230022376e-05
7.469279049680471033e-15
2.713915290147216291e-08
2.260726582850564126e-14
6.500779066974022857e-01
6.227070295956195716e-14
6.670345285105962196e-02
8.321722865333429642e-01
1.239498688600579183e-04
1.424914184515275443e-10
4.580405987658710569e-11
3.792485214066272823e-11
1.858015302464448482e+01
3.579985959884466066e-05
2.154956067617896350e-11
4.912605233352432877e-16
1.123338231645998306e-12
8.238164712399168788e-07
6.843188929225590300e+02
6.556969828891578405e-14
9.531795254808819667e-17
1.450788724391733556e-13
1.243705854587828981e+02
1.886343432976204731e-19
2.028733210754444460e+00
1.949029075314583537e+01
7.339165050949322370e-06
1.289403499083019478e-07
1.589723652490742774e-15
8.687322748211959801e-13
3.216355510136892723e-05
3.531486908333026177e-07
1.302760409459697952e-09
1.799058392504533815e-20
3.899938884923828285e-07
8.350678819151826924e-07
1.182277983697986373e-03
2.802322321527015925e-15
3.240735166013721027e+03
2.748025584980611895e-11
1.970629182494834541e+00
4.344910407934676887e-17
4.045691743011055053e+01
1.062640245910769507e-03
7.369407103647912863e-03
1.298438183155488238e-03
3.239605116546835790e-06
4.125008044343157884e-05
1.074339119380458979e-01
3.100302340873923073e-06
4.089972149853186757e-15
4.684888121270529404e-09
7.002738704733534275e-05
5.791162718425716162e-16
1.627955555407248326e-17
3.677215431425208904e-14
5.047498165128738032e-20
1.226722007604266057e-02
2.273281440947117082e-13
3.630581893443198476e-09
2.295112113988252720e-07
9.015334814785282498e-10
2.259608382764536493e-09
2.335295413053346120e-03
2.246483922892297468e-10
1.334774776002732608e+02
5.670932126419514236e-04
2.211246956724822610e+02
1.876860154103712536e-04
1.074652501157010956e-17
1.316937037497194404e-19
4.264152265470053216e+00
9.911528965163030374e-17
1.061425837059043040e-18
9.781472713413455367e+00
4.576815724881099640e-02
3.076450989290281563e-07
2.767053173553600809e-01
3.650332248480185002e-17
5.526070565215414656e-12
1.046239259073549281e-15
1.073607610551278635e-10
2.119189387068956698e-11
1.476261944494367917e+01
7.044590961659731931e+01
1.685844791814096922e-14
1.593443158186211221e-06
1.264804620649199480e-12
3.131938296967749156e-06
8.272387854114925573e-17
2.489289907685562575e+00
6.100277836697409360e-04
1.018417388650992291e-06
1.231578365721128879e-10
2.577514926910172086e-12
1.676609855134519045e-16
2.844546684979479838e-12
4.289318492843640328e-03
4.274610122333209294e-04
2.185528757458519390e-15
1.534928873119964359e-06
1.977133918004383536e-08
8.815134144290178109e-06
6.008240376892406547e-13
1.697701487560315176e-08
1.365308039462577450e-02
5.950744193399354039e-04
2.158942284186457297e-05
2.476026362127748115e+01
9.385675609579353929e-02
1.069694854979694593e-19
9.270289983160099353e-09
2.118763553024223256e-01
4.094355397327156254e+00
7.567929421331581748e-10
6.202657331046009528e-12
9.149848367248633506e-21
1.212921247364345145e+00
4.015179115581158677e-12
2.913082539185060096e-04
1.592163185375500748e-14
3.166770564659833009e-06
1.396718661970726552e-12
2.238586221076501747e-05
3.842044149746112414e+00
2.000770007427818846e-08
8.482989537802877499e-09
3.719393521635290039e-09
1.558542189086896929e-06
1.086175831278987225e+01
1.127361078326232911e-07
2.453167871257208260e-08
3.576274069475923056e+01
2.876710536476319639e-12
1.239863346808098486e-14
4.260312026783447376e-14
1.485633864024404750e-06
2.899952621717531548e-09
1.797591103561025172e-19
1.380337029986481134e+01
2.319552816858864996e-01
1.665174554269508497e-06
