2.154783973648627976e-15
1.412011937216709612e+02
7.123189736360898594e-17
3.192115261856218731e-17
4.630885901355090795e+01
1.451322848593340244e-03
2.732773335677353347e-13
4.062454870967172346e-19
6.859958002148608750e-13
5.669394058350477322e-16
1.228108683292336082e+03
2.341058132769824243e-03
1.792142281556330785e-07
4.192032338168585426e+01
2.585341551656931757e-06
3.235752772417759649e-10
1.573649274756322108e-05
2.032671852921731019e-04
2.925473751699110959e-10
7.361241688616038546e-07
1.232525793754874928e-13
7.192101823744110487e-16
1.125731218299812297e-15
6.649926810365326072e-04
1.285952024438122368e-12
1.742722680599495912e-05
6.240706843301084916e+01
1.026925365106704297e-11
3.015261032928928761e-20
1.094088593912568115e+02
7.074461846453541577e-05
1.806345569817413566e-02
2.706297144264795084e-16
7.140087090424904095e-05
7.961704354091322152e-15
1.291445288442796532e-11
1.776312046163682391e-11
2.199168324014460149e-16
2.156912746965813454e+01
4.127173219504079787e-10
2.431669834327296385e-07
2.983801497858637882e-09
1.615137746659517295e-07
1.457478307859999545e-01
4.201951229734751115e-17
4.237604705331395191e-06
3.553083522501695370e+03
2.360609893258116621e-04
2.223832125476299631e-08
1.664056736040810608e-08
7.754293217519059127e-05
1.249113670372636752e-19
1.083728726219076038e-01
3.250455081940866364e+01
2.551496399807453078e-11
3.017649349174097502e-10
1.104135950804251975e-01
3.555692549282651535e-03
1.078567033398426930e-03
3.730135636279586161e-10
2.539517269806943048e-07
3.661084100294871146e-04
1.447301049783526423e+03
1.381178760491438843e-19
1.051452231978447311e-17
2.422613719498094724e+04
2.475847670137143020e+00
1.294981926109041412e-17
1.833645068021247729e-02
4.141345979750940111e-06
6.064167860921193249e-05
1.919277055533291643e-02
8.759610358488750543e-04
9.093026939828220779e-06
7.875615671618524383e-01
4.748924585501261260e-04
1.261644290820562588e+02
5.976349274871548857e-03
3.577038257192993321e-14
4.904354721894190420e-07
1.058956000863018471e-02
1.224295531579161088e-05
3.159553290605316081e-16
1.730447390011633153e-04
1.836872556073899465e-17
1.268039891557112726e-09
5.287174858315895044e-12
6.719094373798403019e+00
7.177996174134767991e-11
1.540845149694130711e+01
4.064342658043162925e-12
3.521336645772547613e-16
7.878867211071075233e-04
2.428378360526589574e+01
1.271953647702416102e-18
3.455491892070436676e-18
1.269241113428215145e-16
3.145586696209994871e-08
9.695704322878335688e+02
7.061259713549947651e-19
1.313223493634217309e+00
3.457331929592135690e-19
3.076639567248453666e-01
2.221610075396079685e-10
5.713485498212435686e-14
2.214308387366038222e-11
2.640731753956349692e+01
3.519059822384810142e-11
1.729321692255966064e-04
1.559022157792766886e-05
3.360042035766364368e-08
1.948738322682674494e-18
2.157290657466714610e-05
1.269794785455740982e+00
1.647308746257570493e-05
8.663735519348600338e-15
4.142984896566681377e-06
6.266901919740560013e-06
6.299317669827644850e-02
1.078906795914602368e+00
4.311497148450586678e+02
1.497744785591314045e-16
1.453981061593491997e-01
1.065751409415888862e+00
2.389653735276078784e-04
1.356998703159202315e-12
1.021968143047602693e-13
1.778661805301579488e-05
4.278300981183005658e-12
2.834437969879884007e-10
5.608561161974840559e+00
1.233293351262563095e-06
2.289982373051340785e-06
2.955165354341410429e-05
2.842784094627941334e-07
2.075489003384776047e-15
9.141256978722872030e-11
3.723732676057812801e-12
1.805812255484000772e+01
5.021224101295615306e-07
1.369742008968224237e-17
1.471812048726700177e-06
1.571642600112366191e-06
2.404199506376799814e-16
2.010372126951250953e-18
5.413622282303658539e-19
8.975834884624460372e-10
2.168638491208144602e-04
2.308176552787390090e+00
8.967870107662481284e-18
2.140422759300174629e-02
6.267171013225466495e-04
4.212134058596277986e-01
3.512073173822574869e-07
7.371839992861157749e-05
1.740455633973718519e-16
2.261993624482054599e-02
3.107737681579323813e-09
3.048926371158962857e-11
7.711445986378213267e-07
2.510275455709965256e-02
2.200972481410328039e-09
4.178679343229557411e-16
8.751428200316277608e-13
9.966324055709133711e-01
3.746441725819352815e-13
1.473867037781779552e-05
1.342518099970216963e-17
2.091453578961366806e-11
6.122245312963743302e+00
4.445474404309090525e-12
8.334520548425254638e-02
4.560609064942781405e-06
6.828007389289768980e+01
5.604699401717133499e-16
3.673834268943448683e-05
9.728005491771485872e-15
9.896671306603738424e-10
9.949749348253132796e-12
2.711882661847837905e-19
3.883162818409299823e-06
1.986839096641481897e-19
5.894947687676588033e-12
1.033339156641629060e-13
3.473322818808639113e+03
3.655329416101470591e-16
5.215581257486386827e-07
9.496248633803345413e-03
7.148906052395155001e-12
1.161755692131508186e-16
2.591747653872747328e-03
4.819873444810175902e-14
1.064684587182667064e-18
3.283875843542015063e-07
2.238260010813716735e-16
9.349963587911211028e-15
1.811942856316413439e-12
1.905136057482816485e-08
2.345796802719294846e-02
2.448897139780578769e+01
3.041712819428332976e-16
6.700374053069305508e-09
1.781548173223816404e-08
8.946778788348283551e-02
2.812501886962485942e-12
9.548782256789414835e-02
3.312123257890729204e-08
2.371937888925522084e-02
1.919992339352198041e+00
1.071739953244012334e-15
2.082782244843468789e+01
3.380598468797769760e-13
5.290288642059554730e-13
2.923929382116176450e-15
1.558124183388579353e-14
9.924880481185370906e-06
8.014730057008224496e-18
5.887974962990130402e-14
3.729125357500263343e-16
1.898164675740638074e+00
9.593807136750409187e-11
1.281032641628164583e+02
3.002280127273029313e-11
1.239271437664653511e-14
4.893172124126193151e-02
6.897394591902702814e+02
3.635811888390577040e-09
1.436278663949184776e-09
2.070978239941693522e-09
1.124162806839961852e-15
5.627003333405457621e-15
5.087643849775898168e-10
4.553188409469769597e-09
4.299261709892767986e-13
4.941666606737249445e+00
3.391497274639801900e-12
6.143577716831136225e-16
1.140545166806263458e-08
6.580270831754728045e-07
4.506963616286437399e-16
5.821199202801014688e-03
1.185272588033314589e+00
2.125308098287970097e+03
2.588981897458172918e-07
9.052876114270907531e-11
1.512699899527384418e-20
5.898558063453871227e+02
1.122985073251593042e-09
2.210342093601729788e-03
1.003188236554830121e-09
6.269979500476036947e+02
1.854094221976053782e-03
1.866408224887992612e-13
3.341423173725699701e-07
4.534405844727797041e-12
5.185356233950888814e-06
4.684445273097860608e-16
1.386104094792146192e-17
3.627423191856841674e-04
3.998626000635414055e-04
1.043249334754289288e-13
2.572088948601154470e-07
2.845888704726887203e-16
6.838480426255783893e-16
3.052060961318765475e-01
8.513348570109086211e+01
2.145397969944617889e-10
2.536318436178549603e-05
4.404316117379811731e-14
1.829990769752975268e+02
2.836157265952453716e-15
5.523395507102734862e-13
2.232725815333247256e-13
7.641098996503155848e-03
6.478767175672724778e-10
3.773176747933203179e-02
2.543310550641949568e-14
3.791144193053238880e-10
8.097489201536641923e-09
4.441778487350300522e-18
2.151701010667539382e+00
6.780540009459039420e-12
8.446219903515166824e-08
1.956318387802331386e-10
4.170005088844487830e-09
6.323192224348797611e-11
3.288625923409269763e-02
1.338853345688850443e-16
3.884658257714154108e-17
1.571157156851238490e+01
1.368270485783292322e-19
2.859660437374407315e-05
2.270168771789829630e-07
1.546070767406855850e+01
2.997319576303543520e-07
1.642588730777005750e-05
3.731724807306207784e-13
3.967311106233556957e-09
7.480807267951745603e-16
1.469371058900226192e-15
3.001930151917218462e-12
3.063984330679502821e-01
7.333886676253783082e-07
1.100288303837168797e+02
7.237372406204079975e-05
6.549681743976781757e-11
1.356911388265318909e-03
3.210077159655707525e-19
9.716468118816875743e-08
3.856006337513860186e-19
3.240815822515695439e-12
8.151179991550537783e-09
1.104833016503073457e-08
2.936395598655062120e-15
3.537520078453095743e-03
3.348288230417500487e-06
1.448616346983280095e-02
4.019155860230278152e-18
2.172666531839440508e-18
2.582269310350335718e-18
1.158685301013569746e-10
2.056530251567587379e-16
8.317317156908247966e-05
3.088991766481177592e+01
4.522623025461577862e-16
1.013722702656360069e-07
1.045427179542435263e-07
2.193684514728596441e-04
1.456250930219999870e-09
6.520288296719266290e-13
2.127350963329132210e-12
7.137219081485525118e-18
2.441775146303676888e-06
1.866165982526022191e-05
2.384019540363630049e-18
2.292666291205856428e-12
1.704288508519207914e-11
3.569189307205125061e+01
5.996134183648119114e-16
2.961512376621753444e-04
2.398491947781581073e-04
5.183905394649009602e-17
3.385576982759503074e-06
1.980938165243672610e-16
1.058769525066896477e+02
7.587239685213739904e+01
1.631475618987861376e-18
1.453619513006312456e-07
2.967395791744225634e-07
3.373870919390681315e-06
1.537565382352131849e+02
2.622598428727907199e-03
1.163985262734379600e-13
1.440594622830176979e-17
1.358659634231799894e-15
5.267844471255269494e-11
1.282608325633146828e-11
1.438988377118829856e-05
1.215847964819403359e-16
3.814607974898679080e-07
1.081598092013060125e-13
4.942169494422164744e-02
2.683978667724034775e-08
2.309922803890953257e-09
9.444135152212756860e-17
2.542728574837156350e-03
5.614097806168532705e-19
1.347757328925785496e-17
1.923734891649646149e-07
3.709180302155247913e-06
1.213715902639762607e-03
6.631528511395267590e-08
2.263489444915417828e-02
2.424774211947896637e-10
3.306262457750939915e-12
1.653092549663924939e-04
1.750759872900762246e-09
2.235460138293009713e+00
3.597076633803181928e-07
8.274221933606147258e-03
3.563739007571031482e-08
1.013120872148849241e-14
8.509848012032556426e+02
3.663252242215643911e-06
6.872008677178444575e-14
4.598624258746853224e-16
7.325009566855066457e-18
4.722780035658249788e-15
4.530674457867150838e-14
1.295147086880403704e-02
5.157594508282312013e-16
3.625396192793564065e+00
2.585379387580948353e-11
1.322582976317557973e-02
5.661390133003289170e-16
1.245779874005128715e-17
1.371530362680818682e-01
4.444528162952268030e+05
1.831252449929638565e-02
8.821562127898146199e-06
7.285610058498336983e+00
1.957702002794929285e+03
1.176866903043912323e-06
1.616631261560850513e-16
3.220383094623714208e-08
2.336895915785462095e-08
1.545411356950646393e+02
2.457595669000360726e-08
2.028284538799989195e-16
7.096506222429761207e-10
1.907591886734390326e-10
1.659158861222841508e-18
3.184237142074479721e+02
2.391870893177928165e-11
2.303732861797600559e-15
1.659704603251643128e-15
8.694564131787395622e-01
1.484731015217768089e-02
1.581780500429568240e-07
1.903713518803297454e-06
5.174277809653926852e+02
5.299719784259402496e-19
9.114414588702749245e-03
6.766648567963070491e+02
1.137074286810024159e-06
1.616625027643726073e-03
1.374046331772376772e-15
1.134815463157019407e-14
3.245556732711827111e-03
5.083180992165757246e-09
3.995418059822283341e-04
3.259504896778385562e-12
1.913300479525953201e-09
3.885581909882085938e+02
4.499413559105451890e-03
3.771051830534163152e+00
1.354996556682920012e-12
1.089672727651439740e-16
1.403159829464389564e-16
2.085413336645764435e-06
7.674353047323128885e-11
3.622504726533504758e-17
2.145241551326340712e+01
4.197756618666720561e-15
1.146966055986082011e+02
4.358807707459593303e-15
8.671921462028800467e-11
3.300536188834277344e-16
2.224064978095914864e-06
1.716372270215322681e-09
3.757316848728597173e-11
1.265265252011481461e-06
3.642135166224083948e-13
1.287327358451155036e-10
2.327942932298530232e-16
1.017060587997528530e-18
3.097234416981818844e-05
2.161409623936884608e-13
3.753997524008912411e-09
4.114405976598101127e-19
2.933222667701285740e-11
5.367856262964366332e-09
4.345247987311145637e-11
6.034968630145917749e-14
3.651562851674181119e-12
2.309942419343387598e+01
4.637595236350759018e-10
4.724479014380032933e-03
2.210154935731645579e-03
1.273965846012857460e-19
8.549517444262767185e+01
6.119669978396348421e-05
6.493717199532564166e+01
1.352248386760600329e+00
2.297112576855691035e-01
6.070687343355084158e+04
4.045503782606465367e-10
3.402041104196702999e-13
2.177277580362784699e-15
6.950590399556143783e-09
1.934239456576554786e-02
9.991951128210539320e-19
7.683344955144694177e-02
8.772911114352951187e-17
6.231146590692548517e-14
2.571340549814523604e-16
2.660142703214848150e-11
1.085086499045360139e-06
1.165039510276934378e-04
1.489805942174735476e-16
1.000721211163494331e+03
6.274034207590762691e+00
3.774808336028406125e-02
2.850985784395459085e-16
3.990771438254137586e-13
2.749494958989685813e-06
2.141091241738031850e-03
1.492055108542978616e-16
2.117793627515116364e-02
4.106087454959067351e+00
1.148662902674659847e+02
1.255806495446399329e-01
3.788761839656027883e-10
1.914538831981669798e-13
6.947682512820607315e+01
2.309666488209497501e-05
5.341278100180173703e-03
2.210457658669317009e-12
2.924228400387878790e-01
3.500614636661458973e-08
2.305972096899643731e+01
2.235823943599756403e-17
1.347295227660586994e-19
2.406367456614621162e-09
2.171419397813119958e-12
1.396693790081361664e-16
4.064491761782332446e+02
1.697766786306269493e-05
1.067130193956032415e-10
3.923966317834135711e-09
2.034740614841085105e+01
6.915113416521902861e-10
6.764154289274008047e-16
2.978583963626808296e-18
3.298117224569917262e-06
7.702944540918305954e-18
7.640045670678736257e-20
5.848232435708670111e-13
1.253610413533902517e-14
1.877276599124022082e-17
1.371235191030191404e-09
1.083997280800718013e-12
4.581580129425829972e-11
2.357154276985696944e-20
1.170546122027080508e-04
9.443296983148349866e-02
4.612144588296528335e-19
4.345840203332723001e-02
1.905261220461174432e+01
1.585438510781090727e-08
9.748342666428209202e-12
3.241357138049500299e-18
4.838403165306655805e-09
1.196141990414878382e-13
5.301468487978537559e-05
1.299194007592268774e+00
5.370592710420102858e-14
9.082160078017370433e-09
1.214175326874560383e-08
3.787326882251453084e-13
3.515425422878095942e-09
8.787364673427698847e+01
1.053859215183781589e-15
1.586737069251773213e-01
3.517538233911234574e-15
3.946016679530307393e-10
5.458171083154378493e+02
2.649375191930865087e-14
2.656316886410787907e-04
4.970192938671849980e-11
1.298076633430181939e-10
5.874796355397689016e-12
2.960444814132830831e-17
1.805311502894368703e+00
9.934606601559877012e-05
1.696359320143078645e-03
2.457107157187775299e-11
6.779548315676508768e-15
4.386773332511692287e-04
2.058279358675004289e+02
6.530186043170150504e-05
8.531538437880721051e-10
1.770857704783579178e+00
4.110721435491695026e-07
3.714492068755765744e-15
4.856293364192859740e-17
2.796061665784930545e-17
2.806948830814872022e-07
8.923281224031287957e-11
1.236680093485810240e-10
7.344573712844662036e-14
1.185844866755234217e-09
1.121855248293148151e+02
1.085810579368786276e-06
1.215126566749667133e-13
3.745514175895699529e-12
2.290362707724837065e-06
5.048251420996739333e-03
4.771652862335605961e-10
7.216617272117058564e-14
2.061690696286555635e+01
2.507550706235659680e-03
7.364311721121029047e-14
3.094309411440830188e-18
5.446788735913666011e-14
3.591897448664231765e-14
1.468518139481244411e+01
3.739495665608056781e-06
8.815913007559018432e-13
2.061141618982336582e-03
2.912117855339676525e-07
9.237450631669906834e-03
1.130420010077793600e-09
3.219403215237372218e-03
2.930726829599073380e+00
2.475554282916865100e-20
3.802417412331913092e-13
2.199121584975478493e-15
6.362097300803813638e-16
4.237647031279633327e-13
2.404168997868851532e-09
3.933896514211458704e-16
8.170104850295817198e-08
1.967700868617805669e-05
3.059733609464014098e-12
1.618361765396880244e-18
9.103247902135263991e-16
9.961412817022685791e-10
1.021556917852906521e-19
9.092120431550343710e+03
3.252352285142942037e+03
1.774464596082453246e-15
3.979155783533566538e-20
5.277651783071727882e-15
9.738184431877470965e-14
5.150182659353118655e-04
2.711050265191563994e+03
1.132305131752322804e-07
2.323993752686016535e-06
1.714255274420529940e+00
1.476154466167835640e-11
2.276544553577629632e-16
1.254956317151323273e-09
2.018027347953903483e-01
1.018542544526107560e-13
5.646479424410684571e-17
9.374288489540684251e-06
1.802398220233212070e-02
1.434860212849381283e-04
8.694076028737162804e-13
9.337835782099637967e-15
2.106317623216007464e-09
1.959380547965169939e+01
1.232953017469659465e-04
1.495753532604859617e-10
7.783262496389987511e-06
4.402390707888313715e-02
6.068802989708095216e-16
2.347421817792751941e+00
2.143825860126294266e-19
7.868567195334047137e-11
2.348863774212539113e+01
1.890482911026742461e-13
5.315870899580481534e-01
3.469933332685239993e-12
1.582618267783132616e-16
1.427543914537917659e-02
2.222387930961227198e+01
1.647699783352993014e-03
1.075139382631688940e-19
7.757320480172509671e-09
6.913882418484294412e+00
3.193245594080411465e+01
1.474883753331373806e-12
3.281515816578171942e-14
7.087182504070762113e-12
7.046861786501879778e-10
7.468322177508224341e-12
1.903014110462414532e+00
9.108674942556975386e-17
1.472643769797333022e-06
1.108750890224864671e-02
2.398311355083019952e-19
2.107376739915513277e-16
2.658098262387623757e-12
5.256396636900693768e-11
1.081405991740428915e-14
1.665614451421517671e-08
9.238965349109408750e-16
1.732183435572501109e-19
3.518761493100381731e-04
1.990203245530029102e-09
3.564065973596390244e-05
3.323155436133111342e-03
2.418247429149105281e-19
3.789029609981608537e+00
2.972354607313202976e-19
7.688243973491318648e-16
2.556025029149880336e-13
4.187608846458354142e-08
2.702813803212525620e-06
3.230613816152156625e-07
1.231982573690271700e-08
1.109338144525895452e-03
8.777155883911200356e-12
4.658169660239523001e-16
2.901925323140084076e-07
3.800768023664076734e-01
9.359024347570290011e-14
2.232141874644824331e-01
1.705341198062540542e+01
5.692805155003868513e-06
1.220589973555832250e-05
1.871399201952763388e-15
1.650901876431164813e-03
9.453524673916280472e-12
2.391430297905580815e+00
4.922443293113701807e-16
1.392856889671169631e-13
5.543586734498917539e-15
1.641867932125724127e-15
2.888545110705878557e-08
1.055390076833468459e-16
2.611307125910914237e+02
6.114934908856502034e+02
1.899770700959589380e-12
3.225077782843403816e-16
1.938001493183950627e-18
3.138160165772672201e-05
1.696808740781284153e-08
4.028403745524224014e-04
9.045105446093258901e-12
2.827361211112948444e-13
5.577174067353241754e-03
6.152874199816473558e-11
4.479274709465004209e-03
3.670865374638721666e-10
8.630973648169672344e-08
8.811263997767955397e-20
1.290810760742047261e-18
2.629909595840131727e-03
1.478234456415506467e-16
5.191614670025780267e-09
5.482269861517046481e-11
1.005558297225139519e-17
8.612832239897394437e-03
9.677909416243093137e-18
1.133631395425124634e-12
1.692744390395557463e-01
1.054437152027485301e-03
2.386857486402389839e+01
3.429119825755182686e-16
8.097789804860942187e-16
3.182771515026445314e-02
3.765277219481865512e-12
2.264561566285798924e-05
9.987849455486350059e-02
1.093049864049049342e-06
1.590872504222142525e-05
1.353398948274772629e-13
1.534568023739685537e-17
3.669484925257484979e-03
3.949863299249535470e-17
1.593770682433778467e-16
1.593550234312599532e-14
3.796366058018101736e-04
8.388361416218389809e-11
7.616033618685291717e-01
4.166045289409510139e-05
1.095269002632112200e-07
4.285863753085314674e-07
3.405855624738100238e-14
2.079622152303138642e-14
2.926102128458047072e-09
3.496148678405694443e-05
2.963990846433792200e-13
4.648537850676380770e-16
6.858813073901770597e-18
3.396462516602179992e-18
7.105495326650805714e-14
4.634859913257465295e-11
1.057474125834452060e-06
8.369787143075954635e-09
1.092294570839147222e-12
1.806731683732481996e-18
5.744571112034847689e-09
4.974178749096863569e-14
9.974192347958255596e+02
1.953429195511247416e-07
2.419274160385693184e-11
4.639484432513303780e+00
1.165382237486008228e-16
8.727093206798293194e-11
2.297335302610409200e-16
1.389724936201008632e+01
1.939118876117226547e-04
5.455695273393561319e-18
1.591025361089432408e+02
5.430291722800614784e-02
4.391988368556443429e-11
2.332426654144740402e-02
8.980979051158074355e+01
6.062024356300017109e-04
1.101201396507634822e+00
1.649769868208657026e-03
1.346876848380757219e-01
4.695788445502586979e-18
1.637346685103497619e-08
1.688572588238365218e-05
3.547855632661162106e-01
1.235052029632735943e-01
5.554424276909734848e-08
1.472208958162002679e-07
2.818880569181644447e+01
1.214665265897652564e-19
1.358890546290256727e-08
4.136063297767322896e-10
5.575896111198390793e-13
1.746082753427897073e-18
8.519280401419747786e-14
2.123066667467580235e-14
8.711531686119576597e-08
1.759273352717072250e-17
7.676893490206934934e-15
2.068744845198655041e-08
2.242938320935856461e-06
4.099147014035269808e-17
2.477967461685859234e-15
1.634906233697862009e-11
8.367429149017037871e-04
1.521650993465583698e-15
4.148442925042707813e-02
8.359054707822478480e-08
6.949068832899575783e-05
1.875450921258113727e-09
1.780100755131208061e-11
9.802176411568587489e-04
9.453473872408898471e-01
3.841377816497948517e-09
3.636158961630176805e+02
3.725584669250650146e-10
2.171404921440449495e-07
1.388332133593818574e+00
1.843455141820459323e-10
6.104581417119234752e-04
4.274654679636983187e-10
4.618984392687830223e+03
5.891601375986471228e-17
3.656684932833414928e-19
1.265776862315267359e-19
1.062822054855117786e-03
1.917084706632961669e-05
1.361341089887435659e-12
1.493325352554758581e-15
4.217767524653956651e-04
7.012591857861033775e-12
1.196234730777502760e-03
1.432585670307733623e-08
8.520609346403633326e-14
3.242103042422225467e+00
1.296162354259649753e-11
1.477725164541384308e-18
1.922856606994216116e-05
2.017182145457870490e+01
2.224359396113167608e-14
2.080685939264650844e-04
4.257574857550270053e+01
7.040341775482283992e+03
8.634121285589009832e-14
3.927282077492405547e-17
9.110476523938386391e-19
6.237006246725786696e+01
2.212030611638489326e-14
4.854670195360613585e-16
2.555598397880529404e+01
2.872984388934673348e+02
6.664858890486643380e-06
2.731000078777979739e-09
4.088332070586862357e-14
3.602271906157811877e-17
4.761588549265906821e-03
1.809350490333887872e-18
1.450780510766745302e+00
1.130115087126955642e-17
1.478030605327850921e-18
1.736382913523586713e-07
3.919387611104949250e-07
3.350761509920664873e-12
1.360800723368483260e-13
1.286330430732288790e-05
3.167379982154006242e-03
8.968058580523906266e-18
2.536152572914166771e-13
8.359769541571175339e-13
1.541076486219076381e-06
1.609614133602362173e-13
2.209136358186509461e-20
1.469857660414388612e+01
1.597542067057111995e-08
1.134571306065531362e-15
2.003621713446281419e-10
1.155854488773028926e-13
2.898712791467292742e-19
6.741157028333407499e-16
8.038217174502041418e-18
1.425284936892135729e-13
2.319172051164666112e-10
1.821634338503250294e+00
1.002985288504153966e-17
1.982310359304957271e-07
2.418264638350662199e-04
2.587858242818813475e-10
2.771075401100779345e+01
1.354134032785603667e-13
2.206036301463634857e+02
8.349523983827170581e-06
6.200890012361735563e-06
3.633441559064501131e-04
9.873437442661373367e-04
2.153001207118759162e-16
2.846460170069279667e-18
1.040335503065660354e-02
1.244844983741558955e-13
1.352672160847425056e-11
2.234889370079136425e-14
1.475548234307097326e-15
6.614947947125521331e-06
2.906253673065781255e-19
1.170210684652937016e+04
9.731177651318659218e-16
7.914965578580050231e-12
3.341462263591999706e-07
2.890391130135763653e+00
8.452596520062753209e-17
2.777114924578264550e-04
1.841050153361047531e-10
2.245580415380201145e-01
3.252878499332837557e-10
1.829669014233871738e-01
4.839710906776535606e-16
1.245321395364865095e-08
1.817149284206390088e-16
4.623977102466623508e-18
1.903307988806320593e-03
2.452139699091544778e-01
2.582867526074507662e-05
2.499165205864868795e-03
4.135461444543040574e-15
1.266951668885047184e+03
1.214311640864843111e+00
7.808172295425305220e-01
1.760644609981251214e-19
3.722164790850030491e-12
1.229755670611502715e-06
1.263715666072515226e-12
1.950287528228964042e-13
3.455006662236306814e-01
4.942074808934503660e-04
3.975051817120297132e-10
1.314922020412415552e-16
1.114689926187966170e-09
3.726527909764487875e-10
1.615240275118150651e-05
4.494078833443399149e-13
4.025256098778510171e-03
9.829992987257007130e-18
3.452622790966927437e-10
1.136698716252444257e+02
1.490600323395046445e+00
1.925623944261887870e-03
3.677168512048793750e-08
4.955536649766214976e-09
1.071565208193533925e-09
7.622446874994503671e-03
1.705308524619549764e-18
4.643606444057432614e-02
5.713458574434223649e-16
4.062929436633646859e-16
7.637106897036913811e-01
7.939666279106706271e-09
1.525344092651630991e-02
2.384396623072094719e-12
8.166352864411268797e+01
3.135813727619937374e+00
6.273231819211352871e-08
2.667497343698262026e-08
1.851315461783040067e-05
9.317519791766605904e-16
1.191727532080119505e-14
1.632071077817712384e-14
4.787159705299746337e-10
1.684739460763969978e-13
1.901570695140255738e-04
8.180114299893220949e-18
3.094433105780695081e+08
6.372162410187265369e-01
6.501557128761171686e-03
2.910860583880064446e-03
8.864412055231870227e+02
9.695648085504044743e-10
6.237543201228737336e-07
8.673237918386611858e-04
2.622763837615466748e-02
1.250007628462993306e-02
1.330468774981843505e-14
2.108628646861604103e-02
7.600582843198474979e-19
4.861877832822260326e-02
2.335292690108731181e-14
2.996891814017542509e-08
4.151258236962965748e+04
2.307488497395362394e-06
2.559848754025416308e-03
4.099866055630939648e-15
1.234361244667202455e-13
1.709528448933510051e-10
9.745686880297997623e-03
7.487232755277153728e+01
4.178905215117147522e-04
3.112498441215521886e-09
1.049341016009599163e-18
4.746251677828184336e-16
1.207781639560001722e-04
9.805872905866641013e-04
7.289129891059625365e-21
6.019362210471362884e-04
1.839896725865553418e-04
7.795647425997464033e-04
2.339157517773920059e-04
8.042554708630635929e+00
4.885325141801464607e-18
4.582816045249544891e-17
4.106136606990581361e-01
1.584659784752821682e-08
7.221805276907169002e+01
1.982061532167841449e+02
6.007278118817519529e-10
6.745856871502787710e-19
3.979737715363415758e-03
4.787061900252280157e-08
2.943721642028416962e-09
2.255575944846972632e-07
2.822017223671025672e-05
8.599907523539965126e+00
4.988819360759716552e-14
9.204320519954527246e-16
1.421067752640673916e+03
2.811335927151152087e-17
6.716575317250115251e-01
8.476984159518796848e-19
6.398079638542028214e+00
1.250063264795567208e-18
5.460748840417243618e-17
2.007101017888739537e-10
1.519991860328129274e-02
2.134254837896914066e-20
8.081216935142812844e-20
2.491846605334411622e-12
7.060163257911724809e-12
9.732097278116286887e+00
5.430745885319916511e+01
9.542360381108373353e-12
8.200911937590497303e+01
2.174895085581657940e-13
2.332656996497372778e-02
2.717189367736093195e-10
5.253002390758352821e-17
6.345889362016449540e-15
3.252097949815155147e-03
5.668562467408072367e-13
1.817657428911093120e+03
3.458440971511276537e-10
2.039213684066055748e+03
1.029998763959784627e-13
2.350531262159656718e-04
2.197908156107741202e-16
3.138074939989665779e+01
3.868938925651883167e-18
5.524423298886644037e-06
3.936745372705203595e-15
1.526779418055799930e-12
1.337803433796536329e-04
nan
2.711208038461354590e+03
1.295084587562337420e-09
5.079628303567421080e-15
3.027362280237612779e+00
6.833282487651509761e-08
5.227267085181690192e-17
1.494281255247227434e-05
1.585345356758162070e-16
5.013362434311392305e-16
1.040593770971029739e-10
3.429416323428316021e-05
8.573571817078451056e-09
5.651173486240193729e-04
2.641652579016669127e-12
6.096075011517327447e+00
1.938959219601989192e-01
1.486920040485093328e-17
9.341305229273653950e-07
2.206038421154046661e-11
8.062995685882750436e-13
8.227362353560990319e-16
3.337658873989910179e-07
6.182275424281391047e-08
7.169233571095930400e-10
1.936249212463547753e-01
6.172217060694431545e+00
8.607791100348597568e-06
2.724925178096214429e-03
7.256409030375956526e+00
2.570336429537116848e-13
6.006913479562925389e-17
7.464204843532032661e-10
1.579359192879103535e+00
1.905032446257506303e-10
4.437716898433261541e-08
5.399073642089217508e-20
7.391597980873410891e-03
3.731903579220392526e-04
1.329491178100030581e-07
1.490901300654691397e+00
1.322773720193726271e-18
8.262034520069010401e-01
9.311496844872504023e-15
1.391789840783585423e-09
2.914032152388130457e-20
1.541292897396327225e-07
5.828143018214974904e-11
2.009399211267772587e-05
8.789644057282451172e-14
7.074211895253984923e-20
4.525817199698376787e-09
7.318008059837937545e-18
2.123565948556595598e-02
1.695959134999030002e-13
4.222554807842519542e-11
3.142166809199527754e-03
5.670862546898709500e-01
1.164182493494348998e-07
5.929886323083504967e-06
5.431031209501636833e-07
6.929284319592344757e-15
1.966175402671899655e-05
1.951041467148166081e-07
1.052875924978633197e-18
1.053953150920130564e-18
2.280562463570757268e-13
3.746657927007924322e-07
2.453886637802631515e-13
6.532675749082221539e-02
3.442235979760877570e-10
6.206425898652379990e+09
1.262220108923422353e-07
7.551107388950298341e-11
1.417545543779630211e-06
2.209407607791991036e-07
6.655348995896971044e-14
2.132023533699941424e+02
2.965154584592521271e-19
2.090714705590911160e-01
9.881814676690359070e-05
3.511677838294458794e-11
1.483519423616351399e-04
1.517645830728422407e-01
7.178100714628723836e+03
1.532890767450853580e-11
2.994810971937364384e-13
1.089648950493630952e-15
6.312753376653784017e+02
2.273364111844815483e+01
2.806019383917010401e+01
2.651484540360795988e-08
1.537610359192192888e+01
9.485745120620245096e-15
5.458017465264469319e-16
1.467483004159434912e-10
6.240910670576766961e+00
6.872532967569010225e+02
7.384363154231228066e+01
1.109626756062074421e-02
1.488541050500463371e+03
6.250113096611352078e-15
2.114563842033830809e+01
1.202847165616684251e-15
1.015814401326136277e-13
2.463807548144711390e+01
2.743076606679722033e-16
5.011675855441231566e-12
6.028930126778282883e+00
6.645459932057537329e-06
1.051286063678277512e-03
1.384599157036251870e-04
6.039750276424868211e-20
6.298712867414300016e-11
3.035467620769069763e-06
7.276019992209493970e-02
3.783673094989582393e-11
1.117869719555460877e-08
1.107299110067901429e-15
3.487934601527251416e-14
5.720975306182042459e+02
5.314622690207148996e-04
7.562219832964873192e-19
4.558894471996905629e-17
3.459653810735743207e+01
4.869388950189956944e+01
4.561745196585712675e-15
3.215236144824935253e-03
1.062016043836269930e+01
7.737773059910208742e-07
1.853795728689239714e-06
8.086235630987244002e-03
1.339489196207522259e-06
3.402921631694105941e-18
1.793663833430405066e+04
7.165400441398194008e-19
9.755470597478695574e-06
1.439084648469604181e-15
4.634483616498333641e-11
1.163389895163897351e-03
8.890827204287561043e-16
8.179232162702999343e-15
1.153065230191238242e-03
1.834922733831892071e-14
3.279345074272262983e-06
1.246977891659161455e-12
3.596747796491742404e-17
5.076859532549807149e-10
7.971223682227139552e-14
4.914321390600613900e-14
9.495826811882022989e-02
1.360578860638067730e-12
2.079756842077234756e-07
4.840866280222589149e-03
7.520396998934038291e-02
1.347531294999704918e-13
1.086593672916697384e-16
1.069084935520084128e-04
2.207694586930846001e-04
2.056824484794228427e-04
3.758507279168610067e-13
9.113893666553232790e-07
7.295358254295158766e-03
6.876627369326052119e-02
7.029288850771149132e-04
2.284917802361139736e-17
1.074065634164775354e-09
1.110064271618712434e-01
8.303484894818526307e-07
3.583611150920298360e-01
5.729807705198877699e+01
2.249004473457009157e-01
1.419245877058136959e-16
2.058351315651042980e-16
2.098262876520472220e-01
3.435332748839876905e-13
9.582392932250420506e-20
5.554585415706377059e-07
8.268928498404127581e+00
2.145580203900241352e-12
1.834551646722127671e+00
4.166780154067014412e-15
4.818015973866623420e-13
2.224064690112994106e-14
3.504828845728013762e-10
1.457382656711456171e-18
5.579977837257300038e-16
5.401812800498019189e-08
2.519144311052699294e-03
1.954395009426542276e-03
9.608737326102225059e-08
9.556895737320854877e-18
1.078432039244932625e-04
1.814421021724486882e-02
2.801698535359732800e-12
4.485838324360138988e-17
1.205731728127859852e-04
1.703254632361870317e-18
9.994660252954751942e-14
2.767807586866357284e-16
1.454411402513949181e+00
1.130333372699716558e-12
4.208374489618624259e-03
1.601594497183054263e-14
1.398032071400602751e-19
4.159781325443761605e-09
1.940457678286440935e-03
2.833764844308221481e-14
2.139731721252777913e-02
9.912161045262738852e-08
2.550757160085151719e-07
3.595219589860344944e-16
6.572062535118564161e-11
1.257362966130430855e-18
4.686595073136118828e+01
2.981759333188086345e-20
2.652029684048125446e+00
1.189325988169992261e-15
2.826690979600001053e-19
3.832985423081719089e-05
8.502887330803224451e-18
3.237442770585996830e-18
6.309874123951487945e+00
1.414182039123080562e-09
8.604535531040811432e-19
3.799570386265572304e-07
7.229014689120214854e-04
8.351539443327761666e-18
9.352020348594072829e-03
2.340044295438649827e-07
4.798893056527726575e-01
1.177816722825013329e+01
6.777005256487705909e-02
2.076200321154001358e+02
2.144643122024434295e-08
2.189237656440427894e-18
2.151673464985057694e-19
1.622421612925797583e-16
1.007177021415932033e-15
4.264320449572437388e-01
8.406071184543828512e-01
3.173677612722331546e-12
4.638362354554613722e-08
1.135078569196616570e-12
4.176326387475403425e-11
1.732041288629190845e+01
6.164553047906481681e-16
6.536832962703416567e-04
6.463017496154439307e-09
5.606311469381871859e+00
2.433693444055020096e-11
2.735198362009196860e+00
5.005085411709603403e-07
7.382580137849756308e-02
1.800701708860679521e-12
1.718204524595997370e-03
1.590163813881080078e-11
3.243825152583689707e-13
2.609021424917312232e-14
7.040942472578496430e-11
3.716374893755802304e+02
6.176542931028770715e-04
1.964776443073547749e-14
1.843978407455019229e-16
1.605522924471732796e-04
4.288556810487652478e-04
1.189767172554469875e-13
3.190919374517883611e+01
3.737867900316547493e-07
6.033220683168492426e-04
1.018056912837970884e+01
2.417099126096595683e+02
3.585621437144461925e-13
8.740138965831677684e-12
1.215074033130793596e-15
8.299949613964032260e-19
1.592510485699711297e-13
3.837083777725435215e-13
4.265492244292701154e-04
1.126638539697330685e+02
4.513069245002068186e+01
1.863613041688287893e-05
1.557739262854533410e-11
1.386651790414948911e-12
1.192892327742901132e-12
1.245789642637233925e+02
4.035797282642929140e+00
3.067426002175608252e-10
1.784278801791885308e-03
8.332386481060397510e-12
1.599673277222499264e-13
9.410061342764591830e-04
2.815860167481623051e-10
1.354968846186393932e-05
5.439023740890751179e-13
8.679451191269620884e-09
6.156712092626013266e-01
2.544870192993454031e-14
2.052798778544320801e-01
1.189479519193901908e-05
1.409037798056194762e-08
7.481438122872256119e-11
6.955129942108572781e-19
4.875182975842456585e+02
3.684772127193098612e+01
4.583000361955467737e-13
2.433923745908765861e-19
3.101762906410432739e-14
4.370016164904228328e-17
4.198829649285449497e-09
4.904912791969919247e-10
3.038856986867022499e-03
6.684535203470254368e-16
8.831869557757044481e-10
2.728700439074563913e-07
4.206397954529093610e-13
1.158860017184811092e-09
1.324322180686056453e-11
2.298092626602564982e-17
3.424223725765043671e-14
2.379286571154662688e+00
6.330154281422463620e-03
7.715423149050608560e-05
3.473443914134666714e-08
8.268905867749444951e+02
1.025424029256730152e-02
3.996644535829296530e+01
1.074941627559172636e-01
4.231064443887412237e-13
7.620086678777648023e-19
1.624436047825592583e-14
1.386398227040701446e-15
4.299324380074431574e-05
1.183270337089732498e-02
3.931888592098782914e-17
6.843925834140759772e-03
3.222133998178325981e-18
1.791900188373358183e-01
4.588817302150405935e-13
1.399119678162460745e-18
6.713990251027073244e-08
4.136587167522317587e-01
1.763452229739627775e-13
3.819376787663472772e+00
7.093414093742478332e-02
4.276704891247481918e-17
6.422554059884391582e-07
3.479960053144333304e-14
7.985538578534332181e-14
1.581439752692278702e-13
1.788684670813208043e-12
4.482563001157163080e-04
1.366653499097110792e-12
7.329525403927804291e+03
1.891976303602165509e-05
3.122523259363629329e-05
2.204882061813772873e-03
3.975625657041537543e-05
1.526827182790007312e-17
5.952146089428439525e-12
8.356330405604104739e-19
1.348129664344834833e-01
2.656712959642441467e-06
9.109975539815123113e+01
5.000643331060207720e-06
2.308165896277195770e+03
1.115377117615282909e+00
3.287334211335807277e-01
6.202881180733454365e-07
2.717183221427054821e-16
1.739185865519756748e-04
8.794868183259540725e-19
9.585925824181357191e-02
1.748529623051726610e-17
3.355553518859987622e-02
1.253886391092329589e-16
9.134776041418077511e+03
1.830068603488049783e+00
1.742075221086685216e-09
2.664165584433104073e+01
3.205932740500318801e+01
3.151401830530503165e-10
2.003163669685653815e-11
8.752858714508954252e-03
3.390449464949816415e-07
7.176403535421650194e-05
1.443700141560292586e-03
2.521332995582865315e-18
1.025529408993455793e-01
3.533591464521980690e-15
5.932678678966983581e-19
4.871257144062253275e+01
8.806131529838491041e-13
3.555220952481061220e+07
6.726562664099795030e-15
3.436374098509589227e-03
3.200447646827925928e-08
5.244043412396229503e-18
1.432303465762218536e-07
2.983485390726501505e-08
9.260832388434033511e-04
2.230729457177957989e-14
2.170924232205954227e-17
5.083923604163530230e-02
1.666417267111134359e-01
7.044668284094120514e-12
1.671605031096926552e+01
2.999064963091919219e-03
2.392516398779793335e-16
1.555113194145373246e-18
9.041134632649514852e-09
1.276102415243225852e-06
1.997980663710278628e-10
1.253173636014704044e+02
5.162227923463876683e-03
1.208418449328900295e-02
2.161160195993777546e-14
3.720448213912698785e-05
5.617856611039172805e-19
3.998826364855672465e-09
1.439893695893741324e+03
1.531071654119618097e+00
8.138799440914233524e-15
1.730423965309145611e-09
1.833063088944070781e-12
8.170474518318059154e+00
7.186838644148279420e-06
8.390510850219706360e-08
6.447439276424441937e-18
7.241023680277435724e-17
7.906868398209671795e+02
1.774701975727599732e-17
4.296401720397906529e-09
nan
6.987570728984278726e-05
5.596768112325762797e-10
8.944619068746642563e-09
1.227546608250403899e-13
6.359232556828958893e+10
3.047711152413383039e-18
1.596876370197865240e-12
2.003398471890571476e-15
8.321635484821310455e-04
1.723471267704874401e-03
6.132662852618067808e-14
4.897012370543082369e-09
1.893741438967998887e-03
4.615680929407883770e-01
5.450535079228730410e-16
1.866352737204200912e-08
8.261110555412819699e-10
1.037524545882011489e-15
1.842084118006973243e-04
9.993157175331654485e-03
1.320101036884682751e-11
3.013800442147534397e+00
6.596580221350307035e-11
3.988641781607933368e+00
4.658883200435411792e-02
1.042138415521134115e-14
1.067239577364664704e+01
2.719215739780360913e-13
3.800972325240325063e+02
6.890667118524826648e-12
1.097864884198003695e-10
2.010076730466130052e-05
1.397386073590411521e-17
1.950915015307410780e-08
1.424978655436143389e-02
5.400288458177361646e-15
4.802579360864197292e-05
4.130895369877177019e-12
3.650768747173973170e-13
4.164400202512720316e-10
2.324868294211689168e+00
5.870270441885984679e-13
3.148053485325029710e-01
1.256702294012872017e+03
4.739176318805034564e-04
4.640888134708710554e-20
1.316268779101729403e-01
1.818243609071225475e-19
6.618939607035820294e-02
1.720024472487599984e-09
1.459470674020800149e-04
1.470238271506892829e-12
2.095591082169651323e-07
3.508606892120652764e-15
8.923836586158337969e-01
2.605010921761345077e+00
5.738344158252564115e-06
4.643917309905514230e+03
2.045251293337608530e-10
1.642982041440190057e-06
1.005171706813534946e-14
3.703481097640271628e-17
1.686245011501090021e-18
3.862795218460938633e-05
7.942598009648587265e+01
2.089518627704033271e-18
1.832441649071289687e-16
1.089779515001088875e-13
1.081965823778835136e-12
4.426410204795589465e+01
1.133558510526991581e-01
1.025309874820078306e+02
1.234667614640682274e+02
7.404353384989786381e-04
2.299982480219428851e+02
1.371573963653250905e-01
2.910656972562918018e-17
1.315183340894912725e-13
5.448035148091141296e-13
8.901875652655589775e-07
1.481411800296818861e-18
2.230546579006525686e-15
6.843099059864530265e-01
5.507901455426257004e-15
1.791473960552723795e-13
4.418378224539097801e+02
3.208110667525939513e-02
1.237156954256513718e-13
3.182644801324930987e-03
1.618741100653548445e-17
2.195961792033631724e-13
4.928929613447404101e+00
3.315534591143624595e-08
1.997910264389053496e-03
5.299843422412488289e-10
1.230599796833138876e-07
1.365689259946473703e-14
6.775350886621816517e-09
6.409254169044793682e-11
2.293271685662283079e-10
5.380916159478541720e-05
9.468773192712926345e+01
3.626151669906643759e-05
9.520868630938859045e-01
8.237710973640555005e-19
2.163835475905329536e-20
4.127252927093995549e-05
5.056030934255840754e-15
7.636094773830436002e-07
1.760462770365385888e-11
1.726631068150011089e-04
1.128816715377982379e-05
2.154413233296709377e-16
1.061707307610849857e-17
6.823586227720055319e+01
3.610994621511258332e-04
1.359824849933752016e-18
2.529621607020989416e+01
2.679065229335518106e-11
9.454033486375058045e-13
6.442698855341996191e-04
5.465175790142543205e-06
5.564775355864401235e-09
7.615812620442032800e-16
1.083179953910496046e-17
1.366331518113080383e-12
1.932283842029253206e-04
1.912391364694135398e-02
1.578973506682664827e-12
6.049778477076781671e-07
1.770758933719058255e-13
3.628900410466145022e-03
1.682236758965085606e-09
1.774475271079664367e+02
2.851785082318612626e-09
6.745302402079287512e-05
1.787932112579046017e-17
5.520176729921577638e-07
3.680213304557697311e-07
5.009624634042532124e-12
1.172844572736185685e-13
1.840173147361463623e-18
8.153000319159696318e-07
1.081456421942941155e-10
1.061301571749751083e-08
7.899304857788532881e-15
3.161874744257467951e-01
1.620219399833855409e-05
2.744329067328280379e-14
5.541305211081310558e-16
1.433448769423041866e-07
1.660463163730954753e-19
5.952311271966986794e+01
7.669022542936111677e+03
3.446443124351619008e-02
4.628525286359996078e-14
1.044848332597122307e-09
1.019805984684574694e-03
8.678007398196096823e-09
1.217242624428881470e+01
1.753830015210930380e-10
2.335107561443869688e-20
1.356944507873082273e+01
3.042018059170994776e-04
2.783840674433380383e-17
3.664921612147722940e-02
3.377268253360207988e-12
3.034745386803128295e-11
2.749198825816436319e-12
6.850197352808157795e-19
5.459483349962700530e-03
7.337500047275133941e-01
3.138194571796968569e-11
6.226468674365797597e+03
4.073979523006632823e-08
9.777231703217239530e-13
4.587284796661687958e-14
7.708774011174211442e-06
3.292239947390538171e-03
7.321474059380280023e-19
8.124803862508023493e-12
6.607243158704627710e-19
5.226011535949505218e-12
7.219071723074391935e-14
5.118155674970360637e-16
2.686401784382964550e-03
2.916133276461337827e-16
6.425786526142093119e-13
2.053589352593081618e-16
3.718489384952251342e+00
1.572103809920296712e-17
2.818504714964322201e-10
9.522711426167113427e-03
7.257668713891868440e-17
1.584291930583597018e-17
1.109733709101843151e-08
3.634839521226055608e-16
5.970117811978883095e-07
2.114991918183255532e-16
9.524179669640341965e-19
2.303993206025562730e-13
8.526285095615171015e-10
9.685731214760395224e-19
1.012970185735230271e-18
1.165994369245851314e-02
1.265224105591819401e-05
1.751121018059946269e-08
6.263151258361385787e-07
2.607083273382585073e-04
1.062003182880211628e-04
2.321199702536374002e-10
7.261214659506323282e-12
1.129429234938257615e-16
1.198629311056837413e-11
1.756659188552362784e-03
3.032616223603770674e-10
4.115499097279566510e-16
2.023568312817202632e-05
5.625681395237686066e-07
2.936780738728814611e-03
2.574567475859089833e-12
9.744825545968373893e-07
2.491571824690238955e-18
2.746835638232061515e-07
8.622627757709909468e-03
5.591401801555496470e-19
3.796034011697059879e-20
7.852811422075340918e-19
1.911980970639853225e-08
1.162348321272143389e-12
1.461189002785817985e-07
3.719866811335370555e-10
1.467670317803710333e-06
8.648217578448896942e-14
1.004781357160489533e-15
1.013803648548336316e-02
3.742427913475862138e-05
1.127563159289964961e-10
1.584860881838044513e-13
7.564802984245805499e-11
3.827128006166578269e-04
3.207692704369382586e-01
3.454251885625634508e-14
2.532319476962324734e-01
1.279004848030360534e-07
6.077783540921896312e-17
1.262004981994397854e-02
2.445280742243348758e-13
2.389598497893629193e-07
3.849387624830430139e-03
9.518716640421888721e-07
6.180920293183628797e-10
3.267943991425815835e-14
3.508826174549633414e+00
1.473614957499308945e-12
4.096826910190649924e-17
5.766898627539057866e-05
3.785233222928152372e+02
1.176761401496079185e-04
8.889821713695758576e-02
4.324308167538003511e-01
2.663541135698120681e-16
1.518639485954461479e-12
1.202865237683582933e+01
1.193575575556310990e-13
1.281542513653659201e-04
5.842938344771449977e+01
2.961650837034858139e-02
3.131643155668546237e-09
7.730561092318476977e-17
3.004907221419088259e+01
1.210792861887007179e-16
2.184728837771700197e-18
6.189015765382906190e-17
9.249785293419918347e-09
6.369538535109532524e-17
2.776954189587288024e-03
3.258475598478256820e-13
5.615268725490978302e-18
5.731117780886197458e-09
2.052692296801435484e-03
3.725570153697983566e-19
1.884305527768059493e-14
2.717170723239640811e-09
4.096165731897639439e+00
1.293601437376865401e-08
1.501473370064947901e-10
2.653109642874270160e-03
2.039646280114282082e-15
8.772644998110491717e-20
1.314998890587323232e-10
2.361028065924683143e-20
4.501783322915083735e-02
5.021199962983252127e-10
4.906774749004102140e-06
1.148108798715142064e-16
3.638297088194867370e-05
7.763819987248920997e-05
3.874319180202456419e-11
7.439419662316771589e-04
3.136300129687504077e-03
8.413619035530481951e-15
6.728931247717013198e-07
7.831338743393512886e-14
2.268147832370860997e-02
1.024164174287674213e-05
2.184079679181484868e-15
1.482056543914392083e-03
2.590381912109596385e+01
8.083438946193761548e-07
2.933172067532025176e+04
2.687549331966080231e-13
3.276119770341617596e-18
3.333761376040428992e+00
4.961555293018396050e-18
7.740486397432609952e-10
5.261274667860504986e-11
5.341040443180073417e-10
2.820970986057055056e-18
1.500977975200865761e-02
2.308010369430873343e+00
7.402207100272382686e-04
2.670092764451714700e-06
2.098122197865502164e+07
1.077796526501236609e-12
6.752134253046622455e-09
2.995078172688531595e+02
2.222612107142473717e-19
1.287821324844716562e-06
2.770822612192993203e-12
6.902160015980765347e-11
3.274979720608173087e-04
2.686789189445465044e-18
4.610252206839399075e-11
2.567391131797097889e-09
1.455366392405218241e-05
5.445832422400820966e-07
5.440085595819914825e-14
1.318202118941202983e+00
1.484947639332141237e-07
1.834959751064522425e-12
6.591431602046069242e-10
3.164377144776590702e-09
1.810900625931369134e+00
9.553866461747991252e+02
1.813091870586603926e-01
1.319389284068577551e-14
3.337667936029574029e-07
1.831593219427138500e-14
1.216622382243041158e-08
1.713046660729939512e-17
3.971062965245334555e-18
4.723675898248785310e-01
6.919044183258825278e-04
1.204592211817849395e-01
9.618020480545643513e-12
9.571723353647709697e-18
3.031808461018338452e+00
4.421105523686790292e-05
2.069702165110407499e+00
9.245024743688221346e-09
5.601535952393787384e-18
6.050747753701393035e-18
8.260854954172785369e+01
2.087118826044706704e-18
5.446242051796429569e-03
2.009482238371159113e+01
1.205386563762899144e+01
1.354128579563068351e-09
5.373661965829908960e-01
4.793020245544137429e-13
4.741583361252265623e-06
3.697644419697804883e-18
8.127897681000579411e+00
2.609772460585181976e-05
1.997792141580463643e-02
8.495859247244718325e-06
2.593706879943911462e-17
9.322268143673343968e-10
1.743411284636905380e-18
1.237328239427556769e-03
3.806232758320278991e-13
1.855016299219050284e-10
3.656640104476785360e-03
4.963566307396418454e-08
2.482313200381506213e-10
1.810994403714550520e-03
4.979893729345995145e-06
3.587447592401599745e-16
2.847179910571542892e-05
1.331613395140897715e+00
4.779540943285613701e-07
3.591234105083976506e-06
5.163125722998027772e-02
3.728254279294699880e-01
3.979734786937598467e-02
1.840991421329970753e-17
3.050519244837256274e-15
4.072911368124857897e-06
1.269981280596972430e-11
1.104319701368229427e-03
7.853622696061140501e-15
2.351205927820389837e-03
5.593235396354218665e+02
8.710984736345802802e-17
3.786374607822784455e-01
9.980950564906381854e-11
3.352125607538562423e-14
6.212446605650625729e-05
3.045891303610223110e-05
1.380643098761760029e-02
1.033072846108822063e+01
2.683481031703093777e+03
1.382811917225309465e-09
1.888620935455643121e+04
6.555514769003341347e-02
5.211273368233932440e-14
8.976968345248851960e-06
3.715807684774768320e-06
1.190736383612788513e-17
1.507436871832204019e+02
1.167083148027076511e+01
5.250410620174445172e-14
1.065118543606822925e+02
1.178269307534928817e-17
2.938110321553545563e-16
7.023860016468359840e-14
5.806203682211409645e-02
2.362517599899863105e-19
1.034431372657103611e-13
1.690921933266609917e-02
1.245666464176978250e-04
3.072455888745277059e-13
3.820713211920823696e-14
3.677246364704957551e-15
1.793808161267755210e-10
3.484135853800780325e+01
4.643193276124920220e-10
4.962918721097022967e+01
6.457665546262163133e-08
1.230380758861040799e-15
7.048132859547940275e-11
5.378694488853850153e-01
1.491596777369618202e-04
3.517032347838260277e-18
2.822965199633248746e-18
7.992103891651375613e-17
8.079560902563859059e+00
4.379145144143382344e-07
2.621229814486892055e-11
3.029394934218043085e-13
3.621290244716656458e-20
1.575313410016121343e+06
3.509380850992935990e-05
2.521998532208376393e-16
1.991852694736880557e-03
2.507949658419206945e-04
9.049011374876624425e-08
1.148663630441263537e-13
1.664368437735754969e-12
1.436038962139040365e+01
4.477187217779630968e-02
3.159038368803570753e-11
9.057198243716045625e-13
2.601848389787559789e-03
2.505709552851562791e-16
1.602279628260664383e-07
4.009160473052773455e+00
1.534017811393820906e-16
8.505967153693175899e-07
1.248984465504871856e-12
6.329093527193243605e-14
7.925569564245234570e-07
1.887228468727249364e+00
1.005821150369433389e-12
1.352614208812414620e-01
1.141360565983107563e+03
5.205764734584344515e-08
1.696214307891459268e-11
3.280550273468194656e-17
4.224261284096974368e-07
2.293112150198337723e-02
1.021460622561264834e-15
1.112145114801005447e-01
1.883900956167933497e-04
1.214770353593502886e-12
1.588235611827823661e-12
1.330586412373417236e-03
2.894813644664073399e-05
1.449758135218039552e-14
3.725374301024699902e-08
7.867750236356364199e-09
9.629264902968274953e+01
6.480084894716847137e-15
3.198841881133884728e-12
4.144693564676143701e-04
3.808882125844006158e-14
8.043708226588535763e+04
1.727446849224953991e-09
1.672644747583380820e+01
3.931099576728001782e-15
1.099869913718203230e-10
2.887750671483642308e-19
9.591156275830979230e-12
2.233864229671505830e-01
1.071503975186573573e-04
1.861863113884440292e-07
1.135268632997406919e-03
5.614498235878379365e-11
4.770430058376268212e-03
4.278445976280943359e-06
2.727030433714208435e-11
9.916002708460344291e-06
4.362683780034605496e-02
4.563461276917468723e+00
5.542797355640579610e-20
5.903840787543659210e-09
1.964146336311250216e-06
3.339482715314100205e-11
2.322246730346748507e+02
1.374679334813827378e-09
4.093687705199147329e-05
2.972177285192265721e-16
6.000766575260919845e-17
6.674838003451406311e-05
3.554404180325355066e-05
5.995667417374406921e-20
3.203322067279018594e-18
4.598419685312277183e-01
1.832036455518401452e-08
7.661331386281428069e-02
1.437357959463824716e-05
1.100050827659255615e-18
9.277867283766283890e+00
3.633618527181005364e-02
2.632775837638822592e-11
7.017950118794147004e-05
5.770906581391480983e-06
1.138234807113572227e-15
1.842884686091416518e-04
1.350973530942401694e-03
3.192897486804381600e-15
1.861120199539606427e-19
5.018063340682541315e-16
5.529279027709723682e-01
1.647049337790106385e-02
1.287854080391619253e-17
1.265020965672972917e-15
1.752116778575692635e+01
5.159277913333179200e+00
1.024595577871774965e-01
3.004664524578900710e-06
3.981298849769185153e-16
1.129265786612422898e-02
9.733315369494159616e-18
3.151792279283877264e-17
6.024662158979915979e-19
6.490439686244773716e-11
2.702436470361660020e-15
1.856253951872506723e-14
4.353342573086957379e-02
1.155916046088902583e-13
3.624183266007630078e-01
2.520163783261466628e-14
9.815344000312377825e-08
3.917249353218958642e-08
5.779095280869736050e-10
2.041159606963713652e-10
8.208375425807019410e-16
4.284092804008005095e-15
1.355784794962749373e+01
2.181101472386634338e-08
2.523128805500946257e-15
6.437063413569342270e-14
1.087541088989380967e-09
2.244286544112724466e-07
2.090881434228414246e-06
4.404212044955601509e-20
5.898961966309475589e-05
2.038007559165639771e-13
1.186522791811846460e-09
2.187799221913716038e-18
2.803536719307684029e-12
2.257663197425525264e-02
2.434234993542891061e+02
2.452111883967164239e-09
1.235832567069944461e-11
4.973871182496316696e-15
3.346645281079931318e-09
6.348318229635087073e-01
1.350776093657518329e-01
2.946381708967983817e-15
6.856125940506024294e-13
2.152312656325027157e-15
1.663701799054782894e-09
1.131841405805901236e-18
7.938044307725373931e-16
1.261599318821743699e-15
1.243478765701516689e-09
1.091362794458891963e-02
7.735169560004713507e-02
1.211995495985839468e-14
1.433918497305523038e-10
4.768576196860501453e-09
1.134641860738269573e-16
1.275468521542478224e-05
1.074135546795645877e-10
5.836553829202065942e-14
3.081868193683363621e+00
1.878355275288313552e-10
5.207118964153222811e-07
1.034917613161000941e-08
2.126985687492637580e-08
1.614420745567863941e-11
2.077724567301607603e-17
4.207229620043185028e-03
3.521760156216857390e-08
9.453002921054324522e-17
6.284350423801058750e-20
9.560361082499363450e-01
1.429989865906734270e+00
2.034016878779181837e-03
5.147816848214262697e-07
2.430726252153800742e-13
1.453860072828688849e-05
7.512369558168097407e-17
1.275691761490216486e-09
1.665088772340247090e+02
7.286776979123632145e+02
3.020137996780182857e-06
3.095214207858813652e-05
5.122508853007300189e+00
3.125026254272374085e-05
1.537511820433645227e+01
3.130538159870674873e-07
1.072684335863622700e-16
6.042940233473387268e-02
9.806876229855981988e-06
4.347328251157037539e-07
2.095507336038073764e-11
7.188905565882042816e-13
1.312546626733970540e-07
5.749374900285791234e+00
9.620683705368935142e-10
1.640061306798197213e-02
3.221133448231224320e-05
3.598369645805760764e-18
5.950815921223221821e-08
1.935689148019246774e-13
1.980420603325255412e-05
4.439841664788631994e-20
4.058858193245383376e-13
3.763144793469909545e-14
1.480385769374901790e-16
9.846329300421147799e-08
8.565530701534248358e-18
6.864224320294677284e+01
2.316283589724157353e-13
5.952913298648148527e-03
8.159351531735071085e-06
6.987550164308803685e-18
4.004602847772908980e-02
4.530311677874081060e-03
1.367553077969351286e-02
2.473103744464619425e+01
3.006896063858631796e-16
2.073140346607034132e+02
1.799307799097438904e-02
2.423207388058748959e-17
8.396425303168913523e-16
2.413331602920638333e-09
5.003222090124161240e-05
2.577199479485322575e-01
6.913186820333180736e-16
3.402715311523876964e-08
4.684033213703050341e-02
5.814353757498486341e-17
3.195764262984730566e-06
1.780691042727337094e-05
1.322118788935232129e-15
3.270339375182432388e-16
1.997148632143848747e-16
2.444357237481364301e-03
5.197340767520115296e-11
4.794036664126244017e-05
9.939741506101677302e-06
4.270157445036741707e-16
4.630735414048053011e-14
2.061494526344140044e-01
3.817147281457196860e-03
6.723443366843812444e-18
3.641259402636532137e-15
1.067010704173159123e-13
9.890758217991986179e-01
1.328404976158848861e-06
3.768759586623988221e-08
2.010938745154524599e-17
1.337893375047024504e-10
7.500498154628995475e-19
7.145588125314823255e-19
9.812155345818768719e-14
1.625816445106098911e+02
1.038746134697665422e-14
2.645306982685462980e-10
1.841671865650093939e-13
1.303302093957326588e-13
6.777021849913396041e-13
4.119070338709948555e+04
7.834367108820604386e+00
2.316424681100212470e-12
3.109410036789582269e-09
9.581230385999604724e-09
1.393939912958665206e-02
1.866117391933637126e+00
3.878018288798118571e-08
3.359749758046933721e+02
1.533732936032916831e-08
6.131877588360591198e-14
1.327937060259624811e-18
2.376914405239283414e-11
1.004747635067034829e-03
4.520032768717124661e-07
1.522502089606287898e-10
1.201399481806514241e-09
3.515378801114939500e-01
9.714982833655860794e-01
1.487225925029971253e-07
9.908352983028070882e-02
4.304422327430618123e-04
3.409012144132557661e-14
3.438113195688047600e-05
3.420582432956586150e+00
1.117395684682891410e+00
6.214986016678158347e-05
6.494677394871294432e-03
3.432582148474576269e-04
1.612315157518161006e-05
4.368313262659679728e-17
8.953025412522714357e-16
1.848314882229789191e+02
3.991857308918740490e-17
3.672038621221956419e+03
1.571134294751232329e-07
1.352354750867715826e-08
9.871438238494574103e-14
4.423858692838620688e-13
1.462837948030965007e-01
1.698793524464917333e-03
2.204702341291365185e-03
4.197580402442643795e-20
7.196339127440373740e-02
3.434181980926023663e-17
1.752971851450347891e-20
7.473696626063003193e-05
1.462975618575680370e-01
6.912414042045582516e-18
1.473141226978322616e-11
1.573584945577782119e-14
8.981130279236261484e-08
2.844231958628901658e-01
1.029181774708911590e+01
3.845938198578446139e-04
8.894834683474362448e-19
3.396544026550564303e-05
3.092891061724228389e-11
7.404850632043009388e-11
7.249907952969920278e-12
3.537727667913742554e-11
1.922854338448970318e-17
2.204310040515522631e-07
1.391818852520376964e-06
1.627424290517452686e-12
5.316417794447752371e-17
3.862551000947867099e-15
8.807772532189042743e-15
6.776941257678127266e-18
3.869960789623058329e-16
1.555290158218651810e-13
1.659509914649126932e-15
7.883970770137968884e+02
1.521626465780082782e+01
1.211183238524843659e+02
8.598579760218707504e-04
2.103794019778157191e-11
2.740107376810321446e-02
8.363522835974102065e-02
2.402792032618269621e-08
2.418564485383867839e-10
7.079132284723420732e-17
8.711837412220548683e-06
6.023448202916698718e-02
7.336709629444841674e-02
4.085157503600847488e-17
6.160558342307191638e-12
8.683703123926403406e-13
1.111252850679451174e-07
2.863330699825426398e-13
1.675832564195210983e-01
5.151313721455944687e+02
1.710380255161480980e-04
5.936305464454644243e-03
1.002591524801355330e-17
2.609396253839598057e+00
4.478421523807353242e-18
1.152621884130576490e-17
7.469622124670756096e-08
3.254896395723006486e-01
1.379194030386193259e-01
1.338812476103566240e+00
2.991224267605441244e-06
1.468939245988944408e-07
1.063759305697931410e-08
1.296446546130103066e-09
8.400576491690159364e-08
5.534331296412535243e-06
7.055938737387089214e-16
1.890612019010352602e-03
5.719217866719891567e-03
5.272231097767920855e-07
2.265104033480298142e-11
2.549325420424836756e-12
4.877613792731966649e-06
2.417816602679780102e-02
8.299402152370030203e-11
6.032376190663255500e+01
2.294933652606528430e-19
1.523631344227772898e-13
1.149477064137855287e+01
1.784425846029332655e-10
2.009477794208194307e-10
4.148652916150033067e-13
7.450636238335727086e-05
1.741722934917585479e-11
2.174308720689224916e-19
3.130029308562851803e-02
3.115080589484523424e-07
1.012670783030917079e+02
1.682455043563788522e+01
2.789232448675607180e-15
2.746835569890842343e-08
2.250972053788158433e+01
1.983961388171982421e+01
7.959363119659678873e-05
4.239222975319690079e+01
1.235092976011225641e-04
1.007912589174584829e-16
8.344171407750279783e-07
3.987909739992828669e-10
5.065635449540423923e-10
8.332144154055726322e-09
7.237225135095673068e+03
1.096174224162304292e-13
1.414395609091155848e+02
8.164199715109983449e-15
1.436286649765437361e-03
3.768721107234827134e-13
2.690133800350753467e-06
2.734293169803278596e-09
9.576303544265529766e-01
1.451674996052120264e-14
6.156323914664300645e+01
4.000358207431177204e-01
2.278544481670808466e+02
8.259893996105205187e-04
1.770842053291486121e-17
2.455322066346953047e+00
1.298317725556554560e-15
8.553377499335642667e-07
4.234848500365122617e-18
7.375022732261170530e-07
3.332714049415125146e+02
7.349422639962716426e-06
1.893949877948744842e-05
1.452542747247375157e-02
1.078768469181001854e-09
1.458595152848994505e-08
6.452931190797738254e-15
4.401736965956069833e-08
9.458025774430587479e-03
3.706374471961967808e-12
1.100604712911489184e-11
8.883610468416025014e+02
1.116223896731723626e-11
2.745357633841693626e-07
2.774468696825794822e+01
1.635646412253118021e+00
7.874859638117318032e-08
2.290186849513691807e-18
1.059130084819889100e-02
1.864206731124131218e-14
6.613083620681420527e+00
1.786009140849094835e-03
3.223883508649844076e-01
9.578620888938933439e-09
4.474368360751360883e-05
7.207494458315294335e-16
3.343047069315795515e-17
7.733579875269409052e-09
1.003311818103090468e-16
4.500161197654441897e-13
5.189057397009466275e-17
2.508061660850411378e+00
1.808534804019909530e-10
7.687099763905897904e-14
6.220539150911576039e-13
1.539696924372233877e-01
6.851288839330405595e-08
1.271806665099181865e-16
2.130607094636349326e-17
6.060460814195887451e+02
3.385978881368384985e-01
1.443223197386127655e-13
6.299302002293345043e-05
1.480099045239949402e-18
1.287280238206655325e-01
7.554287369547092607e-10
5.776207575731313990e-12
1.017892400496864959e-10
1.030953605168618238e-08
1.118360505825519974e-09
1.532988359403269712e-05
3.824902043708487166e-03
3.330858631689809974e-15
3.222698079931679160e+01
2.846635509250663035e-07
2.679916154304453180e+00
1.540512393892582850e+02
1.423496850780384896e-05
1.162416437433260074e-14
3.507432392021451454e-17
1.038726213850065389e-16
7.467429603614826819e-17
1.978578092503917330e-13
4.491232044290465067e-09
2.874352963285740975e-16
5.103748999895845252e-06
7.761980197577576282e-19
9.851229056923090782e-04
3.150818576116808971e-14
1.728943041575858907e-16
4.246410473707276500e-15
7.857707487102914001e+01
2.580488393582184802e-18
1.373678244209920449e-10
4.250973056769346824e-14
5.697592156261536981e-11
6.352602676142407130e-07
2.053415107303193565e+02
1.106934782423559249e-01
2.097303450355930080e-03
7.312709169194664405e+00
2.178912171436201461e+01
4.075466120777245614e-17
6.785055857597531341e-13
1.475993227449935999e-17
4.005428798949347424e+01
4.632686182907026773e-04
9.097819379115488549e-14
1.248349508750471746e-09
8.763534987588509351e-01
4.766921677287150544e-04
5.513224599309386775e+01
5.605808030976576362e+01
1.797193804459891093e-05
1.551694559317492730e-19
2.158992851834298658e-06
3.945846483941097688e-02
6.594037247596726075e-05
5.431412843772115129e-11
1.172578824533802608e-13
5.117759096336860138e-05
6.006048152509197112e-15
1.368177540712736757e-07
6.646918431054464527e-06
1.319552801189081148e-09
4.123731607245166829e-16
8.201606038377215630e-11
2.843585581414258101e+01
5.905268790148873860e-15
1.602334659645004861e-13
6.455799117651620997e-03
6.039093062240666146e-07
2.796919355342427593e+02
1.131571622619431563e-17
1.041720367023596679e-13
4.205185384634972656e-02
4.632697643207396472e-12
3.797330389100144160e-04
5.091050786462923174e-04
9.890176602704646940e-09
6.522342190457360189e+00
2.468963715740319742e+01
8.118319793826920292e-12
2.709114270922459233e-19
1.847592545634511165e-14
8.231058588780281648e-18
5.584745055818663264e-15
6.844542276070129114e-04
2.129650527986441323e-15
1.017986530879018870e-11
1.494503769140957737e-05
2.463731573403530207e-04
3.152002252080590180e-07
1.145885327371113869e-06
1.924186207950680322e-18
6.781402372910993570e+00
1.881515188133434087e-19
3.596516745977976708e-16
3.621058150156082687e-04
1.944361702475980515e-09
4.495095783754981838e-15
2.479938022956256581e-14
6.179723326016193852e+01
4.185939118574253836e-14
4.291832705449215268e+01
6.025365637676851497e-15
6.743081022330443374e-19
1.369182600948644406e-11
1.357658073999717776e-07
3.652914037786772142e-09
5.355994533434168703e-11
5.847029814149413820e-09
1.445009919824709216e-17
1.036718079610121859e-12
1.957070021626771279e+02
2.359744600644099961e-14
1.421185435326029201e-02
4.836468730910397978e-17
3.082929975994297411e-02
6.438673219601720944e-18
1.204835858533578758e-14
4.339665748617906133e-19
1.568638540794007485e-15
2.418229219926165323e-19
5.479497416161976292e-10
9.897136203428544775e-20
4.251508882590901860e-16
5.805979953743459904e-02
8.399826910151878547e-14
2.757683756687054899e-01
7.239356383124801141e+03
9.694112298963238855e-12
8.800955423768552430e-03
3.291149902552556933e-16
1.156267295559288098e-07
1.951233919121526852e-03
2.007910167236916976e+01
8.939057296664736866e-04
5.923728642160973334e-02
4.565237205245097781e-11
2.456969923555756565e-17
7.691584767756513230e+00
1.207178609070811707e-17
3.082332913531335095e+01
2.671634272015636566e-03
8.752935224901263066e-09
8.708008974483691432e-05
3.759747447968680040e-12
1.677775082873751104e-04
6.797376582938423203e-17
2.533447065869218803e-03
2.489927585822112489e-12
3.140447527264893277e-17
8.885567439640619790e-14
3.119431524818972207e-15
1.079503789197659228e-17
2.188831026688878634e+00
1.621195864845837430e-08
9.992449297526948703e-09
1.013816506399138486e-10
6.877014508837462126e-12
2.560204662295035433e-02
4.730247122275549852e-03
6.566921869855084637e-01
6.260202632192936978e-07
3.728396477747249912e-12
2.341020562153812321e-09
1.701067368484028070e-19
1.633947961166709589e-06
3.667244845920547576e-12
6.600745021502504546e-17
6.798505733396042139e+00
4.754090369890049260e+03
3.620212923333641974e+00
8.232925088269229656e-16
2.098576279493132805e-12
9.166319344447000303e-05
9.513637793167502079e-07
1.488669147852415806e-11
2.850337274654347831e-07
3.235574230808622674e-17
1.403921999480943156e-08
3.175039674819792690e-15
3.057818073884884555e-04
7.437584181974160602e-01
2.822080441213406062e-10
1.551185970111587010e-09
2.260174826388847009e+02
3.507909956649947990e-16
1.806575707948391728e-06
8.616374563808545162e+00
2.288931321099851153e-14
1.904548835465777035e-17
1.683823651563060029e-12
3.102509330854379123e-10
7.248104262978154944e-14
5.938662274158361430e-07
2.890236551133980649e-11
2.107303001579845367e-18
5.602973247841137872e-02
2.482570561159522878e-07
1.908653436295685495e-08
8.236666995522985925e-14
3.316154959648645248e-15
1.401513275976654103e-18
3.235095480623296593e-05
1.909560473669850988e-01
5.829186906760784519e-08
3.670126048638909719e-13
1.656126058262359368e-01
4.190614481373063407e-11
4.955398498825197570e-10
1.116222883771188926e-10
1.447035806949659759e-12
4.033577876970573723e-11
7.150598552225967666e-06
6.587733784848967694e-19
8.789860888076539258e-10
5.661290931533402571e+00
4.788864647336607585e-13
3.690278333742667608e-09
2.419086508701778529e-13
1.505576810631859525e-14
7.879855490176336730e+01
9.146625805469529218e-12
5.537868948626354202e-10
8.317208526863940545e-17
7.989656365075852574e-06
1.334211441179745195e-11
3.648403345832042921e-05
4.467629750970389182e+02
6.540364926661094416e-08
5.825098956548858299e-15
9.413644170601842074e-09
9.279972828673987418e-16
3.194065904166201871e-05
1.956485332538609176e-17
2.448915046279798702e+01
1.284599270915995021e+03
6.986922681824346841e-07
7.041845356320437206e-19
3.454889695214487233e+01
3.578019273077981940e-09
1.856277969574997142e-18
5.253049995809306242e-16
2.693866236300677883e+02
1.512867414186405979e-16
1.063847957011312646e-18
2.359666217826504482e-19
8.404361791008163873e-15
1.962973863581117374e-05
2.076190105199300627e-07
1.447949750157995262e-05
5.398526443391233749e-10
1.111359755940833079e-05
8.080610309993894178e-10
1.554279553645366363e+01
1.372572003305281774e-17
2.958214796507688815e-01
1.591842184520576154e-11
4.455153160252027789e+00
8.308305342230786870e-07
1.900916307157165791e-15
1.534371137865547102e-02
2.844540266726992839e-02
6.140689040688847911e+01
2.165654322242866869e-03
1.132997760730107296e-07
2.898145243264774878e-02
4.200118137626134955e-15
2.390346801884372630e-17
nan
3.077692760724610110e-18
6.124355885945022733e-10
3.427013698125250929e-15
3.032609388300924191e-01
4.365857608950004035e-03
3.594833907206007714e-05
6.127504093359804582e-09
3.133334650591808270e-14
9.814140183340342283e-13
6.873550822737943882e-10
1.109772761475227432e-10
1.627828438733535023e-09
6.748411707951572680e+01
2.846635748478304295e-16
5.902441934561783454e-03
1.066344424230236788e-18
2.199525318659201776e-20
1.925811550234983979e-14
9.242534635361799644e+00
4.097187206988377511e+03
5.771144255391004588e-16
6.481835936179818347e+00
9.639512564733234510e-17
2.266408080429915223e-16
1.672121438471840370e-03
1.963070799618332885e+01
9.459812566565680918e-19
1.426792107038571855e-08
1.822571257301102162e-06
5.576887656350628473e-06
6.377244707322284197e-05
1.318622633970422687e-17
6.788928866984326618e-16
5.130179298861685451e-06
2.367230268477845719e-13
7.670614322904305041e-12
6.248336811853070153e-07
3.743263905120368530e-12
1.310098895888519854e-08
2.197265548802465052e-01
1.481318208330595354e+00
2.689865539600671696e-08
2.337945119895342992e-08
2.805067569584666631e-01
7.466936193386763270e-08
6.492934804527770893e+02
1.109921322193087328e-08
3.463359321017204229e-01
2.685709383272010342e+01
1.571355750564501342e-12
4.295700412251623094e-16
1.477847519973815972e-03
5.474895133380672796e-01
3.186415744927477135e+03
1.311040628599766203e-09
6.276543279893130878e-01
9.854119620657171189e-06
2.408543315502787551e-18
3.076116070142003583e-04
7.567571327568826146e-13
7.815397897609773587e-04
1.813938630702737400e-07
1.527434901680578581e-14
1.504284029141871254e-03
8.729534000150042106e-01
2.525624933398081806e-01
4.590672305238749473e+00
5.278967632745192020e-09
5.281839081799432067e-01
1.006906288818435384e-07
1.357328989888890192e-12
6.261962753529526439e-12
7.031858338949352243e-13
3.316109080824754210e-12
2.783829517380632296e+03
3.535897406449265210e-11
2.012627659752888328e-17
6.957884661761512394e-20
1.065621070441035768e-10
2.366026351832767212e-17
2.617679118992094910e-11
2.193036291025751458e-05
1.532909574366501637e+01
2.595739284433458905e-12
9.497908861566180732e-15
1.097543624221090565e-06
3.437616695683545764e-07
2.242954560730573713e-10
3.120854206458784641e-01
1.023306532478398811e-01
4.888095420888601281e-13
1.708909616970583041e-05
2.508370311684500042e-03
1.969336678501739102e-01
9.828555742880638486e-16
1.064450826778161059e-05
2.955964491373041181e+00
9.465591936584494635e-08
8.179222129509188911e-16
9.887615750041365444e-06
8.982366890489120692e+01
9.304902777472262229e-07
1.562676256107385181e-08
3.647247743830649074e-09
5.525972737585427901e-13
4.542166073244142823e-13
4.406338385050259726e-07
8.170708764662703191e-18
4.306056393094873092e-01
2.877437468500964148e-05
1.026445149645996062e-11
2.065679063579374817e-11
6.462630179151354149e-04
2.994988291074963171e-17
8.239625089988796350e-03
1.871227010478636044e-01
3.021681739782978456e-16
7.623335847656690819e-08
5.420859455282521847e-03
1.415584872496138875e-17
5.220337358996209737e-03
7.592509273682372661e-03
1.653055811128129840e-04
2.728062743392427813e-13
1.502319810390551583e-16
1.959359069485678972e+01
9.019203359646633471e-11
9.394347879932583784e-08
2.605349151873537985e-17
1.193486080473364574e-15
1.609094465427769997e-13
3.512802859999088900e-17
1.232287703627967659e+02
1.936907896295386868e-05
2.014208260974379336e-10
1.323632477065322205e-09
1.747868552643792731e-05
1.041679344949776119e-10
6.525872498823981328e-14
2.491911524808186357e-03
3.413956568283039125e-17
7.472395346314652034e-04
5.822342759957425073e+01
3.182623590787786381e-18
6.993401006749513726e+01
1.875043433038512682e-07
1.218037091400144333e-13
3.860303653693422887e-17
5.642158668955639779e-04
7.246482457642537678e-02
4.307083440855949521e-14
7.711151555702481027e-16
1.148757326863176151e-16
2.199933082801506653e-15
5.764834584243704419e-14
3.478857571243920786e-05
1.002985922944796916e-05
1.035686396788512684e+04
9.500933871839454738e-10
4.274875100939781736e-03
7.068477111694640965e-07
6.226413660580488888e-16
2.168758506998263994e-11
1.462175833057786419e-12
4.704887709543922508e-14
3.569627370488530895e-13
2.884310487453930818e+03
9.058472080594676750e-17
1.823708695543137302e-04
6.733716083892828993e-15
7.171138859317116827e-08
2.790894603693562903e+00
1.446871919634829841e-02
3.973669452299396481e-10
1.407128326161605353e-10
5.076764187229413302e-08
4.759018900560196937e-10
7.723013544951311214e-18
5.718072502866681006e+00
1.011904437975982854e-05
1.054228192628140877e-18
3.350717987542072897e-17
1.080262607529565981e-19
6.795731425328755245e-17
2.949636401646071704e+02
2.267931764085806208e+04
6.248578494426015331e-13
5.340589564140560846e-16
1.590899873433397177e-09
7.446976875832085069e-09
7.091617903444274227e-14
3.215750300909040184e-18
3.669362122316574641e+02
2.209338238185687544e+02
1.959983068666918449e-06
5.856012776888638305e-01
1.076597765372107673e+01
1.558954690380162382e-18
1.503559919693959242e-03
4.502888777619164395e-09
5.778421949067959890e-02
1.563383605710477963e-06
2.864509373791755657e-17
1.582352343227086270e-03
5.668583122786879655e-15
1.804116225741257906e-11
5.913752926614548961e-16
3.480417854510636024e-05
1.830806419263796674e-18
9.812760517672672322e-04
7.232721608430892200e-13
1.408822513442587170e-04
2.295605019899610796e-16
1.921636351570403948e-18
1.245364978817034530e-12
1.084771221463429560e-08
1.163066894336038104e-01
2.351670493369356803e-03
3.688962021415494452e-01
4.794478443507927385e-14
5.334066088246462116e-13
2.452203317868327339e-12
2.918871973160109775e-08
3.453537967525649750e-11
1.358148188629638302e-12
3.085738219378761745e-05
1.245949811308874971e-07
1.515911726145084753e-14
1.821350525940042964e-05
8.568026988859561403e-15
2.715517975637084336e-08
2.161052241045751998e+01
1.122760665107291942e+02
6.617587115549446473e-06
9.300286221056447431e-09
6.681199311527629837e-15
7.292498480764019231e-14
3.866019132127377621e-16
4.326158970653503973e-12
2.529946578284921576e-15
8.657486643136778071e+01
2.230719266800084563e-15
2.541629577772013247e-10
3.110039754892061941e-11
9.534947127600691171e-14
1.399603869191631230e-11
1.755833727618193336e+02
5.451357386284145056e-07
1.078042046205659688e+00
9.445510105665778316e-13
3.224163922366221971e-03
2.549236888819800229e-05
7.027630203591572952e-11
7.290176656421577125e-16
1.443224371861967059e+00
6.757343169695386183e-16
6.579443091405875436e-10
1.388574200537733648e-12
1.504669671985093882e-19
5.675592958508759454e-19
3.883616758824221196e-11
4.650321827596549109e-08
1.031540228506466406e+02
3.747321956963367757e-07
3.106502246488709489e-16
1.492945793789114386e-17
1.592048335751477321e-05
1.655960063854372195e-15
6.777729213327207764e-14
9.660523978133769063e+00
5.467347448978975955e+00
1.662648239842628328e+00
4.333758866072199068e-18
4.243981146538359974e-04
2.293512250029849611e+02
1.747792788647011499e-19
8.172404090835643005e-06
6.191479541864425524e-11
4.413490463750544990e+01
7.165554934981516189e-02
1.112007777527536869e-11
7.051490574894414065e-14
2.305758429861844134e-15
5.558823654930004921e+01
2.547471717055388041e+01
1.381761052696023340e-03
2.703278786625044199e-17
1.623439540057257119e-17
4.415241738710203728e-02
4.021410145270744690e-09
2.731169144899501284e-09
6.993112154457338308e-04
1.855054117432325802e+04
2.567786985412440071e-05
5.724423132687297411e+00
3.177448257800202181e-07
7.772764389567038065e-03
1.727550005874426906e-02
2.704396669376395713e-10
1.320322906655757553e-17
6.862466605797965483e-20
1.161979574357499775e-05
7.853719542642571651e-18
1.822139228068021287e-06
1.704257399574948036e-11
1.954061848106279529e-09
6.260120539918340166e-01
6.954044474748297301e-11
5.078655602779363911e-11
2.295842129542623075e-10
1.081879135572941378e-17
6.566172747626407613e+01
1.546259617743071044e-16
3.378279832587953446e-02
1.326179498577810469e-04
4.088445571576037878e+02
1.092967060067371736e-12
3.637937592316143940e-09
3.147965093826614373e-11
1.127579210804727488e-03
8.995419042621237189e-14
2.092311870637395543e-01
3.617395635923675269e-06
5.176031579104249555e-15
4.641906580817092669e-03
1.878997703057224044e+03
3.904208234580623660e-02
4.147484222447674587e-15
1.483520825680569185e-11
4.611166672639035955e-09
4.024713321757030910e-14
1.791736288815306111e+00
8.040688006333840089e-12
2.231933026648181340e+01
1.038019403582591371e+00
4.598743138262106263e-11
1.604734580380226816e-01
7.677773785715108157e-15
2.940439191854748060e+03
2.782804053597804153e-02
2.192597228834672985e-12
2.315774310265054594e-14
1.237120444013473375e-01
2.167346883190035689e-16
1.341048607628386834e-08
4.931354623105952192e-09
2.859560550857450181e-04
9.228680965301423332e-05
7.255843173575981931e-19
2.520346968563192780e-04
2.744011313300549594e-07
2.599765914511689061e+03
1.036848424386719851e-07
1.161131664618340635e-11
1.647896866405242789e-06
2.640635256228161132e-13
4.910443860759236009e-05
7.911772657275818638e-16
3.128203378794602862e+00
2.154258690237021170e-14
4.417832396624345875e-02
7.884474241334944473e-06
2.443249936005035811e-13
1.592970574861733363e-12
1.959246774226949981e+02
1.975307603469907621e-16
4.008316582000053394e-07
7.970563671417619923e-19
6.193060878616979975e-09
2.318939005679486465e-01
7.760631553972774377e-02
1.317036720087611442e-14
7.581067941533618294e-16
1.430542666773263028e-06
7.385217351209794453e-14
9.301612737635422045e-06
1.332095413511713740e-03
1.168678523911981654e-11
3.309117139322213688e-04
4.378723824369788457e-06
1.071299525864210372e-02
1.012726999908682046e+01
4.665376298907162322e-01
5.358067403052566286e-14
2.764746529694519993e-07
4.041339059190184391e-06
9.573565086758745610e-10
9.019007237211485765e-06
1.493173664856356172e-09
2.001687245371681348e-04
1.529517418718075206e+01
7.562393111897917504e-09
7.344714087796623547e-02
2.255898421726523975e-15
1.417850183703054601e+00
3.043938152073165116e-05
5.289103109809605713e-03
2.549215366301879726e+01
1.759877753020156399e-03
3.530064477674276459e-10
4.386232737427444572e-01
2.439347622243923943e-04
4.514481764735485229e-08
8.703818995358218430e-11
1.622580324533828833e+00
9.797240792946863974e-06
3.456815556964863700e-02
9.076911144309024649e-13
1.171099544619463359e+03
6.373030095466680928e-19
1.646066295613478410e-15
7.121491039014918946e-09
4.443203179842090240e-14
8.002721949131121103e-04
7.002079053484567189e-15
1.118911444103715082e-17
1.464777075856951084e-05
6.271455308163129128e-03
7.215365044146175761e-05
1.979405538956514483e-16
5.994180839656568196e+02
2.205609024148617258e-12
1.964397059007297417e-17
7.123087874051532709e-02
9.410104953423631402e-02
3.347195520408435865e-14
1.340040616412255532e-13
6.886327973058209555e-07
4.415966510414556729e-12
5.682530427594544018e-14
8.384432945002936427e-19
2.936784472921199092e-17
5.379501454375533244e-08
1.265002773358548684e-04
6.667370604114027743e-10
4.874932342487032643e-18
2.240372844304367244e-06
1.113800422360370462e-06
1.116152988697202121e-12
9.537610098509036952e-08
5.703802838023225616e-09
8.949655973349807095e-14
1.422966613215683582e-18
3.059261344566030918e-17
2.673171509839687057e-12
3.113448365811916783e-06
4.163409900989902326e+02
7.227717001229725380e-01
3.365922032831798523e-08
3.750534111475374416e-08
4.775619141468695634e-14
5.655895203204694397e-07
3.221970904991490959e-16
2.616395018959637511e-02
1.014806794520368913e-10
3.406393749243933156e-09
1.586166097841253286e+00
7.456946027471244350e-04
5.702716119476234802e+00
2.635784345440593882e-02
1.905207932964619378e-15
5.238152587080219683e-07
8.991527114843306656e-13
3.249099336584575837e-10
3.368606780892932148e-19
3.649059423945420451e-05
2.167810643383165893e-14
5.507749686333909267e-01
6.805046663315939166e-14
1.333589040702878036e-17
7.690559035931789705e-11
1.448578371730238736e-07
8.112209512778958924e+02
3.502488629230490410e-19
2.180969405437573660e-06
1.522349709899400616e-17
7.471067536144445698e-05
3.074302321408063643e-02
4.117783066883156984e+00
4.966709244048973446e-03
7.482514894325778810e-15
9.346863232925997411e-17
2.094868534940602941e-16
8.337420619737512239e-16
3.025357851662672778e-08
6.281318618118379316e-15
3.074335198340428787e-01
1.420487072419841729e-17
1.848316541415222226e-11
2.457168731920499027e+01
8.455612811660180844e-06
4.005505512961880044e+01
4.482393885454420968e+00
2.950517286018683460e+00
5.277512142708219223e+00
6.677294968334638740e-10
1.378840969925787161e-11
7.694151982825797598e-02
7.554286658468757878e+02
1.813534048557799976e-07
6.693243876155350059e-13
2.154612483084722109e-16
4.527230783138046421e-14
5.959542121335158704e+00
1.996868357819956899e-09
3.289496570293552755e-13
7.522596456671579903e-10
2.384189582548733597e+03
1.436229680077338114e-17
2.035873813193050275e-10
8.328860864605764845e-16
1.087668174678331365e-08
2.248795745714809158e-10
4.004828767318411572e-05
4.798584691717519668e+00
6.730480897263199750e-18
8.542892985037919279e-16
7.368529024880821225e+02
5.113055399740913960e-15
5.089846979709875119e-16
4.162472493650132499e+00
9.296856822164962434e-09
8.360223538800403748e-18
7.823672494859656990e-05
6.212062760484426960e-01
3.980355658806794850e+02
7.806599400127321835e-10
1.102968442205254576e+02
6.602016651178658134e-15
1.502732176084205017e-08
2.622068166995777525e-16
4.775817436430245089e-15
2.881637893444307925e-17
1.858579766974418524e-16
5.594165854010196055e-12
3.078131687064544622e+02
1.373027945610107337e-09
1.717372585199130898e-13
2.133877626519888437e+00
5.060200647159157405e+00
7.914942422030031168e-14
4.051041631137444909e+01
9.319759727854141917e-02
9.797855055950792022e-04
2.280507140958354739e+01
2.114052752331078458e-13
5.118476486824750511e-07
8.789899201276645258e-01
1.528655936363090895e+01
7.908900492538436522e-01
2.851937723520726579e-13
5.050253927180702318e-01
1.661777535761983415e+01
7.180206946852666441e-06
1.281291653423240547e-12
5.139273943633659858e-02
5.618154070041835313e-01
2.660337245019063213e-01
1.850167648186276653e-05
2.556591778486620042e-14
8.049957796891546447e-07
6.052426717089667983e-13
2.372759532842354194e-12
7.628872264875796893e-12
4.313650042861597220e-14
2.645233510487299844e-15
6.258659660160667108e-12
7.192595476881845640e-01
7.028034053222132797e-10
2.948957053461148124e-14
1.636288445389870810e-07
1.262535388530881039e-03
2.064909017314272593e-09
1.362883474909184692e-10
1.801527420364423841e-16
1.716078487195543127e-18
2.701669788111604482e-04
3.274398812990302304e+03
5.375938425363178774e-15
3.511850032635950765e-16
2.614360206650323093e+00
1.063347788039136442e-08
7.887510421521464270e-07
8.521923579096648936e-15
4.293477924031033344e-02
3.913364528497460701e-14
7.786825398029396113e-10
5.631338371787108906e-06
1.090631957761428023e-08
6.173722270791994249e-10
1.328257784786467956e-09
7.888185131962104155e-07
4.697346290871351634e-20
5.143900159845788694e-14
6.335783353723525948e-08
1.637678901116852159e-01
9.462197185722162251e-19
1.029957153520159735e-01
3.044373652462849033e-08
1.142283994385610529e-11
3.917811725881939173e-18
1.820906635688931105e-13
2.791094134443462586e-09
1.607828683730050301e+01
1.642436475330263193e+02
2.718376611394578146e-02
3.042766639409919538e-01
2.284817054134526229e-05
1.267499838116621426e-18
8.127194229557423155e-02
1.689132783080892208e+00
3.416053603921431064e-02
1.592876654856502189e-13
8.560645270309990121e-18
1.472666469293516031e-12
3.016682768401417192e-07
1.532194051308380739e-13
5.226415664337924830e-03
1.832018554410403231e-14
2.868375832735669060e-08
7.000095463068819165e-07
3.129711954168415559e+03
9.942516108046924039e-03
2.265712309077853001e-12
1.199073806985484488e-16
1.868376774260534378e-05
2.146953051031174341e-18
1.206178038243365558e+00
1.221819155777660972e-06
5.273638503647737545e-07
4.974965165648592702e-01
1.416422839881512291e-04
8.879788889235662799e-10
3.858906378451593355e-12
2.344959189309897635e-10
3.270347169790303589e-05
1.357378799625330156e-03
1.459961217037398341e-12
2.518585692578103301e-09
4.746358820260960648e-10
4.191631123183857198e+03
5.377697355524029693e-02
9.750163241539246905e-12
1.594871827258225582e-12
1.652875023643637001e-10
1.258094205750799610e-02
1.010705818911641689e-16
1.688946669815929681e+03
1.300817115380088207e-01
3.092410290013187374e-05
1.981937970957334677e-10
2.328675763537493814e-11
1.082448490087600966e-18
3.382686806156088211e-16
1.033983003588171812e+01
5.041407868205373230e-10
1.605680506295308916e-17
9.547761444656749070e+07
3.247822374392057299e+01
1.911264934258019574e-12
2.174404659777005726e-19
9.682304027508886006e-12
1.247551857242524420e+03
1.272307043247094661e-06
4.394194797433298658e-10
1.987434084976478360e-02
1.563336484860334274e-01
6.675547166886316219e+00
7.095174951100637611e-07
3.803990022965227857e-06
2.584726224866348927e-17
1.378076632460329294e-07
2.070972127219107257e-18
1.790297585626859282e-04
2.381040412588928302e+04
1.211472560247844274e-13
3.237714150299777586e-14
3.145175681863927514e-10
4.939191445492921639e-11
1.838450350551133793e-06
4.362166772556574923e-03
3.199313536055929044e-16
9.595150824181388261e-06
3.273022713867827227e-11
2.981419574868374167e-01
2.221034267035543247e-07
5.264863215235783400e+01
1.743590089063719956e-16
8.639364757385284352e-17
5.321421524995691925e+02
4.189144810919570028e-01
1.101511814557965252e+01
6.293137338338165182e-05
1.490256074073438528e-08
2.396694899660341684e-10
7.162009842831196471e-18
1.843222494057850939e-08
1.769011260178924567e-08
9.750876017643056989e-09
2.901578167572216443e-08
7.035525918219274657e-13
4.663867552814979572e-09
4.061725943147416174e-08
6.348687092998695811e-14
1.578045554214354098e-11
3.025844026705790774e-08
6.707011786372105178e+01
1.018450899464781440e-08
6.622882637024871632e-13
3.028893787630219672e-11
7.081400047730253508e-07
6.375610547417632803e-06
5.007589347542039373e-12
8.078457349462860067e-12
2.241510146317082559e-17
4.481942580381382439e-17
2.672759056787313562e-10
3.660151557587865483e-12
2.244629484933197971e-01
1.469464238525795385e-04
3.062925393436876538e-09
3.004652469860775721e-01
3.575684827568334501e-02
1.312469235857192662e-01
1.280973421060201643e-02
4.556791462333414034e-12
1.413039114562420951e-07
1.721029617182497432e-02
2.004203677943540256e-03
1.401010354026467212e+03
3.853274154821258118e-13
7.017387885700433132e-19
1.291591231954822110e-02
4.944095775768561109e-08
1.551552238030542657e-08
6.883219884939659533e-06
4.603766822610375932e-17
8.808046063575500906e-01
3.848645974708183104e+01
6.598602182018717913e-15
1.395009694961492487e-17
7.512963910245866828e+01
2.793421059274968835e-17
1.169363637233937696e-12
1.943984364673690482e-07
5.254270859848971225e-05
1.964235558985312662e-07
1.257637464476989917e-13
2.101017957113337799e-15
2.275925441541953654e-07
3.033131242333402663e-20
3.570292503980162247e-17
6.078907806594954248e-14
2.951230218128312165e-10
6.382000939935952508e-03
1.870609766862431667e-08
3.126674071112778029e-17
4.301510627874541963e-13
2.249562993148220111e-05
2.418554428098986797e+00
6.925307914697799098e-08
2.781411509298029099e-18
1.412845876347766927e-01
2.186136823606619650e+00
2.034112741061922265e-05
8.978973976311340977e+00
2.934982299663824990e-13
2.969343218276054991e-15
1.056215907480893748e+02
7.493278662108089627e-04
1.157148918773711087e-19
1.196677842620914330e-11
1.207384921081945197e-11
1.658607966973078475e-19
2.167710086046919799e-04
9.380010100766489054e-14
9.231440771256583757e-10
8.310399774357682012e-07
2.923696496914445497e-07
1.032650497291103160e-15
3.420365267328196457e-01
8.109805278675168302e-09
7.878204781621741051e-03
2.293365667048760474e-05
5.172213499532650749e-01
2.611666501122030754e-11
5.662526487356867722e-11
3.535058721751184768e-18
1.644202215266060194e-20
2.449955785684251703e-06
5.387081084080750588e+04
1.027276147538177782e-04
6.178536198266841880e-19
7.972626284996670965e-18
6.196422483648133501e-12
2.462025378402612043e-05
6.239328638565231131e+02
3.724033751990363933e-03
6.694713595152695169e-14
4.324230601845813537e-12
1.795367736099470083e-10
2.544926429082958845e-18
1.009954876600651980e-12
3.761996605317686715e+01
8.487233503233099049e-18
3.828101789087751641e-14
2.448587879450286075e-13
3.241990261005885277e+00
4.454198161700690450e-16
3.018101252813573500e-07
1.175825698811097775e+00
1.317585195951615959e-04
4.852305192270953125e-11
9.727624549079529542e-16
5.024569692061607136e-06
1.393008738477646009e-14
2.083535686852349810e-03
2.779044994584825447e-08
6.819034484687025834e-04
9.716469958980182218e-17
6.857888188875494626e-11
3.726465814079471849e-14
3.919837537791064909e-18
1.569655602669462474e-17
1.609398657145185437e-10
4.880557215912160379e-12
4.833485719186063761e+03
6.288294767924989918e-03
5.051783717822954104e-06
1.256771012702660908e-06
1.742465268373726833e-09
5.962754070813324557e-10
3.259627163736562494e+01
6.557376332345100791e-16
1.026723376370371632e+01
1.130605945294001046e-13
6.517850835041579558e+03
2.911767367066614388e-08
2.253806561741535938e-16
3.221165309857894667e-13
1.085797639228416547e-16
2.222522513876976120e+02
3.506113333836415033e-08
9.652486791939957067e-02
3.223936895595041299e-19
3.366080609287041799e-07
8.376817235909312237e-17
1.018410797455537601e-15
3.288486326180380428e-12
8.957416015135612142e+00
3.584146581445381639e-17
3.284688745926264003e-02
1.501940076219316023e+00
1.321843684852321257e-11
2.004266738462358310e-02
1.481091953358933759e-16
3.840247971780221675e-02
9.296894286514345224e-17
8.998315415099083381e-07
2.347409904983257824e-20
2.397439905065807822e-07
4.781621367799155124e-05
2.890754317583451445e-07
6.411973036137586845e+00
3.432201377866518332e-18
6.963122865854398924e+01
1.569549270579973316e-16
6.983695656742471229e-09
1.626128707623600567e-01
9.996226025374202929e-18
2.187308524721545231e-13
8.162888693977100336e-18
1.561289122548640889e-17
6.198582653050879188e-01
2.293238420929627504e-12
4.509216637796357571e-06
3.470995987247280254e+02
4.105852738238587151e-18
2.742933732816026948e-16
6.549394755785594828e-14
2.601584996415701163e-12
1.649903117383038827e-14
1.526269018806476918e+00
2.692391220849425504e-01
1.246976343251887338e-13
5.851705961201576657e-13
6.384847595798852637e-01
1.434001640961434415e-05
4.006029366475747246e-11
6.344529797043063090e-18
1.968691038098023947e-10
3.973533969416614742e+00
2.302586482894203922e-11
4.383365604255360803e-12
3.371213497755307209e+00
1.296196343204044421e+00
1.867089563002297139e-05
4.215596977355256113e-15
2.172519053310754134e-17
3.439142164855151683e-10
1.975295538852570504e-06
3.826465392459042755e-18
1.193460978487173740e+01
4.593781508419219867e-13
5.280305734634857727e-08
4.421434191075802093e-12
2.675825839367543812e-01
1.903405022605670441e-17
1.453147791432671738e+02
3.857719900636902719e-07
5.701256612943589767e-11
1.145341715209206006e-07
3.459803962607694547e-07
8.803768586557222813e-08
2.514735643148501921e-12
2.051685146549883480e-03
4.621791128317331680e-03
2.360659257318595879e-05
1.062332493907957996e-05
1.691705033844017159e+00
6.602064312509284012e-04
3.659385164395891785e-09
1.237538661838879423e-16
1.367810438864210243e-05
1.789318867661730456e-12
2.736695468999260629e+04
1.357684700386052587e-05
8.069957864812387527e+00
6.400154923952134387e-18
2.072254964240219710e+00
3.628772246949105079e-08
2.575405637304943842e-05
3.246646612471137276e-18
4.954392546268046971e+01
2.819863618385848367e-16
4.305788658392528048e-12
4.736602108022715855e-07
7.477954768776151335e-05
3.167430396550853496e-11
7.397476391573635235e-01
5.691149928940516324e-17
8.053498213239980866e-18
1.447263622033670982e+00
4.852489780553086330e-12
9.780246352003794095e-05
5.019226338780041895e-14
9.668699050050389153e-06
7.494496159341164976e+00
5.106818722046098532e-08
4.974224655502479135e-07
1.759978762505595815e-04
1.322241985179762217e-08
8.048829157039968235e-04
4.553030230636075787e-03
9.346335602620032737e-07
1.285447742643318634e+02
3.151284002250148708e-02
6.695519582397408964e-01
1.026162190990962959e-04
5.561483063491943213e+00
1.714487174093758985e-09
3.919581791020200967e+01
2.039070278750093479e+01
9.666440751118609901e-16
1.003050388427778883e-01
3.872408759222143694e-13
5.560796838283168952e+00
2.339843697256853616e+01
1.092515335986431501e-19
4.539667270361460844e-13
1.443970313095082446e-14
8.246626586013573501e+01
4.005301271309295707e-15
5.995875751524074972e-17
1.363431982742829422e-09
5.726998602334421501e-10
2.010897307702646929e-08
8.265765856527792550e-18
2.080468951267327338e+00
1.233787065905817066e-07
3.468547599110343447e-13
1.479910096178676769e-18
3.482769293972128821e+02
9.061751106387123159e-07
1.652668145423449189e-13
3.047639839434223913e-08
2.190119572318285748e+02
8.078498450588920605e+03
1.022492505433175884e-05
5.271791777162569822e-04
2.434375920948501915e-02
2.356349869284052924e-07
3.037464996309772736e-01
7.189783229305997682e-18
1.689866857351167324e-07
3.121438341681090196e-15
1.743164325522171685e-13
6.214933833883462240e-04
2.824118424871203405e-05
3.964447512375094228e-06
1.454112378513863995e-15
1.367808542356212151e-09
3.606189053595327376e+00
4.191247002475343209e+00
4.133398955064517964e-05
8.607838031078927921e-02
1.838216834023974607e-17
1.045708132390946100e-14
3.798354027980310024e-19
3.363532967911490612e-09
1.969601546354020684e+03
3.486915753120071835e-08
3.243838930274862054e-18
2.869072113871822913e-16
7.116672690368940770e-17
7.689251268184897819e-08
1.218752407665081671e-12
8.574657718323354105e-01
4.037845460696385544e+03
3.208491717937798885e-12
1.848468904072247483e-19
3.702723390151185985e-04
5.615150384229319336e+00
1.573235546514329455e-16
2.258968906823109943e-20
2.248845734762762546e-06
1.672320883811955522e-06
5.157503419435473509e-08
7.597127538650472479e-16
3.735201357039066744e-12
1.116302282948737361e-08
5.448463533337137843e-01
1.191799081125212336e-09
5.157435281201803489e-17
5.112556681255902922e-17
1.109605356764988265e-14
6.127235658288606146e+01
3.597501119929559412e-05
1.166793373434046097e-05
1.159949841618891147e-06
1.813537257162380194e-09
1.859207542183658303e-06
9.538716731895805034e-15
1.482647081490760580e-13
3.396283420950344321e-17
3.161673832284755448e-08
1.458487920086678969e+04
3.032145956770039043e-03
2.747422265035603232e+03
1.433232520062917015e+00
8.763935748348761185e-12
5.072402923092081459e-14
8.178969041606675676e-18
1.097261061036054579e-02
8.153878616821489041e-10
1.678252955591714915e-10
5.973098033012649930e-13
1.887615349752594561e-05
1.568365109074473731e-07
4.761898312245521083e+02
5.547971125514513345e-03
7.858105527817546169e-08
2.017884279642379042e+00
2.710288860736793382e+01
3.050590469687603386e-11
3.569777751475510658e-02
1.988687906511763724e-10
6.124730473291533528e+00
4.089291279488060406e-03
2.224712789739282048e-14
2.420069797927354571e+01
1.932771145950605996e-04
2.296335313417165125e+00
7.344994143998834302e-13
1.072584718346849780e-15
1.733688954946061036e-09
1.458954060227989569e+00
6.702113399564293104e-04
9.167613964636282944e-08
1.826485776393826696e-09
5.216156035760920705e-03
8.074506599332429568e-16
5.655770651282498312e-02
1.018078566442938565e-12
6.307063585134464223e-15
4.618888483394470429e-07
3.062873933743525612e+01
5.538928312111550712e-18
7.337497104523584677e-09
4.733311654142284880e-14
2.193764893385399321e-05
9.924626232240849722e-15
1.358441390253891761e-18
1.897359058074453148e-15
3.939427690991800546e+01
4.968543578827183542e-13
3.538468098188538659e-13
3.152735328301235849e-03
3.686972379496809893e+00
6.733165006018242794e-11
2.979976808884392652e-15
8.002183623677272287e-15
1.601289466144910421e-17
1.390777225234543933e-09
5.628610650171433200e-20
3.740366602664555558e+03
8.442300078454019639e-19
1.490236503255997391e+01
9.230289683237533521e-14
1.351612223189413158e-08
9.802084385731109961e+00
7.926517601117781097e-04
4.985832133450296446e-06
7.155551359324947243e-07
1.102425403899952881e-15
6.980263468138674376e-01
1.877596371485522842e+10
4.117746827863732584e+00
1.884325606329765573e-12
1.570322502614304523e-07
1.174980992545496397e-04
7.264204384524196364e-07
7.755720791126431528e-03
1.218791343887669094e-03
2.443814092082941557e-06
1.671010939304043674e+01
3.092582502555971047e-18
3.348453311138050583e-15
6.203547146183563590e-07
1.025744277756182576e+01
1.538239809346392523e-09
1.688424275987329537e+01
3.974335493474994587e-11
3.184178663741656923e-01
2.438858150909775136e-18
9.990170052457275170e-17
8.719439814030796827e-18
3.787017002781436936e+00
1.272126657709344614e-18
3.318957025431095274e-09
7.509944946520744893e-12
3.216420740491055370e-08
1.137797305865886066e-01
6.604160546533814795e+02
1.000657416145973786e-13
1.495691663301927932e-01
1.748333541656374786e-18
8.962652465257051578e-11
1.553623851446257195e-07
1.659564977187587378e-06
5.960523410243902497e-08
4.843228166327637149e-17
8.415758781362234642e-04
5.103011127603016982e-05
5.636029395592555780e+00
5.905557520149683936e-08
2.404914410236991920e-08
2.614973938028738871e+02
3.539619624644293424e-09
6.857427659204635686e-12
1.270993203557694018e-01
1.621741129829590735e-14
2.378235122917151326e-12
4.614758801436021685e+01
4.946247316495691848e+01
4.653337894963965882e-01
4.554763856596862445e-19
1.131557653490948116e-14
5.880686731728491105e-14
1.203787959297310326e-09
4.558327433565461320e-18
6.767892080595233040e+01
1.482961636560252922e-15
9.459009251860864484e-16
2.204466948274325091e+02
1.049950263131055606e-01
2.496088738238587637e-05
3.150023702123944835e-17
2.975566003695570885e+02
5.343832884440316612e-20
2.054002144312469177e-03
8.033264523672735668e-08
3.995707644874925677e+02
8.093564551458744916e+01
1.267610569366533238e-06
2.084947786365478173e+00
3.120634397374486243e-12
3.281467376103411228e-13
1.430181487449991137e-13
1.118716856298760974e-10
9.119223874591027290e-03
4.420600531945792671e-10
2.280653360053736025e-06
7.142191424063842248e-20
7.589491878365201179e-03
3.621391927208682091e+02
6.209587337758401895e-03
8.777576909724723819e+00
1.656024628016995609e-10
6.702644608166382786e-19
3.570720567729429246e-13
9.782854868536289574e-12
1.316177485887494715e-12
2.269240510046607870e-18
1.675779076963852816e-12
8.606789029179278255e-10
2.795803097167234895e-06
2.525073653584586755e-14
1.862041362510094966e-19
1.152764644261673663e-05
3.859707679206925154e-06
1.923530013411026141e-01
9.034841941598144951e-10
2.311410877806505670e-01
4.178639057775341280e-10
2.763697318941429979e-04
5.426334995456431995e-19
6.410804353042918011e-11
6.500204495317487738e-20
3.731419227703801634e-10
2.838756667920453945e-07
7.481500875307570001e-04
4.039131642665820358e-03
1.420172410202387551e-14
1.504472472582522258e+00
2.088977960091000568e+03
8.353684970374140872e-02
4.647718507212224705e-04
7.561999783053958895e-06
1.759927838856894643e-10
9.102458616495507471e+00
2.833342952439792476e-17
1.129738634189648100e-15
5.785725442431117010e-06
4.220300353488476735e-16
6.551815431750478249e-06
1.342025017911346134e-12
1.681071784005203238e-11
3.809244582453715360e-13
1.746502900664245606e-08
1.746087212703521921e-16
4.471886284882807936e-07
1.037919885147812537e-05
9.365024367341771333e-07
1.692320319912168445e-10
1.799715152042601310e-10
5.333473168920215522e-03
3.714063082018423378e-15
3.310101242980881597e+00
8.656179652021254283e-18
1.343490057488572507e-19
1.665318258673614173e-14
1.324532683709545796e-06
5.674687731385355535e-13
3.974690347021136400e-17
3.089746064413403474e+03
3.915097619493229262e-05
8.580444862509250407e-11
1.069434197311939168e-13
2.405378264035730381e-13
1.774237970571753142e-01
5.954440564028609515e+02
2.577893326047112878e-06
2.623277434288122478e+01
6.888629324516951158e+01
3.076835103729409991e-18
2.818136274003864234e-10
3.269589273285727342e-13
1.565338638136363398e-19
1.267043509000720814e-11
3.253881184337927892e-16
8.301367849293392194e-08
1.578533980122846792e-02
8.937204741334534225e-16
2.500597922455682820e+01
1.685775344481884024e-03
1.561781605591344112e-13
1.187500124851241827e-08
2.467258562471379264e+02
1.251058542408630550e-09
5.610862574916538826e-13
3.776253097032109833e-19
1.603676764777224659e-07
5.665553594444318151e+02
1.474918413185350385e-09
2.621008283953202067e+01
2.498677825325616964e-07
8.622951564208138083e-13
1.859024371554551525e-01
8.881039455473239772e-16
8.942325003816135620e+01
2.036221871744339535e-10
2.145887236478732320e-11
4.728262253569520012e-05
3.273848818990383297e+06
2.554767906054686028e-03
2.024086288890829088e+00
5.493453998375108657e-10
2.105024958263245423e-06
2.282647357723602853e-17
2.423440462212381012e-03
7.697366134986082706e-15
2.778538125067973830e-13
6.750060521484646295e-13
3.308977511233993115e-06
1.747972960295104623e-16
4.695802790954564108e-08
3.533940133685537505e-10
6.631462452490654217e-20
2.994273069602605641e+00
4.919437283023396221e-10
1.630694818625083897e+01
5.244182932059721863e-11
1.027780486967077548e-13
1.365213331227437508e-03
8.126485770390488514e-03
1.189376949581363873e-08
1.153486507181533116e-01
4.191367056190372979e-12
4.010187914433884764e-18
1.660242223010256757e-02
1.214467796065632541e+02
4.213086690789273057e-17
1.562815359530245310e-14
1.185685671523070100e-06
7.875479812317059830e-10
3.848699527540229513e-03
6.192782848878535973e-12
5.950035016245449615e-01
1.045640175713910547e-02
6.527006688085022681e-07
2.026382233691948203e-17
1.077935289379524098e-01
4.339080349157730972e-10
1.658901702066984253e-04
7.656001877991733817e-01
4.231519386717537401e+01
2.283030193943331909e+01
5.418742208627091941e+02
5.076675967342599043e-14
1.004552334336255538e-06
3.343270185373024450e+00
2.051318688356304413e-19
1.073991183067640551e-15
1.554979664337140470e-17
1.675136241515092937e-16
4.350386704769160706e-04
1.609019669260217710e-09
8.613684737295469462e-01
3.244567108966762916e-14
1.213708928421814326e+00
2.228002888408012041e+03
1.942426417378090341e-03
4.248615430681608824e-06
1.342191632812912775e-13
1.085723663804339871e-05
1.840236053433531942e-13
9.263188391428057390e-17
2.708839780349807150e-16
7.474306738632219282e-02
1.610804843474798320e-14
2.839098981142969431e-19
8.067509992414298611e-20
9.508876841571076048e-18
1.322680894571527871e-03
8.166570174226556258e-18
4.647482808332636700e-04
1.101216089862123213e-17
4.246570046531977778e-19
4.846532289316170076e-09
7.719069201131756034e-13
8.523898029293664955e-03
9.862237898059679640e-12
2.271043892732472758e-01
1.091466096242432250e-17
2.277179129621969109e-12
1.711524613517826412e-15
2.526534956288943135e-10
1.499289305855872351e-14
1.721888610336456570e-08
3.028065367284674176e-12
5.184046917623833472e-15
3.954597659368037390e-07
1.683093759227721562e-12
6.194458717702659811e+01
4.912312632076747251e-09
6.565763102679618999e-04
8.627060916509291319e-06
4.048080227324631153e+01
6.487193712781826223e-03
1.461810393781102309e-04
6.163991605730652188e-14
1.840831767961311355e-08
1.366382941349285906e-05
2.757714323852071558e+01
2.578946357334445383e-02
8.311911489741019659e-16
1.647243486433968512e-13
1.349895693126815456e-16
6.968852094490090021e-01
3.089015457202687831e-06
1.147733035967845297e-05
4.064789514190004209e-06
7.267862325363386720e-05
1.162447971714484647e-17
4.751475021555443204e-08
2.028619674888109542e-03
7.182520499847737848e-10
1.218563972245009748e-19
4.238131953947442021e+00
1.169900859594516250e-11
7.248282779570402578e-04
7.391289324456015196e-18
5.464910370223024844e-14
2.160016262767678122e-04
9.980302038893301229e-16
2.143468292459801076e-10
2.576635139625717667e-17
2.288948084399700886e-17
2.848935914336059705e-17
3.429739363674737258e-06
1.375018686678195235e-12
2.275310934278722237e-05
2.141489472822044449e-11
1.731722889712879535e-03
1.786784867703440327e-17
1.670876857104936650e-12
2.071458662324052458e-01
3.715941457987722138e-12
5.771642737968674908e+01
3.315182955677360700e-12
1.859000570228247070e-05
4.351907271828431512e+00
4.486528593793199858e-20
7.094242572498238904e-08
8.343830462725260969e-07
2.037984169650534749e+00
1.654979360223217221e-10
3.125495596377666985e+01
4.017582747809227850e-16
5.606200621391311395e-02
1.216656630101313947e-15
7.289602709942332170e-01
4.848094033107984677e-13
1.319386571219486617e-04
6.147871922839276197e-18
8.887396828543413099e-14
3.189577637121545672e-19
3.105661477677313514e-02
4.282119222744736217e-11
1.516284715308000486e+01
2.950300711070909804e-20
1.424247587343460868e-15
1.294482946550401623e-12
3.845267425505194323e-07
3.519420787501644998e+00
6.398387409889472188e+00
8.096678605916031446e-02
3.095840334967279837e-05
6.549902828758187270e-17
3.635678342955016870e-14
3.207060044573010194e-01
1.603205892546755497e-09
7.591058092001649135e-08
2.459942963926848398e-05
1.243354253405711148e-10
1.547148756222411264e-05
1.103786033143893709e-02
1.865940590230789070e-07
3.926361393940684674e-02
9.656034142713264355e-06
7.791821106952172417e-18
1.510008328017860918e-15
6.065704502070560086e-09
2.121200459402459591e-08
2.302395578117711616e-01
2.388982744512051584e-16
4.503985441547979363e-02
9.789479897740677677e-13
2.660367400701402901e-02
5.185182196110424977e-04
9.472331225557669845e-16
5.462685828152374040e-11
6.741599723569133111e-15
2.958799071512670177e-11
8.583146994523805638e-08
4.677283033262108375e-19
1.986605099303589299e-18
3.786646997122350944e-16
1.054328074059303691e-02
4.806694526064801283e-16
1.307075335071520561e-12
1.875492433346555299e-02
7.518137196499991015e-03
8.490306230655429471e-05
7.343922986318265683e-04
2.405599879800791700e-03
5.774993809900037078e+00
9.712529375184455785e-08
1.235758702297575368e-01
3.313042699500223341e-11
2.700211185139560488e-01
3.523795661441022649e-15
1.181410155966858667e-09
1.452243889001455380e-09
5.870865567866001077e-13
2.636580550429710865e-17
1.046054882453289180e-07
3.312127362247228380e-16
1.812023107796004357e-19
1.222996981886214785e-09
1.667308442996952374e-10
1.815567937228907032e-11
6.437649015857984856e-14
1.622430190882817181e-15
6.351086256464553261e-09
1.183019696508180658e+02
9.259152284567799143e+02
2.913006450855692999e-19
7.875105244275111050e-11
8.686574394412065915e-13
9.285057239790002311e-12
7.285327385461559442e-08
1.127116525902972436e-13
1.947199794875535799e-16
3.028860609665667762e-11
6.049158447862254900e-20
4.274095979677196766e+01
8.943094558942078268e-15
9.257437645018357824e-05
6.371638549516469539e+03
3.241321271276312865e-01
1.639214332384981709e-14
5.827138174955670054e-17
4.539161220747043806e-07
9.160738427883503665e-15
3.245253961040878577e-05
7.204919683649346231e-05
2.060942677443370661e-08
9.618071209437369764e-13
7.405585777928924441e-18
5.448190670546458669e+00
1.971628746840542616e-14
1.278338454897777001e-16
3.237313844800954212e-08
1.883958697906756491e-12
7.330550245036072858e-18
3.062689454334406491e+01
6.200330350528816312e-15
8.569506382775432546e-07
5.177035699379284395e-16
1.988543658103067173e+03
1.254877212989706337e+00
3.689810295348213733e-03
1.089703628959684382e-05
2.549984401024711909e-13
8.554480356547562797e-13
3.583051063994524110e+00
1.752433576580063634e-13
1.677064505165805963e+00
5.396836569743567601e-12
5.067143351697865910e+03
4.177825705963655691e-16
2.700912706598363779e-03
1.604404405405982814e+01
2.169129825687322181e-07
6.929264926549306980e-03
1.551152060699131680e-14
1.251352671527977053e-09
1.194240664576163067e-04
2.079264259781708020e-04
5.184014551284526112e-05
2.132667637116153967e-18
1.645943886352123094e-12
1.220597652371780994e-12
8.055729363551081192e-05
1.176525155619761063e-21
3.795286686517246991e-09
5.236574031874298152e-01
5.801712109181672052e-03
4.186289035674134686e-12
3.270892608281195657e-01
1.621831817981690503e-05
1.102400261804409531e+00
5.729141325120610251e-01
5.004079280483415465e-11
6.945909316940917253e-05
3.360657223770997604e+01
1.285543481941405162e+02
3.314533983949618242e-11
4.242065158091027613e-17
3.130490185335796095e-05
1.436575874130138721e-13
1.590375348175946611e-10
1.430172150255892673e-18
1.603308473317478756e-04
2.886876507284261035e-18
4.275830068214872917e-13
2.368747375573528681e-09
7.460653689833399049e+00
2.210595267045009393e+02
3.129476135559416872e-08
2.184151666972644957e-06
3.889535022121503038e-01
1.622821357716999574e-16
1.272569924565745969e-01
1.842077923715086976e-12
5.277487327990250274e-12
8.782065757901005785e-12
5.227382122761864283e-07
1.766111760403500480e-12
1.588392080659357888e-19
2.281778368275744651e+00
8.330639443438989597e-13
6.185986026728989451e+00
7.287792264035965673e+01
4.377032123596722094e-11
2.195039905594456007e-04
5.873071058481202390e-11
9.961581452523779955e-05
2.014851066628805539e-05
6.560812982655552566e-10
3.041585415774633334e-04
4.978051708761739251e-20
3.124072798875018704e-18
1.111283241598962412e+01
3.544961191135412548e+01
2.881254397848310909e-15
2.694419723282024715e-14
5.042927908335059078e-03
5.720048511968837437e-19
6.452164158406381648e-09
4.035493656915646454e+01
3.389533915837882090e-17
3.389143101621594489e-01
1.282362434694664530e-20
2.462878153885003606e-18
3.393323949156965114e+02
2.781234336943013905e-02
2.239623962423521592e-18
6.850553148538926387e-06
4.602761238742798611e+01
2.121369489066301029e-17
7.658103045514909667e-09
8.268633399050288517e+02
6.723221841002874957e-17
6.350659168118089580e-04
3.269079813632585661e-05
5.450771535685030123e-18
3.753408384042876689e-01
2.746182185845782611e-11
1.130625390267693987e-12
9.395878150043098166e-17
1.022448031142760895e-18
7.927306168189829325e-14
4.626532740380586567e-02
7.048631215404562729e-08
4.565906024864685264e+01
2.708244761424648262e-10
9.695179431283001660e-20
1.824620226122224545e-14
1.764613923640988638e-02
4.639854888333406757e-01
7.491371812005504778e-13
2.225569976822944227e+03
3.661397277601026282e-07
1.335404958971737194e-03
8.047249558562776883e+02
7.514661366352611488e-10
8.304588285637359846e-01
1.655088930710528038e-15
6.103715155225473599e-13
6.055961136252825294e-20
9.633307693817501161e+01
6.381677247677791132e-18
7.305981896769075362e-13
1.557549113607840424e-11
1.230022497656372982e-07
2.995592831890941069e-08
2.128076436950157242e-20
4.411331212258073009e+00
5.287777859533530120e-08
8.957883568931036750e-16
3.354157266139472341e-18
2.134381699589550652e-02
4.658232561016822812e-11
7.535196715272676649e+00
6.197931736648408678e-16
3.750767598251132288e-13
5.817372100836071553e-11
5.757130921702520754e-16
1.135280530418781488e-05
1.783847341431681055e-02
1.548806257486417870e+00
3.611625354905241167e-20
3.005163118091690384e-17
8.524848617035199684e-08
3.020797503395759363e-12
4.394719933115958798e-05
1.082935833411358853e-18
8.199867576083298608e-16
1.839817356548117521e-03
1.201331585305425901e-17
3.502502035385357308e-11
5.199573859895299731e-06
8.906058691275146089e+01
1.644639288028255097e-01
3.509246305010311671e-11
1.445134633022146318e+02
9.919520512536805801e-17
6.371202176369760587e-09
5.254424898951565994e-09
8.125557026912770889e-04
6.351578489658704654e-09
6.504611138133520456e-18
1.796131150792540404e-12
2.092886276109911403e+00
1.013244941560966431e-13
9.478934318730903391e-09
1.000100878786078613e-15
2.086730968712409678e-04
1.048619625395998054e-15
4.080335934564598172e-13
1.719400567862703895e+02
1.405999915747771365e-10
2.500054303995200866e-12
1.697581821968234083e-13
1.204873642185737150e-14
1.007336607681690956e-11
6.631511125481045710e+00
2.422911724693442006e-04
2.609537221788976364e-13
1.608118894369330064e+03
8.694147564885405389e-12
6.716161107178165791e-19
2.336100484979750086e-15
4.052657930645628076e-20
1.219246023362306391e-12
3.008646135884507002e-06
1.234887816339400313e-01
1.129362614956714849e-07
4.198974043678734169e+00
1.697547458463855357e-16
5.381571724710035198e+00
1.119137090126065188e-14
3.464707261123131739e-12
4.265585339446149038e-01
3.976720707462027917e+02
9.738290714772803240e-12
3.001243584068401498e-09
1.878311777982180078e+13
8.797278641149087752e-01
3.639815153735750819e+00
2.615641338107687745e-18
3.419494783324709378e-04
2.143432954635379176e-04
1.672287828542580041e-07
4.270256957968101815e-04
1.302386719725687233e-05
2.714044664271481988e-04
2.723855674092403589e+00
6.708661364497441974e-06
9.411689062513081794e+00
2.955238931790687973e-01
2.216382934939335699e-18
4.111485859706238999e-12
6.944599340384340967e-12
6.378864235698351870e-02
2.305081816448493429e-10
9.529840180225887385e-15
1.340211979565133848e-13
3.150097745891947731e-16
6.727667543951541703e-08
1.137719878386023904e-12
2.171951806773506188e+00
2.992029166294057669e-19
2.432085064083349688e-16
1.164544160450558345e-06
5.266947628528169831e-06
2.784580976860134205e-10
1.397406389837502122e-11
1.105367660974675987e-15
1.130898725809786762e-09
1.869558831201877611e-11
9.434015344763320779e-04
8.688624298947302922e-20
1.324797623841456622e-13
1.039598872188903071e-17
4.541652437909112032e-08
9.445697109785552979e+09
6.613158800235946444e+01
3.885098506405003566e-04
1.459805913851151107e-07
4.076196266192003866e-16
4.358208614510525390e-04
2.390089076907915657e-08
4.791362469502548989e-07
1.995125100766922594e-17
1.772304702964379430e+01
7.018975908850173528e-01
2.113125768374942758e-07
1.028074552231364883e+07
7.972361509663050317e-18
1.293472399210455163e-17
3.570352467324679422e-08
2.176904134927685493e-15
2.223642340368053578e-04
5.038801206392580434e-19
7.565492663932454889e+02
2.259523498695205912e-01
6.553749324786176672e-12
8.393453889317595876e-13
5.550070697410027461e-09
1.135555879000139468e-18
1.962941829168406863e-15
2.258354291538431909e-09
2.895013645096113447e-16
1.854328084924645087e-06
2.953667558963103414e-12
1.377393751785749837e-18
8.967503939642032527e-18
1.039706733331085126e-01
4.232524363739059625e-13
1.374103981550009294e-18
7.706416102114733990e-02
9.235699274565449535e-02
1.824552639810035503e-21
4.620213260215648837e-11
4.176070007994539695e-16
4.720007262705361960e-12
1.102532669177004959e-07
4.726271571274521754e-07
1.595885340116973783e-06
4.661170756662634461e-06
9.609376756285945476e+01
6.324336578141311060e-02
4.327006703187678089e-12
1.532795276531468632e-11
2.260566450301926622e+01
1.757957141384046642e-16
2.002699176630459125e-08
4.371786896527448252e-12
1.634739375594288902e+02
8.854376285235747088e-03
2.014768223851736567e-02
2.956504394487270313e-04
2.566614305143933052e+03
1.649749464315526953e-12
3.826074571743729891e+00
3.713095386611242863e-13
3.513819077966835014e+00
8.584899024619047081e-02
2.094668804617073697e-17
7.626387434656388688e-19
2.159993947680658555e-06
1.474171463988818102e-03
8.909678794795456904e-13
3.339922141407041076e-04
3.668274232246581571e-07
7.607374807098613925e-14
1.272159151665206685e-18
8.118089982010470163e-01
1.135971292701374215e-19
5.570962429343677691e+00
1.810733574953026503e-01
5.614189969659840256e-07
4.930461890240963839e+03
4.761597573761185766e-08
4.569057006028666434e-02
1.091701831333367727e-02
3.807444129431143270e-12
6.980007518509401621e+01
1.785615032449913264e-11
8.000662723690708331e-20
4.096624443919958057e-12
1.794578604241459077e-12
1.019426847825490789e-17
2.590332670359568724e-12
2.946180400883322648e+01
2.178264843849654533e-13
2.648624905365913780e-03
2.253912521380893332e-11
1.343590744302845054e-05
2.231699596238609864e-15
3.481626062731048581e-04
4.050004867915509487e-04
8.439188485293558983e+01
8.511779795119698289e-01
1.939066433757079014e-17
1.303706768867871939e-14
2.145280056836450233e-02
3.185922779661943591e-13
9.394096620292984368e-09
1.181636301948843920e-01
5.646994563773862552e+01
5.993917189394961108e-18
4.516158163581257545e-01
2.447301438924837807e-04
1.984090158341195318e-06
1.760924384051131345e-07
1.156576875623084755e+00
1.696817793375671664e-13
1.665783205024762879e+02
5.913594147627434378e-02
1.472042618495565947e-01
4.752024990559957001e-12
2.355345081067056071e-04
1.027833365686847992e-16
2.469148245829416721e-01
1.212601296538280291e-09
3.576615388373102970e-10
2.931562790945528008e+01
2.882208554398985306e-03
2.448042334552140127e-14
9.345762691023893245e-10
4.718043590713905509e-10
4.053539436790066369e-02
3.212743089798790752e-01
1.577051019710643320e+00
1.381273030200711805e-04
9.140319298415640337e-03
8.920277434051360199e-02
1.285341482882440976e-10
1.228285242664953469e-07
2.678393498810765686e-11
5.761562684293843967e-06
3.340173914758715264e-11
1.800408963506717631e-08
1.490061402481764508e-09
9.240471959071214605e-10
2.867189546463169592e+00
1.143432540239575697e-14
5.128965504097792660e+01
1.087283528751924353e-19
9.594793412085862405e-17
1.541816230244860208e+03
2.739569029516316541e-07
1.083519691637871153e-14
3.862095325105886532e-08
4.234808276040013197e+00
5.031009979062800799e-03
3.775158715159007812e-07
1.839975594738097950e-02
1.576557201329007225e-09
7.754214725707876456e-14
7.839011998640031287e+00
1.162956851019688749e-16
2.987490410245891709e-02
2.332141363092050382e-16
3.608473612993973786e-04
4.007022314706134577e-17
1.729560681721819846e-13
2.601753572427744923e-09
2.025747384377443033e-02
5.348375232625998343e+00
5.248949889913416544e-02
6.563001600927882428e+00
3.283669549597231351e-03
1.020438169905544734e-11
3.082041556487136736e-08
5.663485919246745216e-09
2.067711986765746417e+02
2.616381247685745913e-07
1.446339647498754335e-11
9.493123344174112898e-07
1.031355761105153022e-14
1.162605196419986608e-09
1.551495873638261401e+03
4.440480196201512626e+03
1.715180884467985445e+00
1.990161837070074102e-01
9.586888559384689671e-10
1.100559624824274696e-18
1.649908425643226817e+00
2.811529483463348633e+00
5.051619861592881617e-09
1.182912249587667676e-10
5.073001862967595906e-08
6.854016540611048640e+02
1.113620724283491958e-01
5.903697410525953728e+02
1.045716070702893470e-09
2.543493515236543863e-06
1.041915534790952915e-12
6.164536442046151785e-15
8.707479231498924666e-01
1.716008376836064569e-06
4.805810535276985320e+03
1.170321816383091654e-16
1.792002897444145987e+06
8.718184170713272200e-10
2.953157191548911320e-01
3.087247316578990208e+01
1.988850219234419567e-14
2.523373355469965924e-06
1.404452575265031249e-20
6.692660958020741674e-15
1.691879659959477227e-18
2.386570465393613321e-19
2.982716482905553926e-02
1.820718528761438979e-08
5.088334386489058963e-16
8.972015799654641451e-10
1.992029037801168120e-02
8.449146194064373563e-10
3.562233949889040700e-08
4.334058095052842254e-15
2.802793296347670946e-13
2.701116977137713569e-13
6.820217418679725113e-05
2.640386451778223967e-05
1.580151932654321278e+01
8.994126952141048794e-13
2.199913308876203302e-02
9.693875841073479242e-07
3.517949716116425686e-05
4.965865034131681132e-11
2.407784006772502533e-04
2.675151451906766470e-16
2.009333581735887111e-06
4.253674049676779076e-09
2.214853523980745074e-12
6.155633036064021960e-13
1.032450060777797329e+00
2.309763643559672063e-14
1.195810685277277998e-18
3.085149850179381820e-12
2.948049246932931105e-19
3.082402299839246479e-09
2.932984990192810323e-02
7.955201634399849793e-09
1.233624683236707920e-11
1.760511751153207103e-03
2.778358265353825430e-17
7.311944684744388212e+01
3.624277474899298214e-15
1.489509624755086971e-18
2.888857740669006538e-17
4.397330031127166336e-06
4.692153113905285726e-11
2.380971785150663436e+03
1.470176496662732095e-13
7.378394171520029410e+00
5.950491866478398450e-20
1.268512765720335972e-19
2.188706774352180862e+00
2.330445905373294665e-13
2.506599169743135507e-14
8.454996133309069261e-19
3.259523891773424917e-04
5.557419778979586063e-16
1.248967934550242243e-18
4.645998893667760016e-19
1.390684924612645239e-05
9.471515277772267261e-12
3.214533135077158547e-03
1.215394392585225741e-12
2.934649282617717368e-09
6.826646994925550382e-01
8.562504001022159758e-05
1.083593364188353727e-04
1.649946811454703344e+00
2.514045975882955530e-05
9.884027614510766954e-07
8.635700239134477200e-05
4.261132232588106945e-05
6.482253103506309410e-10
1.206542346795718686e+03
6.197806185765178388e-02
9.468523125450557563e-07
6.713973169191369931e-11
8.334005375991573105e-19
5.355225698774653806e-07
3.168021196097045634e-10
1.283733073010393799e-01
6.888318277224761014e-20
6.071840296215487598e+00
1.042602737331563048e+03
2.293718295349854642e-14
3.088987918575784760e-09
3.424417311951558681e-03
7.605248742806266628e-09
3.892530535330899194e-20
4.319990220922342874e-13
3.581840798684345073e-02
1.978466059280949822e-06
1.952699577394270344e-02
5.264268418321613185e-02
1.081593321007721310e-08
7.549595207197199898e+02
3.287459882473830469e-06
1.617835227162052157e-07
6.443698435607314090e-09
6.950696675924099793e-15
1.278206355080666083e-13
2.006162524206842946e-04
5.572771273222151434e-11
1.513292639983138739e-11
6.084697377772705100e-19
2.250720648477079217e-04
2.398287920964062151e-04
5.190333741794569329e-08
2.278747994442985814e+00
3.691830764339593465e-03
1.313440076013909596e+01
2.472076677862180191e-05
1.240019970790814802e-01
7.750971135824502191e-14
1.289242935294088177e+01
6.573282201669482241e-09
1.505779946923312697e-15
1.562219262762175380e-11
1.774784237816413813e-04
1.082755205014784668e-08
3.223358419311091639e-09
3.928294755244766634e+01
1.971300378248332155e-19
3.651806555865533925e-06
3.800306924736902847e-02
7.647895869194895795e+02
1.725007454432713069e-14
2.370136332501982188e-05
4.803741889529994396e-16
1.682337153026273918e-15
1.329452808454284627e-18
9.305853701982855957e-04
7.486723603786595049e+01
2.175332738638815550e-09
1.994762308850229430e-03
8.833934533698854091e-03
7.344799365074990982e-01
1.911980748688134863e-17
2.566551573474986118e-06
2.897255453407165504e+01
1.585955520915619488e+01
4.182131063744072043e-03
9.321958558479428876e-17
4.068973008201281902e-21
1.196287101719723634e-04
1.781438835947700988e-18
2.315582225613557199e+01
1.825800637917214697e+00
1.760588044963211633e-13
6.789009249290430251e-16
3.323679885476479967e+02
1.159149606078220052e-07
1.042391005481702223e+03
4.556039899625679082e-03
1.473327774226551113e-03
7.965783780412737380e-01
4.493656253037203661e-13
1.154489656857362974e+02
1.291485089641828884e-02
3.915348835939481493e-15
2.885180517042460906e+02
1.353479610509531253e-13
8.982982063201475076e-02
8.500904665941667220e-12
2.492336784403158068e-15
3.852359786064467868e-07
8.210232859180183020e-06
2.655546874861213803e-03
6.411099662560879681e-09
6.535482376300545961e-19
5.099391580264874103e-08
9.898744472110374255e-09
3.837547189914716885e-06
5.359936168200700868e-14
1.898542046875043760e-09
1.195461728272913546e-07
3.998567511480836489e-04
4.113879083476762815e-06
3.754322581522241318e-04
1.561446424700609888e-18
8.518853375707131468e-17
1.180178082330130067e-08
2.532520633954319506e-06
3.040135146188135340e-08
3.296807623950766454e-09
1.709601505922097938e-10
2.593372902033183180e+01
1.595444015441470187e+00
9.835597320504031460e-01
4.976779153272203800e-17
3.416662878125120142e-04
8.757443306013142515e-04
1.018273477420937376e-11
1.408677629340856754e+02
1.104849009107332073e-07
1.936716312937733888e-03
4.465848854546735865e-19
2.712495875355917251e-07
3.437071065395360414e-07
1.388770589008772305e+01
1.975291993193817517e-05
1.043645757380454641e-14
7.065602870495658046e-10
7.273811213254481600e-02
1.810040786796929478e-12
8.065496095197228696e-03
2.721421000980515981e+00
4.092821487127507041e+00
2.392818100848816585e-07
7.428862009422057433e+00
3.976946287786331731e-09
4.249294319425354904e-02
2.908890951180364767e-02
1.521794525772975930e-06
3.447754679385002363e-12
1.249870335485938045e-16
1.698792508560697384e-02
4.907066834944766748e-07
2.206685647333605219e-14
4.399418293788145193e-10
4.830607305029577117e-04
1.722766131088104558e-01
1.175456628213815990e-17
3.724436151377506283e-17
2.512874369742476899e-15
3.772415921462923074e-19
3.921510794005035550e+00
7.436794760620866898e-04
6.885478726666411981e-18
9.509574783769903059e-05
7.716887717475671244e-07
9.609113291685369429e-12
2.796728118060835664e-05
7.501778233248141595e-19
4.639702690804647922e+00
1.188899197806005740e-10
1.771226511145414006e-18
1.253348650038755741e-15
2.958184923781303393e-04
7.380110181347764637e+02
5.036946872381235544e-07
4.497424800523524881e-14
9.812553122730582175e-09
1.286247856534749712e+00
5.994959871165896070e-02
1.310482593437158672e+00
2.654948991953814798e-13
5.043052573796678699e-03
6.425283209950882421e-05
2.915740221764234620e-12
7.258455866472072746e-17
1.197462004619415088e-04
3.780217323128071298e-18
3.222589276091402894e-10
1.492816655122647228e-17
7.024402234479612498e-21
7.729198005349137389e-12
2.606270702533308199e-10
1.878010521428285715e-02
1.078391267877595329e-18
1.583830027164711071e-19
1.607421033476374994e-02
1.414236136826516243e-09
5.692798261962938794e-13
1.025043854144001719e-06
3.995819324002749040e-11
3.049589553378908984e-13
5.642689400139793643e-13
8.232915138027306699e-05
7.555687593435285356e-14
1.082742297867489781e-02
2.753341409740792187e+03
3.741554448303058507e+03
1.757837584213213215e-13
3.600780418794647205e-11
9.215114444172870086e-04
7.163680594648491131e-10
3.241728354654671389e-05
1.304754975873495388e-14
7.167714597450150060e-06
3.198469269219860191e-09
3.915116625818426397e-17
2.225572306957600657e-04
9.487517717399241467e-20
2.269937142129489944e-14
1.000193185497043987e-14
3.757442929642865812e-06
1.375121763698084365e+00
5.029683229062613119e-11
4.449839113880887424e-07
6.116352207482259606e-01
1.492371669746643710e-03
1.510739381330147389e-13
6.563617809071132553e-17
4.314583491432903983e+00
2.594925713057646135e+03
6.173982128234011804e-16
9.091909206574588142e-13
6.257559260727107884e-16
7.532806980789609419e+00
1.751364845950145371e-06
2.815114317490764222e-06
5.292482209404535248e-10
3.734698272060059490e-13
1.661049036397995824e-11
1.976234444486502184e+01
4.987159423035957134e-11
4.768151005754500213e-08
4.717493259453363536e-04
4.586553252850696569e-13
1.606457462587279017e-12
7.308708291189588267e-14
2.926750199778926309e-16
9.392426919710891698e-05
1.997565376794768944e-08
6.443903043379286150e-16
1.290181570711587417e-03
9.594759559615501088e-03
5.702790969262230919e-12
5.445363387359212367e-16
1.935903881823440092e-11
5.132941169489406070e-07
1.771282941233798644e-16
3.052961008994995990e-07
2.881367279608114458e-19
1.535703350051232600e-03
3.230860933479344319e-06
1.103705841867632898e+03
3.710636718781425452e-18
2.143709048407303896e-19
1.150858113246242046e-12
7.145881195563110605e-03
2.495569496886026218e-14
2.700428098978429614e-01
8.954406430921414994e+01
5.747755523961328022e-02
1.606059245865725904e+00
7.244428821037246382e-21
2.131919641838767856e-13
6.616010775165808954e-15
1.279150265007849056e-13
2.693081858610387971e-07
8.687422855704832831e-13
1.051947872877185414e-02
5.817963586886750823e-13
4.545402004111147954e-05
6.732199798554865750e-10
3.879402654255722505e-01
3.345248958596143932e-08
3.945423563598196870e-13
9.933196305560137995e-01
1.038773796297333352e+00
1.071359719154219287e-18
3.451100955153777893e-17
2.835062385856710365e-15
3.851144446490834391e-11
3.895156925933587218e+02
3.169505956120921878e-11
1.093833241805624417e-07
1.578618883268807549e-17
1.101949754121921230e-03
2.553523197469973915e+00
1.950973595673717114e+02
2.225709409798016505e-17
6.892124592122905417e-18
1.191440925288604902e+00
1.080171650190870789e-14
1.180805418275199383e-05
1.812498121664269052e-18
2.740761252248175993e-04
4.694198920113717283e-02
2.026240126347237345e-14
1.235977288700854972e-02
3.628703621798495847e-20
1.257834150318077747e-04
1.866882923871532041e-01
6.403434091439643204e-07
2.068523007616899442e+06
2.570010816249209393e-07
1.453082323014652670e-16
1.727259787324412566e-03
3.311329632198304635e-09
4.015422302428940443e-04
1.083919432407775231e-14
1.644899989784489495e-07
1.287762105931176395e-03
1.075921061805566682e-18
3.164060425173760223e+02
1.530992721624549946e-03
4.466711546456121718e-12
2.144751934879325986e-02
1.381692917270847015e-09
8.106870525847602107e-11
2.087483739714715483e-03
8.372090078157413548e-09
6.444883883008219527e+02
1.082643116342567918e-09
7.651169552240422986e-18
6.287642657353670339e-02
1.186367750179067622e-17
5.317806349490736240e-16
1.573171795696602615e+01
3.948631419250519936e-10
1.276940781658176019e-07
2.247435547481384484e-14
1.464642426398515124e-14
9.292855079592975533e-05
3.849237045514740051e-11
8.547107333295244080e-01
2.758452072752107035e-15
3.635847377190693590e-07
6.276206339332501656e-09
5.548687819961134366e-17
1.672820979551409781e+08
3.251877876887781635e-08
1.179875696032965522e-06
1.855291433272031928e-04
3.558669895944567802e-10
1.776428397052462406e-17
5.338207797570360008e-06
5.208161575051286873e-10
3.619785113659502346e-18
5.262944246852632503e-07
5.617301590450145032e-15
2.626496564687001364e-02
6.476883437016955627e-07
9.814390177808576909e-09
6.646698773200900045e-05
7.539013815633421454e-11
1.460050809927747878e+03
7.373653018181902663e-02
5.958477035601811167e+01
2.170581845812123703e-19
1.339450271757114039e-14
2.492121030578665908e-01
1.282723052878802538e-18
9.051097313868539380e-10
7.640455147662181909e-15
2.195826620965947598e+02
6.489152881765083156e-09
6.401229801474681835e+01
1.074023475587650955e-07
1.237004471282243080e-15
1.771953139521455078e+12
2.902236160795729770e-07
2.974353356336308096e-02
5.093507502166604354e-05
1.258204653574920818e-05
6.718606674939940149e+02
1.913189199065324806e-03
6.116950119670033333e-18
1.071413751464087550e-11
7.504227196531705123e-14
3.184955289584122440e+01
2.805257178692440156e-11
6.749084720431683351e-08
2.315316022159573786e-06
1.389916544181341465e+02
6.463263407694402699e-18
2.366610155755638616e-11
1.123821089084463479e-08
5.771278842786809145e-06
1.163749771248923182e+01
6.056860191656340677e-08
1.676938354081182514e-08
1.193756570448189818e-05
1.747733188768315671e+01
9.558974699653009217e-15
5.541759955725993753e-02
5.301034387629038491e+01
1.306120685158477760e-09
2.651538079646545971e-07
1.729464777230860506e-01
7.903155762373208026e-09
1.280843980014871799e-08
1.212380466154563408e-01
2.982304526274478885e-15
8.014936707638620206e-01
1.699336560175917769e-09
1.602107310859228290e-15
1.000103215352667545e-05
1.792600115272684258e+00
7.321887915067924299e-10
2.120792878205086461e-06
4.827168666700388712e+03
1.207204000807958434e-03
4.452429256595166573e-12
1.801303114122922100e+00
3.059949342782047148e-12
4.679488137820345101e-12
1.485845810803686488e-07
8.799231883654749709e+02
1.751664292610753909e-06
5.262783789085461594e-05
3.125513673859273089e-10
1.138692203993908574e-02
1.208925401596047849e-11
5.027696604030177773e-04
3.122349447605503428e+03
3.792702849152378847e-03
3.212214914774053305e-11
5.876331011925213932e-10
1.319269289133208758e+03
3.195199273704907000e-15
7.173423118855544791e-07
1.119354227934894030e+00
5.654577941123472421e-10
2.778356105398951694e-11
1.534451402982959145e-16
1.069221972461898708e-07
1.189501821713542181e-16
2.203550560176274157e-03
7.046017627979481581e-18
2.091233588009885018e-08
6.674477355061594341e-01
3.391465278891318036e+01
3.159072023851567682e-14
2.123755894771212687e-06
1.066840155733818101e-18
6.868038309707832527e-15
3.257634521636734726e-02
1.563679409048847511e-12
2.463593572402406959e-05
6.990798518147895574e-03
8.742355180571261126e-15
3.495396667196471733e-13
3.261987273214878201e-11
1.245801380263765453e-07
4.812052435675952697e-10
9.984490460847586644e-15
2.509629056524730205e-19
1.178886621858544680e-17
4.465865922199118191e-05
1.143223514409126389e-02
1.310198025797133073e-07
1.384731069345043124e+03
1.707104414798578220e-18
4.938024039092681462e-05
6.389270502805566054e-17
1.492726845816876487e-08
3.617237061828381002e+02
1.073063856414358927e-17
7.618436718796000131e-12
1.400693102629356945e-04
2.914177005563424514e-18
3.696056189412750966e-06
2.981174418237372824e-11
1.656612311383065181e-02
4.131674197165326527e-15
2.438637724458465605e-01
4.281621689381378784e-14
3.466067636354639210e-06
5.418268892125537028e-03
2.665353880007967755e-08
8.823221288925987857e-07
1.110913641460944632e+02
1.263263395105198262e-11
3.262730225868164265e-06
3.332866914060436583e-05
3.932588000584595622e-03
3.612776640812590773e-17
6.237199648243048376e-17
2.795638007738105557e+00
3.475415904173023707e-02
8.639760526237861031e-04
3.284259118196418906e-11
2.702424748119919968e+03
1.072048279203675820e-06
2.855725102123316598e-07
3.918368275356516760e-09
7.465860154289457304e-09
1.108710466990413653e-05
6.407741809395980929e-08
1.937256068227173273e+03
1.605202342208758223e-02
3.079575822469791113e-01
3.340158450120968648e-06
3.792266914849589842e-18
2.963689386158718717e-11
1.805802252090403880e-07
1.586099911590994170e-09
9.716166377049486830e-18
1.662587490606983819e-16
1.488159831187797977e+02
1.139403431939157128e-02
3.280835889882993478e-12
1.769895797426061265e-07
4.641561022034922759e-16
2.856035380668567996e+02
8.558308591298917356e-02
1.924558742127938028e-05
3.459342674246644123e+01
3.847155794501431873e-05
1.005253198889562351e-08
7.936777424120881885e-02
2.040413963461098147e-14
7.380047057704028444e-05
1.470470401883244870e-04
4.445828867377564770e-09
5.429873811419294331e-13
1.112532133150523003e-02
1.050041082688564757e+03
2.874543801761851854e-07
5.508508663997232759e-18
6.334818644230633234e-17
1.661754533560994094e-03
1.335017013665705324e-16
1.520677387271437141e-06
1.440262759971533869e-14
3.555437180009039562e-09
2.075739345292338456e+01
1.081094358377632986e-15
7.527165286083994378e-01
1.589163560387033832e-06
1.757333927162115364e-17
5.538463138752654826e-05
3.669971431827707131e-01
4.213681888961072063e-05
1.826192423269023181e-14
1.683076252278152159e-16
4.839448683898861248e+01
1.146660995677970295e-09
2.749595236545402943e-01
5.426589294544961230e-04
3.414035820160559828e-07
1.116962647561243717e-17
6.531805293908088684e-07
1.736354949419585680e-02
7.183247429481191919e-11
6.006221680368023161e-03
1.338597957982470632e+02
6.622945835944430501e-12
8.509744646415898221e-10
1.249592819955922173e-06
2.006963495979249965e-06
2.614458898839766827e-12
8.490831782887539592e-02
3.018915379636138395e-08
1.099077521919951938e-17
7.669582343090503162e-06
1.869992079935974515e-03
8.285261342202009871e+01
2.332699347114717288e-18
4.494861779416582129e-14
7.025759290550976615e-10
1.148994850336093527e-12
4.908630148319301739e-11
1.012221136603517480e-01
6.834987112081614222e-04
1.985260667614097716e-04
4.829837517440236511e-03
7.569506541251468275e-03
2.937828694426448120e-15
5.038066235920949377e-12
8.402360364778191371e-03
1.785398160455091811e-03
5.822319970902145387e-12
5.413607074998621153e-17
1.524429293785905948e+01
5.670157730477221637e-16
2.737978753525614550e+01
3.990866166494572154e-02
2.042408540621383395e+01
1.729230674219313365e-14
1.223486925971162702e-08
8.479523025006019052e-03
4.089974063354355667e-19
1.122473194306465116e-09
5.717610173683056018e+01
9.320713847373356120e-02
2.773180379952742520e-09
5.258579583974317354e-16
3.129749975826662856e-07
5.070656381709901239e-18
6.713898300582808193e-06
9.041939101551222865e-03
2.051638224284786247e+02
4.458549218947131450e-20
4.171516062072685145e+02
2.324839569110742104e+03
1.922187244810027902e-13
1.190521242130547844e-02
1.657343037090126873e-05
2.592424176144504505e-12
2.629686130279687608e-05
2.545920473288762973e-08
2.105478996743219678e-08
2.764253433723830158e-08
1.904133081858284961e-14
5.205418846815959002e-05
2.146179694902012880e+00
6.797427680196093110e-14
1.077938397783342239e+01
1.040972537264248743e+01
6.766504815661602004e-11
7.227762274065702454e-06
4.907912624429498759e-13
2.324577078585135277e-13
9.549163320236543768e+02
1.139846175829955573e-07
8.583159807875599928e-14
1.941036006709410754e-10
9.451676886853238141e-16
5.206044775394606239e-08
5.381068036644325314e-01
4.391677343251691238e-13
8.983612364172308695e-08
2.507788912082613164e-11
7.734900064937937714e+01
4.404663269141380171e-09
1.730885879084735970e-02
1.567857723411462218e-03
4.809346775181211689e-03
7.721470603052843432e-10
3.468450995862438213e-01
3.618199935443309276e-16
4.364652891070973641e-08
7.747618378419915075e+01
3.405313506852503808e-02
8.128834078306508912e-10
2.510860501759587396e-04
1.004944945574805064e-02
1.134450480944064117e-10
9.441347799995196502e-14
1.014821415541445506e-17
3.829527886262466876e-16
2.641549340951521480e-13
5.349832611464182912e-19
1.606686564791973314e-13
3.718249436168801093e-18
3.679802995716270676e-19
5.807072704633702120e-14
2.550153963348796188e-17
3.451066069890920615e-06
3.670787824000493687e-05
5.030763438020361727e-06
2.806262362555529166e-10
6.521070394511437887e-18
1.277000682472533546e-11
3.011528798804969664e-06
3.741042807732224631e-06
9.657392723767266458e-18
5.356444611484058836e-03
9.191547534918060468e-11
8.628577220748900345e+01
1.207372217747150200e+00
1.161623706855190766e-06
5.664598589521857249e-15
5.499195068083443451e-07
2.770110265355310022e-07
1.515460675914287414e+01
8.833989254605449694e-19
2.154609127682012015e-01
6.269765624616238653e-02
4.452827650336386120e-09
2.073558623848220130e-03
1.793670064430354974e-18
2.729600021150765724e-13
9.500555582785648268e-19
1.803828628335897346e-13
3.800107031714745646e-17
1.356729820469527584e-19
2.537369921433565772e-06
3.817063908358101466e-08
6.009292798791223689e-01
8.237468792940254650e-03
2.281530446844720441e-08
1.835323472246262158e-08
1.762061549978341181e-16
2.071104039124015060e-14
9.031372822405197999e-16
1.771578654268333235e-06
9.759727897033481305e-06
6.560957280894087473e-01
1.503459263766256649e-17
9.561790750197638041e-20
1.547561514407172767e-01
2.035894058160586721e-12
3.056428994988591796e+01
7.490001667222903159e-07
1.186974378466085203e-19
1.527362116441097459e-14
3.348509739313555650e-17
5.351148461528944481e-13
1.717616933435598104e-08
6.458642075871527492e-03
3.265954420175099878e-12
6.811556007894072062e-02
3.390585908027331707e-04
1.589561667850778134e-13
2.008540870299300913e-17
7.854812004641453902e-07
1.742416352918793251e-03
8.105230457799036346e-17
6.974031664689430439e-08
4.329794457715563837e-10
1.017365102806259492e-03
1.062547945288069138e-11
1.689399690205574199e-16
6.961687645146764570e-16
1.508261733555512074e-07
2.036400731683208676e+01
1.028344106691512409e-13
5.648790135807251200e-01
9.614386473543058046e-12
1.652692592724960363e+01
3.804368669854693508e+01
2.216314000785720954e-17
1.142971496470561572e-13
1.231207335344350086e-18
4.965922724872566148e-11
1.126180427183584243e+00
2.861127118079943702e-04
5.840175997357764343e-06
9.413477885067492168e-02
1.204225479659758236e+00
9.133604031134586342e-08
2.355105201395262572e-17
8.039251550537858355e-06
1.814805961055177290e-10
3.904946242084257745e-18
1.374168578239142338e-14
2.230460471057978390e-08
1.003451684019534005e-07
8.399325210190827784e-01
4.884331904959741945e-15
1.726068203158171799e-05
5.303914536483635962e-08
2.211164874688976312e-09
8.167440362259864562e-05
6.580890574323211209e-15
1.758465599039110976e-11
5.517995715079277621e-10
1.231405528862756427e+02
9.570831535854507138e-13
4.831396476464257796e-15
8.274063052768296789e-01
2.918599139176671762e-14
5.618245473715439857e+02
7.190043593296127163e-09
7.292693885247752972e-02
1.265128076946429678e-06
2.897258854057655996e-12
3.953469567113783114e+02
5.486181947586113650e-10
1.600721599148937733e-20
1.261897286820028967e-19
1.335267231154551448e-19
1.468401924663347814e-11
1.891763570479723224e-15
4.123829538399091869e-06
8.103474409177741791e+02
6.421677297549360043e-09
2.964073389522172792e-20
1.651278020271644807e-06
4.072487026104134502e-13
4.490234443784533180e-01
7.968834721853110636e+01
1.630647666758759229e+01
5.140547160240052344e-16
4.016427370578051985e-07
4.281491789431549920e-12
1.097817875540913652e-09
2.540657299897151010e-08
5.570660652599747744e-04
1.174143097411422525e-16
1.274079893820959867e-13
6.463319321625094744e+03
5.995806342528028644e-12
1.118053034409857001e-11
1.024085147590488049e-17
2.685863959211259866e-01
6.722490777601520737e-03
2.771534433816581620e-16
4.791456713910641033e-16
6.683964431085351365e-09
2.976544704323907833e-16
9.820160969877198843e-17
1.606690822909117250e-16
7.958030548947206565e-13
3.853506565145727336e+01
8.026479216531487156e-13
5.440049408480100903e-06
9.715333030567145992e-14
5.163204032156231405e-15
4.052888426787997211e+00
1.421929365271848120e-12
7.283898927193850398e-10
1.393204922452598669e-15
7.453027608970363646e-05
3.862693148160081247e-01
6.640741523720901444e-11
4.082686955409215320e-11
5.635207225338508365e-06
4.922181248479697911e-10
1.461364339379536496e-16
4.801278029086352545e-04
4.006510300834026783e-15
7.011922976656852940e-19
2.031438140833277117e+00
2.695353481490253778e+00
1.003583083887281090e-10
4.935974586815072909e-20
2.399308654922404426e-10
1.098495312487861700e-08
1.715742152322233737e-03
6.501256961295558759e-11
7.543530147627931413e-07
3.882477642742492450e-07
2.252984420726573097e-06
1.071548954465554557e-09
8.333157302091277846e-12
1.848945018146420540e-15
2.868856864632746432e-13
7.844810549347425876e+01
4.842022049660943406e-01
1.420242385861321850e-05
2.722690021881402913e+02
1.011067413317149015e-15
2.098101461149504209e-17
1.777504590085938502e-19
3.361680759278522876e-11
3.319880763135879533e+02
4.769438984877264571e-04
3.190145355289006943e+02
1.006774164585616397e-03
1.195849886357051668e-18
5.771868017619918412e+00
3.356645007758964427e-11
2.709503699389273978e-14
2.207113705876033448e-18
7.206011936849192523e+01
9.377288291504945679e-17
2.053894473805310263e-04
7.747405247423517385e-11
6.965461465822181426e-13
1.470684116104485471e-06
1.137167505152782310e+00
1.476875715969158787e+00
3.835792809317623173e-11
8.600177583726408947e-13
1.892350455696629225e-09
6.251681352142998145e-11
8.149546311838011206e+03
6.376564425007726078e-02
1.076717096729199775e-08
2.789440679328606038e-11
7.115026049007749567e-13
1.600635638469591647e-17
3.742024571805480798e-11
5.061940524106134294e-19
5.099993073074284844e-01
3.296514681086264442e+00
9.202942876947603192e-17
2.394242005662733523e-10
2.653191832328391057e-12
1.550128244142666700e-01
1.297394365559179530e+00
5.182570090414391608e-13
2.454297498104956888e-08
5.740608168037352333e-05
1.675357676847625900e-13
5.377041666688411666e-17
2.024405885200301989e-13
4.784085317619874572e-02
3.942553597561328227e-03
3.128413455591942337e-08
2.064173399550040003e-15
8.018283453953042539e+00
3.461413509785314097e-06
5.689925632292329183e-08
1.133484564377027024e-03
9.141395390339691635e-04
4.158689879080971859e-09
1.019456818525972118e-04
3.859401951265549989e-03
6.752561292487069825e-18
8.154940690963659311e-02
3.451783922419599080e-05
2.664023124717886527e-05
5.720720039223602063e-14
3.450494259712764272e-02
2.419762809944968063e-01
3.428356159195998742e+01
1.026497752390755567e-12
2.615637119362504389e-19
2.214477512620303709e-06
2.896986214295841963e-09
3.720231964853367075e-04
2.662823565518130320e-13
9.023070933869780097e-01
1.251441264514901661e-07
2.336261712665902487e-03
4.286791871802074772e-08
6.132505099720863065e-07
2.912655322096885262e-10
3.583965088992974517e-16
1.360669149301915602e-14
2.527454237035894025e+01
1.574158679544522576e-06
3.091189198169549139e-07
6.862103377811979350e-10
1.088579896930227305e-11
3.135386258204853381e-20
8.985425683111789848e-18
2.285383071385829360e-19
6.379606783422088517e-14
1.682371684798205970e-12
1.303986497986647009e+05
1.047716028884764991e-02
3.057031520716646419e-09
8.415647525983180027e-11
1.719617195436136999e-05
2.558070303071873091e-11
1.358285210167567323e-16
5.518082422294007001e-16
1.480766749867877743e-10
2.293145163096400548e-05
3.615629462301841101e-04
2.040013917382620587e-09
6.095847156890900342e-02
2.489286261855273718e-08
2.981945562518165773e-08
1.232323977610303632e-10
1.838742219735053032e-10
9.252300958193373175e-06
9.243496165554934964e-07
5.201150501598203846e+02
2.376115080396130656e-21
3.950456305311606839e-16
2.763288111765652281e-17
2.600446331662864427e-06
1.692092955969030574e-03
6.469703957324748596e-04
1.094524178797939612e+03
2.736142053021035915e-09
1.445953385000675910e-03
1.067964071366334262e-02
1.937094763102905313e-12
1.235178002386237828e-15
2.665302334843447847e-10
2.042062677770106522e-16
1.985117806400624897e-12
1.404024452244527220e-17
3.674628176408063112e-05
3.973888000555575172e-12
8.747843302556700785e-08
1.340689000948365894e+01
7.694121107702196154e-09
2.260242888185994581e-06
4.436681533123802268e+01
1.815123662274665720e-12
3.516569503796618757e-06
4.864713615646963227e-15
1.456207198494365116e+02
1.487567223730271060e+00
2.899417473549157421e+03
6.329475305294651122e+01
3.278629025740145680e-10
8.132773191774069974e-04
3.232356491204188619e-10
1.268053292294691980e-07
2.370343083936951521e-11
5.722962754736476308e-11
1.143631485997784737e-16
1.256350835470432468e-13
2.298576627247543789e-13
4.407291822303424260e-13
1.403174156952624316e-17
8.515857689678696377e-06
2.649122109181173875e-16
2.022564325297653603e-19
7.453638564010652881e-15
2.165075839945250787e-09
7.905741897866936085e+01
1.326406227251849092e-03
8.561232279534760031e-05
1.395435032388520207e-08
4.034295617514973231e-14
2.587690522225164160e-10
2.128781667583936645e-04
2.070367852292501892e-02
1.623578226893482543e-19
4.122363885196869104e-13
4.875036873030055168e-17
3.903116199031050115e+00
2.915791730278430066e-20
8.213958286159593876e-18
2.481358537437550655e-11
1.770907880839889970e+02
3.193199568347021555e-11
4.989051912026324658e-15
9.360408702343107418e-15
6.313499112087990394e-14
6.437490519848403663e-07
9.459485270304800508e+01
1.346962843090397998e-14
2.141721358989535171e-16
2.023292378923932946e-09
2.339679037085571484e-02
4.885055411294150076e+02
9.621985826352846827e-03
3.650563662218468094e-19
8.521272169415529447e-14
1.226645267749213417e+02
1.647999952423369905e+02
1.239471667456516645e-07
3.584631855579890470e-10
2.990681842356323164e-16
1.280474096146260179e-13
7.779421626907421319e-10
1.079544478605141715e-12
8.194938199309408714e-19
5.203532206375241458e+02
1.454878252256615541e-06
1.914306569327635673e-15
1.188737521838529688e-19
8.200861659276818842e-09
2.856034167255525640e-14
1.294088029722177276e-05
1.472202592450640960e-14
3.273809526689342502e-17
6.747683971927591150e-12
2.566454114631138145e+04
3.327652228278748225e+06
3.012575986458470656e-04
2.389100504495434961e+03
1.240351865533285020e-19
9.812931488890609276e-12
1.615542042840705813e-05
8.645913034761284255e-14
4.336330650575369118e-17
1.002369042098107066e+01
7.584070763107833206e-13
6.520779068643787744e-11
7.351705316575068072e-04
1.141457675657152056e-14
1.217331834253665946e-12
2.899419734200439876e-13
3.543850272855548675e-04
1.209637564512620073e-14
7.429937462917855929e-15
4.893267945421570175e+00
4.703857039172924868e-04
2.408568734847962519e-17
4.085585316114369189e-08
4.347449156076706898e-08
8.810955671689032972e-14
2.259401380294925701e-07
8.786190153160452478e-14
3.860740581167706130e-11
1.445122288768116913e-03
6.662665741758903550e+02
3.682681727134927505e-04
4.005735946471752316e-12
1.013582968216352746e-17
6.046926451034836426e-04
2.277251441377552599e-10
2.925184876045929666e-11
7.508824823405129303e-14
3.975271769651956416e-02
1.724786965485509339e-09
2.099827429339195563e-03
5.780061767341574159e+04
4.166785023855562042e-01
4.694808384008134123e-10
1.487413291227448228e-06
3.127407551999805690e-03
2.954178318577699226e-13
6.105342490487717331e-10
2.832162930394967671e-12
7.092095584044676230e-07
1.987146349514570405e-08
2.219809380610099761e-19
7.851897354749227636e-10
2.563729079963805546e+01
1.126898266441129601e-13
3.353756193521500507e-15
9.074643546652050285e-17
2.815496063831602105e-10
2.615324009833298150e-05
6.970330270897342291e-13
1.035115062712555067e-15
8.214565996112371293e-08
7.347912745056900182e-08
6.153768777262033640e-02
5.690257210946211332e-13
1.607064691813187094e-03
9.611808265185744205e-16
4.779188470426649182e+00
9.762182893356275175e-07
1.185867461443835624e-04
2.217487189229125112e-13
8.816309327376999363e+02
5.419500555607980874e-17
4.429984685987281706e-15
2.120710025561719878e-13
1.123987345376747382e-01
5.095315473489538363e+02
6.400964892178928574e-16
9.770006114826361454e+02
2.073893101112856579e-11
3.970421043385127291e+01
4.444656410026971358e-20
2.043208472781958139e-04
2.561914334837196414e-08
1.310223798212430781e-14
9.737843130534685706e-18
9.322978880516690069e-10
5.197113744374814104e+01
8.668594981782292318e-07
1.978802995619333063e-04
8.910025728271202752e+02
1.336270109614356872e-09
1.050974766355943522e-18
3.172168778079950367e-12
7.194659996001170289e-18
3.456549484996497501e+00
3.539620941610638577e-04
1.412984109683478628e+01
6.699545051710261712e-01
1.537957574252788451e-01
9.088219900391196081e-07
4.426179262752936581e-18
1.778718199242418778e-16
1.022249125278563079e-12
2.331174409559367431e-14
4.861113894254478929e+00
2.462005139628367659e-15
2.070850702223686762e-16
1.295570071576696234e-07
2.644232115891499701e-02
1.944800587050603440e+02
7.959709133420879841e+08
1.366310682467991066e-16
5.922302299886699622e-03
1.713174312089399330e-08
2.842849787619241465e-13
1.877080318851160869e-07
1.720963009171074235e-19
3.196850094454518218e-16
1.336059482042470683e-08
3.951796980295558237e-07
9.045486134451836691e+00
4.436835916913290490e+00
8.688038884063515547e-10
2.318700055818606032e+01
3.086250103636267554e-03
7.101576250203973992e-17
1.212836035780419982e-03
1.717891046315622443e-09
1.924294045074482538e-16
7.290026662713560042e-03
2.853556200487207445e-06
5.164245928874764610e-13
1.537794192443778878e-05
9.242249899928455881e-04
3.239373376744612739e-20
2.099753312098832327e-15
2.195287437098961730e-17
8.304860065884313422e-05
2.434827588494058569e-05
1.505010753769569750e-18
3.405015237461856040e-09
2.861499187376925671e-15
3.055572320591613162e-08
5.855491635281444632e-04
1.414769647483135529e-11
8.985197113495906329e-01
8.358303544774361270e-12
4.594789395867491767e-18
1.753100683026578554e+04
2.138413438039543776e-10
5.589216074957586035e-12
8.874723669179959007e-19
3.726196649494991853e-17
1.369472469590571385e-07
1.850581459278524752e-07
3.637497305038935314e-01
2.646916060661018306e-13
3.331422588669146526e-08
5.878091725307178684e-13
7.916657594903198070e-15
2.825773460165431234e-07
2.845722463067631454e-11
2.014826990100026600e-09
1.219331068775923871e-01
8.564725333463514552e-10
2.616333965499426384e+01
5.837802038858296783e+01
3.119557465831787771e-15
9.284658160024505114e-11
2.959754502628334905e+01
8.706368488525966618e-11
2.705611103948343087e-07
8.035457002265366543e-14
1.329243568775037465e+00
9.293164825920509704e-17
2.521792726955765396e+00
5.946013523881159927e+03
6.810070215922363855e-08
1.512296459951888042e-05
7.362723792793645473e-09
3.839214191333942674e-07
2.621246555398164091e+01
4.871321294549814568e-09
4.847738128044071322e-20
3.821846422933868343e-17
4.397061348135229697e-03
1.368778369424630677e-14
6.254739016416895662e-19
2.027517971223401503e+02
1.026564294144409525e-11
1.509155655991770767e-15
2.117302280372542356e+01
2.365196163994266669e+02
2.150016379366078810e-16
3.770818526480455762e-06
8.076757242146103249e-19
1.953739232296220797e-03
2.645919951445602041e-03
8.686332743959194191e-01
4.866864574126126794e-09
3.142099839217303818e-17
1.747035900644393781e-03
1.818118679203214219e-08
2.245914401467853594e+00
1.639135223819272873e-12
1.142846347806232565e-02
1.686974981550051489e-01
2.012165490296589140e-03
4.551810842573875386e-18
1.430471981120818819e-11
3.489062119683796759e-01
1.392665007855263277e-03
1.035526131778125486e-05
2.407773205294233641e-03
8.992810299390298079e-01
9.418285275612282348e+00
1.366387534950493608e-02
1.610999326602602360e-18
1.137922970358314387e+03
6.687815173190162199e-10
1.570989557972669938e-09
1.657178770706574334e-04
5.136135478911311222e-05
2.722902454683919873e-18
6.301456105795502058e-20
1.178529417524769997e+03
2.438508844256421972e-03
1.995774266979216197e-10
1.780256823423034124e-02
3.044941802406062392e-12
3.046931422327714431e-08
1.169422059301501358e-04
2.878076126512781402e-17
4.188122098728965285e-04
1.188980601258334208e-03
1.977432408797597528e-14
5.639152320997650042e-02
5.126544228497129609e-08
1.406622820742240411e-08
1.505962216915036681e-10
3.906994687244771368e-09
9.079189261415218344e-04
3.785672453979725682e-05
3.178669723097942455e-15
1.289297201044106475e-10
3.390055243270526262e+04
3.103307259536394276e-19
8.912738293931771523e+02
3.605106236687924071e+00
2.350227438366664258e-12
1.448647334817061072e+01
9.319895299214792398e-04
5.707873592712853217e-02
6.965030979577495618e-01
6.027144095238614305e-07
1.371625624047091918e+01
8.971668017168864251e-02
9.208959478746021583e-08
1.830017993906391374e-13
3.505298585777341547e+00
3.671734059116643025e-07
1.120218973528341849e+03
3.930971648839460884e-14
3.594515628843795936e-16
1.917915852403820748e-14
9.125855570638761094e+01
1.833405235994543503e+01
8.116386529812798858e-14
1.043534859311635040e-06
1.665594953084523688e-03
6.086185955377500379e-13
2.386670317967732167e-14
5.169845283949143361e-02
1.068400377682552725e-19
1.697845957785696874e-13
5.131284873973668455e-03
4.304225762040926049e-15
5.031885207502469183e-18
1.625621569412984257e+01
3.041365789143928156e-08
3.131784254556911592e-08
2.365716757731935132e-08
2.192978273074588920e-12
2.007782699711043728e-01
3.725647604243521528e+03
2.173762120097270056e+01
7.833367807406723671e+00
1.582803894986226220e-03
2.759871310557592409e-05
2.323869229687979137e-07
7.180424018882818439e-16
6.339268503441406466e+00
5.303140420789841172e-14
4.817596837880714133e+01
2.710785463527050503e-05
1.431842171443113992e-14
3.557338925616838847e-17
1.323914753635445744e-16
2.585960961397529369e-17
8.424595614078214006e-05
4.573052898267652077e-05
7.969681023605307306e-16
1.853721455082901441e-14
5.014027880556938142e-12
9.694244927585227660e-07
1.810178409243073613e-08
6.114555126296008325e+01
1.843123968205313213e-07
3.117927713385689747e-01
1.134386559912694165e-11
1.162401738287287788e-02
1.201870985628482659e-08
3.853577768148125660e-10
2.895202707166931146e-05
2.604698518790037904e-19
2.081887669515277348e-18
1.447708067843376406e-08
8.866789843114991040e-14
1.001505271612097125e+01
2.704123873700577718e+00
6.681962296727838337e-13
7.507481887701227283e-18
5.931195933523305793e-15
2.108048490713999629e-09
2.069911527359430289e-17
2.821192112840633994e-05
3.733561459232237600e-10
2.719412300251824316e-03
4.623524860640506215e-14
1.571068838129572320e+01
7.023177157769179848e-18
2.997950945690267196e-18
6.248545004034377556e-11
4.214088771258438108e-19
3.796082719620937914e-17
1.293438619362191848e-11
1.573043331171855104e-19
1.989449886476690974e-17
2.290299681260704645e+01
4.653024806930629728e-15
8.861264003078451498e-07
2.987896109877418027e+01
1.543568516440880052e-10
2.138272373387471071e-18
2.625336371928287393e-01
1.283668326519352377e+03
1.231429426812214479e-08
2.341548103135283054e-01
7.376828768601924217e-18
3.806884172490654528e-06
8.336378814769863368e-08
1.093483338094827145e-05
4.109372063810486162e-05
6.151168806830799696e+00
4.249456736611885077e+01
9.545485238842414481e-20
4.411202994674231291e-12
5.602984804022489698e+02
2.388594093334251457e-09
1.521716013771166764e+01
2.947533728490687924e-15
1.907088327382234676e-17
9.756565155291012717e-04
1.568062710422219033e-18
1.164757463032719986e+00
2.191861355993663452e+01
4.439142060892177744e-19
5.185490184181854555e-20
6.513985069224554062e+09
1.382878386181946740e-16
1.780562891341055411e-15
1.138096591634173120e-06
7.241101681092188413e-14
1.317896724243387777e-10
6.597385979266289467e-03
6.324485701100561475e-15
6.625873455740485807e-02
7.253518863205898393e-05
8.550217739141604056e+01
1.089123733119020301e+02
9.381135124705998474e-02
1.320982993983576748e+01
4.424688465126827455e-07
1.110009988977754247e+01
4.625673280053471829e-13
1.375435282850673107e-05
6.591398562633511028e+04
1.203163787656753879e-15
1.172343151545856088e+01
1.757211605227183458e-13
2.651129576847899989e-18
3.918259713917636643e-06
1.142775288912388325e-04
7.102621073501918545e+02
1.106325555884746404e-07
3.954664216849572540e+02
1.199672410182910878e-14
2.132467157712830907e+00
9.431676032937469823e-19
6.538105967293278994e-12
3.772302588752393247e-04
6.168497791440222500e+01
6.284525206103051183e-13
1.103631619234678534e-16
3.688363935834292606e-12
5.293666193824908550e-01
1.317595561914360087e-13
2.368581876386231328e-06
1.731013355612257783e+03
4.392704997011901737e-03
6.220644778704314079e-18
1.276585708742450538e-02
3.864495154004529982e-16
3.130503941139079416e+02
3.011330233344776720e-17
7.131562949397647028e-07
1.577878001852968404e-08
8.571697598659276315e-03
1.505892364561554438e-19
8.126814503721912402e-18
4.098895690254220422e-05
3.665947997961592510e-13
2.170013414751670362e-18
1.206425260775745326e-06
4.800801572674918277e-02
1.930734294893559078e+00
3.256305005483324394e-15
1.868618629619672917e-04
8.017306889723225368e-17
9.624084870602032105e-01
2.348111749164240258e+00
1.032939388756551573e-05
2.179721324708463271e+03
2.156740740574630382e-05
2.123267294044446560e-18
3.169538277498613291e-05
4.422594502807421391e-18
5.130328279519217993e+00
2.764317896636581784e-15
1.861028350545226306e-01
2.162500010993910209e-09
1.017664611708391356e-17
1.389782214674235619e-15
1.921031519907897731e-04
1.520970567189142836e-02
2.348739443969546770e+01
1.000466391350462908e-18
5.423459082323975888e-01
9.190540414400448185e-19
1.464301069932312238e-01
8.473394422038995744e-10
1.262322637834845229e-06
4.976641466795044901e-11
8.265263061189883729e+02
1.049503709748298211e-13
2.499264692095129703e-17
1.869700916886801976e-19
1.652349328015308081e-17
4.120993219872129456e-07
6.101850468565087580e-04
5.425945533382318202e-15
1.158962617012014960e+02
2.008454335457505329e-10
1.130629319103687613e-04
2.547071845826091169e-03
8.807894311800165125e-07
1.174802787180221389e-05
1.339578663219660303e-03
5.786272622259506365e-03
8.935345116112347341e+02
7.584322140815877754e-09
5.481900861271636323e-16
1.206699589859571440e-03
1.102570370834866504e-14
1.333416462115945462e-09
2.905046930501132175e-16
1.713521594867269219e-10
7.363562908960120804e-05
9.455780826894463059e-03
9.248103640925294558e-13
1.487917122817490861e-09
4.805582824226567068e-07
1.807812389590835002e-19
3.120417433108983382e-02
1.505973488887576961e-20
5.251910226768578560e-16
9.264252372069336309e-19
4.233088838647077204e-17
8.957032593657004720e-12
1.790076207369827284e-14
4.687525851529330480e-13
3.224537212624119256e-11
7.657630403602515390e-14
2.086868464614521893e-16
7.363236038204409795e+01
3.607737739884611497e-13
5.779762364290811041e-12
7.583805349662905721e-04
9.938665925193396200e-02
9.765494508735805823e+00
7.537873972954439240e-05
3.665019245133807179e-03
1.494464544089444888e-02
4.280327727783056597e-17
2.189789823713035273e-09
1.033117473274084504e-07
6.655642552417657953e-02
4.215234360646110518e-04
2.636570131268392636e-08
5.131365511027863704e+02
3.016428802091461581e+00
6.394911090925668038e-17
1.453688899322591119e-05
1.125232893982297464e-15
6.149923700553581006e-08
2.718092249962009426e-07
6.311545438830029947e-07
4.056741920302457061e+00
7.352489529017881490e+06
7.283582560532386496e-17
7.715639638096161973e-13
4.763047943415421648e-10
9.215824139458669339e-19
3.515970722238294442e-05
7.885082062143167597e-16
1.535294032609312530e-05
9.738834370257946894e-18
1.969546759192571511e-06
6.639902172505976712e-18
3.545469991129435048e-05
3.207631482816264033e-04
4.156992777370120073e+00
1.836383996193459347e-03
4.402167301342953570e-08
4.754862059780234142e-15
1.563235660528549259e-16
1.500128828286488094e-18
7.023745369171223362e-15
1.240631637207838338e+02
nan
7.532249078712052540e-19
6.477245496207136542e-04
2.297471304621719282e-07
3.694175963967960996e+01
5.717380537716816808e-04
1.010688888424652099e+00
2.993868067821107740e-07
7.191812733286879296e-07
5.230526530706430942e-18
1.245180023530479193e-08
5.182573408242214474e-16
3.081382102938420289e-04
5.654046560365914827e-17
1.596202947665487548e-05
5.017150619170496206e-02
1.571602728341226321e-15
1.585009565356056484e-15
1.593478462465550399e-04
2.022075543951372491e-13
1.634866267250794856e-16
2.226790927842950234e-03
3.675041433091102015e-06
2.829882965201636056e-09
2.807080816504744017e-02
3.081721767396134600e-11
3.336740945943290111e-12
9.135608053464132815e-13
4.479927861236916590e-17
1.518810883841835026e-18
4.954119557190562670e-04
4.815419790246405607e-12
5.306091926632815567e-05
8.409044346551774670e-18
1.329279568702342281e-17
8.986865961704527370e-19
2.520331880083220063e-03
7.499674421918708315e-04
2.394378783443712057e-05
5.138730723806484574e-03
3.544284718781811174e-05
1.428533803855664633e-15
2.080794307499714329e-12
2.752045150691739601e-11
3.850451353342425023e+02
2.494215147607858396e-09
6.411874083976626529e-07
3.709041036819017449e+02
8.181994426373607648e-17
3.128196314994269311e-02
1.615348236198774767e-01
9.836064375049612873e-20
4.119619657753596960e-03
6.136774020572387599e+03
1.980951343862885941e-09
1.911050515430409992e-14
3.023550898897241257e-20
3.303159303667277773e-11
9.655485957530160373e-06
4.621792326255272202e-05
5.904968362036497388e-06
1.511663753924385107e-10
3.076560658561776052e+01
1.433675177459670608e-15
1.619072722300717304e-01
3.918558770318407673e-15
9.624613992423057323e-04
6.872877305566324480e-02
3.192210660434520736e-07
2.451597346249267862e-16
1.093886355216929562e+00
1.998003311478330385e-15
2.255797951782866351e-01
2.671139410692046729e-14
1.655260308576366582e-16
1.224916219022380032e-03
2.258037049027192799e-11
4.164268346739152094e+01
1.688379643403135410e-19
2.368484479902137932e-08
1.951230590689197098e-06
5.000037104606392743e-14
2.401454369685638354e-03
2.963166822520636279e-04
2.933469096997379211e+01
3.427823223539575856e-16
8.035996929186691243e-03
6.707891317491721529e-12
7.717115691357464592e-16
4.229424429371369115e+03
1.081067526197833362e-03
2.847253502262243191e-05
6.966722550268279746e-02
3.102447646426561846e-16
1.698775332305635288e+02
1.870161657894215951e-10
5.513633307869152198e-06
4.696850899147562057e-15
5.460087582372146086e-18
2.477699923883981692e-01
3.487018221301381405e-15
2.464528273098351790e-06
2.579456051985221166e+02
2.641938980603298063e-10
5.553324836356820638e-16
1.544657157777007479e-16
2.583434619375337693e-01
2.095747654978289057e-05
1.188186585176073041e-09
1.118524464557293513e-01
2.616351945891750574e+00
2.445533071868073023e-17
1.433104283879973117e-04
1.281546550510274026e-20
3.593356240020872860e+01
1.904556004331540639e-02
1.873947765753694293e-16
1.238455235976026535e-13
3.843974025310968660e-16
9.711913886906235367e-06
1.748407328907406182e-11
1.627134814699706527e-07
8.717309291754897060e+01
7.160109613456551631e-18
3.862942240517612270e-16
6.386105410726633167e-20
1.194205566627322715e-16
2.632450651528817454e-15
1.806198727448133238e-10
5.488652011520795459e-13
6.319987343179768458e-02
3.183227397844463069e-14
2.929659862410313601e-15
5.452144304363331707e-05
3.778277958377992535e-08
2.228008367087004595e-19
4.341847723475367339e-14
2.015332574976603591e-08
2.985464828636283244e-04
9.114191151574505511e-09
4.707784609696473252e-16
8.291305704494385773e-13
5.061459610203906327e-18
1.670606593665103057e-12
4.517675926103074875e-15
1.184350492474677193e-17
1.015208057650306380e-14
1.962219779341646708e+00
5.536579355549338041e-04
1.835348835703928679e-07
3.591015096445616383e-19
3.819009668386350311e-11
1.851226635449978128e-17
1.886277575585106822e-12
5.933308770449082559e+00
2.653887088018491207e-09
1.381016604834158293e-02
5.320904122798220115e+00
9.033079764690162614e+06
1.676447497047105136e-08
6.966950408272554187e-14
6.409960667455858630e-12
1.725073708645929975e-11
3.124911324546742364e+00
5.551970617360216840e-06
1.005846639038078933e+02
3.162184948318255332e-10
7.492533257430084850e-04
2.930854332204366779e-15
2.346296674687778846e-09
2.075311158300250508e-02
1.519139595237691722e-16
2.211823587242775199e-15
1.104196574904080736e-07
8.109624055377524063e-16
2.777303032736528339e-15
3.163111950207667467e-09
1.933195344919642058e-18
1.107298395285732322e-14
7.707397806107181170e-11
1.887062618899265404e-11
1.536375492321128431e-08
4.267764551345121584e-05
3.901180800348974644e-20
2.444013039277507170e-05
6.624299214745322236e-07
4.137127473065623852e-09
4.094286093129196995e-03
4.656311188842820903e-10
1.017250316231257365e-12
4.996060943388298323e-06
7.102146730801605823e-13
2.574343055234181582e-04
3.505171593511982250e-03
1.812796497768150495e-11
4.874638639323599651e-11
4.069682608568855713e-03
6.504040644102159114e-07
3.233125383901482974e-05
2.862180631878089715e-02
7.633396287674560146e-03
1.016010016624766150e-02
4.137691176021816659e+02
4.664823503669541962e-05
2.422990856307586342e-19
9.118548299963094248e-08
3.634654397493730973e-18
3.219994685317271874e-05
1.360254236878463972e-09
1.872627569509604974e-13
1.168672795963408396e-18
1.450013689220593690e-13
1.729092234156880403e+00
1.436025451238156926e-14
1.109457818363719817e+01
1.341044639481918724e-02
6.966836903471788607e-04
1.636304842241783095e-13
1.681910392535605474e-11
2.479269500873107626e-12
4.515304544485923279e-07
5.850104048719045279e-19
6.236989830548790552e-10
4.886613549269879300e-03
1.584681222966559843e-07
2.058420735158549633e+02
1.165119746701543014e-05
1.540659607623258253e-17
3.743593733466742907e-18
9.168781543896473110e-15
5.636614431635209588e-01
6.280794640867072402e-09
2.183824721645721812e-04
8.132303750184457320e-05
3.394203534294819110e+04
3.946082763469953342e-19
1.052857491369263711e-14
1.767984267518783995e-09
1.864805986107235647e-11
2.992061594908930454e-17
1.131584955385164516e-07
6.331782607943004204e-15
3.770301813052286863e-15
3.565412859636968551e-05
7.429183570461589170e+02
2.184396915134226229e-12
6.063668200733133975e-12
1.807197427822739038e-17
8.505056526968296039e-10
1.860274164251711330e-04
8.280677848343644986e-10
1.635728314238648479e-02
3.943375272269216688e-05
7.734767661196557370e-17
2.312506938871506711e-12
1.067264096957582188e-16
2.596259508758789203e-10
1.595041045110034853e-05
4.287899056850943857e+00
3.798834934793781319e-19
1.380420974668559132e-05
1.620738262724566970e-17
2.571828584348864744e-02
5.436215748897894525e-14
2.405167598938804126e-16
4.185801431311282466e-13
2.313137024594424900e-12
2.374217747904212139e+00
8.327229975552413066e+01
2.468588418324501876e-01
3.012972813228650338e-13
1.209746544948970973e-03
1.839133916100053976e-08
4.492418039687617881e-01
1.437453379663281445e-10
2.335254611911674584e-18
1.286495507113569535e-05
3.011927877403475383e-06
1.225063137686938497e-16
9.865504242177037483e-16
1.773377109804619061e-12
5.409489525353530689e-05
1.865601762750644061e-12
2.208088752798945716e-07
3.334862892037896119e-14
2.374975541025554481e-14
5.016601337355010978e-15
2.131657801838231833e-06
2.305559151949364795e-07
6.888670188891976169e-14
3.154718933383985038e-06
1.481952377812456029e-09
4.170963919709839290e-04
1.832689386906688561e-15
5.250918306266288948e-19
9.405153389030608779e-09
1.233656310874751522e-09
4.843404930538427466e-01
9.071833535288103443e-13
5.244511452423810178e-09
6.786804798701565003e-06
1.808124208200859173e-01
7.618001330372082977e-18
4.245378995534122356e-09
1.041964743828859648e-19
1.067152709774163619e-13
7.132033744946722030e-06
9.939100419734185454e-10
2.471339298859541924e-07
6.019121910392477527e-11
1.706367357713459528e-13
8.167355148858251846e-05
1.200708876355331190e-08
7.250737305106339653e-03
1.156472590632958831e-05
2.641627586064786591e-09
1.224977218882134888e-04
2.987058916897080053e+03
1.376079293585422414e-01
4.194887349144472037e-17
6.325179614840475729e-12
1.301647949209307271e-09
7.811602498837211783e+01
5.588317135161221388e-03
1.429882037960621186e-12
5.852963219053046419e-10
1.540649320984324810e-12
1.204557112759255810e+00
8.813263258038870815e-05
3.317829346502527332e-13
7.313030917608266292e-15
1.399454747658972556e-02
3.985731437779154366e-14
2.693188804355903852e-15
6.498697698789840066e-13
6.434473556860824032e-16
9.527237964810017501e-04
3.198873585198436268e-10
1.317826929231286304e+00
6.423759411360008952e-18
2.173754638709523792e-17
2.230858722485710928e+02
1.781935216542589074e-06
3.246073018900632061e-16
7.941619674215779036e-11
7.662701532094028879e-17
4.407237585572349923e-13
1.270790468736476497e-18
1.737470154615190499e-01
3.927464645785861297e+00
1.519916895084185009e-11
2.208669969699775099e-05
2.885206869728223437e-03
8.959453253845377496e-01
5.685232653263770641e-02
3.453037255137840032e-16
9.865017408442317004e-02
2.083141640965389997e-06
9.714963972525348518e-03
6.337780600803287218e-05
2.073374878806900255e-15
1.166122700950195818e-18
3.156722699481443718e-16
9.018698168141222392e-09
2.327271053914806998e+03
2.855533367567751959e-02
1.743722818329772295e+01
1.796251936552402281e-16
3.007298071586805580e-05
2.574078874118625053e-14
3.742794884918294807e-14
2.151207202309077586e-12
2.131468456592804421e-16
4.104406232670279486e-10
3.556114998792548130e-19
1.537554163082855916e-08
1.154331307439183246e-03
1.133131345817953394e-17
6.332787722690467708e-21
2.339845002052990708e+01
3.574482239774685909e-13
2.657909248149574538e-08
1.958942273667558634e-16
2.178268294397434513e-03
6.383552371939278635e-17
2.461974974366715287e+03
3.038427813985539573e-04
4.928833569077854471e-08
4.871396363336756574e-03
2.076103564572584308e-04
6.792494073130892337e-18
1.287267677908136676e+01
1.092319826574714231e-09
1.596950994729112949e+02
4.005656584896592831e-07
2.852836423696017377e-04
2.978553715508179266e+03
2.975752395494575223e-09
4.590922854337893794e-19
3.635686633157912695e+01
4.295046855060022928e+00
2.974003608064124617e-07
4.253915907954003567e-08
1.950563441147444567e-13
1.424644969877611267e+01
8.869667266411627224e+02
1.400436518858510692e-10
5.316427579153191826e-10
6.914347585358792303e-06
2.519980923640321082e-19
3.543856528336907820e-04
8.962798504511851899e-08
5.394302598538089910e+00
2.654669866277355461e-01
6.643147770009231219e-06
2.985098924962565348e-01
8.213445490584527775e-01
1.214066469771035637e-06
1.547781809569412805e-14
7.928726072056952932e-07
2.182955873726044361e-19
3.619821343320848983e-02
6.666152946316573846e+00
1.581905827748838611e+01
5.719912856821806518e-10
4.273092106828438830e+01
6.097249808552837749e+02
4.896303170172279116e-04
6.905898216516223043e-01
3.237162275068658502e-14
4.526190594884784629e-12
1.549156274293627575e+02
8.861559251496125301e-16
5.347832758096190409e-01
3.007827116689277061e-02
2.759413441120406325e-09
5.151707706742226340e-11
1.145529790764845206e-16
6.450258742877097051e-06
3.977772264962334270e-01
8.842677914600483664e-08
4.755492350961235126e-01
6.617601468804338979e-17
1.028202508343567843e+02
3.345393107481227326e-17
1.075857645692620060e-02
2.285605411816636339e-15
3.174694997408265385e-14
1.045478775929126192e-10
7.736266347084347034e-10
2.384371560298453929e-10
1.216286029076955931e-12
9.821597659955213794e-04
1.833606565087359696e-15
1.340363683843850189e-14
1.858047785916252082e+01
3.333551526120233643e-01
1.211667424074237325e-13
1.442624515306270506e-13
2.356472583943535476e-13
5.417312506758235540e-10
2.993502487809060197e-16
1.716881158736674570e-13
3.188746678686026493e-05
2.333612693777277565e-14
2.308899113975690714e-09
1.534369760119071111e-10
9.067971240831520063e+00
3.479896243041755172e-17
1.001073864259152124e+00
3.703845324152205145e-07
6.325175593733259748e-15
1.424100747889238879e-09
6.565962485822168359e-04
1.151827337261861651e-09
1.477961331699047078e-19
9.928433381201964320e-14
2.126761608345433036e-08
9.079199980723660120e-17
1.807422681878415364e-06
3.978411847174592140e+02
1.128509046900405211e-15
2.900937050324678586e-03
5.316692739016605709e-20
1.513468338464424529e-04
1.057347349843134461e-05
1.623680514432535438e-13
1.201956972404526200e-05
1.458295520819578416e-07
1.342611586550226832e+01
4.910222214796712125e-13
9.255529179966212231e-14
3.022154664280338621e-03
6.647257800554999561e-18
6.710391944711686074e-12
1.411709236228487770e-16
3.910259109228176222e-05
6.425189146109019589e+00
1.886361531823307887e-15
5.891640247298067523e-08
6.050849784894792005e-11
2.632753723013153159e-12
1.138867424969517527e-11
3.896890645113152615e-15
8.263801989713495256e-11
2.291668813930971934e-18
2.474888342972207128e-06
3.505649734080681590e+00
1.880053359453899020e+02
5.015770762962672024e-11
3.693903198259573251e-01
1.548204997594552359e-08
5.952176756339956185e-15
1.160878867908604998e-13
8.899187214187833395e-10
8.924274463395645599e-15
7.805724036616396688e+02
1.142636258596513582e-17
7.939628971855543097e-05
2.569713685969888504e-13
1.235931760040626991e-06
9.279320976980741947e-10
1.427007471351719232e+03
5.087246852618578730e-07
1.319391168256787679e-04
6.364916223479544222e+00
1.039695331902536990e-13
4.834720011858225545e-10
2.139317661447969663e-09
1.135389491427427189e-08
1.983613399144689275e-06
2.104603128419415382e-08
6.922327544497156849e-16
5.513302975174332737e-02
4.555253969247043400e-01
6.585694513518250415e-02
6.221899482100968142e-06
8.021528640437505018e-08
1.787670817692572882e+02
6.593864753728171383e-06
5.124191873688290842e-17
2.890594899251005692e-09
3.394707786792592606e-18
3.222087843747109637e-13
1.008289242126958919e-15
4.774319973816094116e-07
2.029035497516649453e-18
1.918763387595694731e-17
3.080126708407677327e+01
2.728391452966642206e+00
2.462414631495553822e-06
5.653505545519415124e-13
3.820840789252769412e-06
8.495567804204873577e-03
2.114780610248687762e-12
5.921650303832156356e-10
6.012538543134797692e+03
1.937397512311626662e-15
3.798494402127016656e+02
7.176809064865560875e-15
4.786215405912668224e-11
1.735786845729565780e-08
1.687831283420040251e-13
2.179459676972688483e-05
1.372784633285151906e-14
2.783418624396443892e-05
1.541324910492919412e-16
2.719151351908709083e-15
2.588586255852730667e-19
6.776919849147631722e-03
3.132422274523503069e-13
2.148066035167960083e-09
2.675826118542932019e-17
8.711703186793503306e+00
1.877369375236901124e-09
3.319933382438426152e-03
6.463660651441142761e-04
4.988030429508144951e-18
3.744203797052910746e-08
1.011988811524636311e+01
2.558849617363765400e-17
1.189314111821497998e-08
3.046906041022040199e-02
3.213029019859267459e-14
1.845593645831662049e-20
3.537886075901846547e-08
1.575158098701009581e-18
1.639551944700526155e-09
1.180079639068797740e-07
9.940915629259861053e-01
6.520603343923598980e-15
9.396723142084278879e-08
7.962650866898776416e-08
3.811850841070030339e-09
3.480817330983234965e-16
2.553587321924019543e-10
1.013060141691261720e+02
6.774993247326065121e-16
2.684598413958724228e-01
1.253616123005871032e+03
1.412939206900769290e-14
1.041532272451494229e-07
6.259090922273048418e-01
1.394391861753966211e+01
2.806089483109102679e-13
3.688244365979918893e+00
5.415260260747098703e-12
1.581140664336329595e-13
3.718251676513766757e+00
2.235516637211772289e-17
1.643515003568385182e-16
1.669374042669278544e-09
3.028533909683995504e-05
1.370552237760746875e-16
7.416870577289072654e-09
1.567671537767808612e-12
3.420012093788485686e-19
3.160902485796763107e-04
2.258056904034854854e-07
1.104022150946251628e+02
1.437283393560144402e-05
3.044170987339738736e-04
2.979294269056078980e-16
7.331553193690722559e+00
3.816342016704749691e-04
1.072916433843903239e-18
1.565863114188839445e-08
6.784530560649177293e-11
3.066401450357975154e-03
1.279740239137047962e-17
4.843663924181406677e-01
1.242599250733887332e-14
8.751144793291045675e-09
5.539361474929192092e-02
6.247901638398180069e+01
2.738081223064144722e-05
4.582049938173867083e-08
4.592031025574870730e-17
9.208421771797242403e-15
9.635191979640462265e-05
4.779997631974256829e-06
1.885359917949159677e-14
3.760855944092324488e-01
2.233258544511934005e-05
4.629290613813892687e-10
1.681026126486615387e-08
7.158120000712314513e-20
1.974676604323349494e-07
5.311021392238269101e+01
3.558383575641383550e-03
9.176559212576370647e-10
5.573701198707655554e-08
1.076765328709271477e-13
5.291476104397018161e-19
9.856315937568986829e-01
7.019659244556061741e-05
2.296818401847777826e-07
8.690374299095979804e-01
4.217015462710857325e-04
6.939390615876589452e-02
2.449607776708710672e-16
1.707917309944593438e-12
1.169213705277139262e-18
3.218629629045918250e+01
1.114762983221583702e-10
5.156988374618572847e-10
4.979987881695748783e-06
3.084908541367970614e+01
6.872937240085861769e-11
3.425720695681893526e-18
7.115750794779893178e-15
3.311470655151672418e+02
1.473143709808104221e-04
7.851189052083212507e-06
9.290360080193256691e-18
9.340811493684582079e-01
2.484340540276859058e-10
1.815548443262441926e-14
6.638645699824944302e+01
1.339659527329961153e-04
1.356677392683646796e-17
4.150260847473785374e-17
4.702649418857616119e-16
1.426902694027206842e+01
7.948901050664736140e-12
7.075101679240737770e-15
2.399490654517761890e-01
3.480285807372356241e-07
2.240018827347880278e-17
1.170038137627771846e+02
6.626303274851814322e-05
2.844563299237378659e-06
1.526398792069384218e-09
8.271477219525375016e-08
5.488521498442274549e+01
9.135985857234044600e-17
9.001263228947271955e+01
6.061351144248379175e-01
2.926339357134564148e-08
4.128858414803448328e-13
2.964757761305328468e-11
1.770206235868922936e-11
3.148594290213022617e-01
3.108603621313898047e-05
2.303677832195163110e-03
9.077309414935436473e-04
3.613116979176450111e-20
9.727988813723426859e-20
1.517272269553368300e-14
1.985355042718370976e-11
3.819631518836393378e-06
2.366901018174169757e-14
7.234988860157153710e-10
1.908146899781784757e-11
4.891419260801452619e-11
4.084446844416067993e-06
5.992565035462679439e-14
5.056018868714125043e-15
9.025989369082092250e-04
8.687795132817769475e-19
3.264769452759188927e-19
1.346484519737431561e-18
3.371408958419292966e-09
4.049013974415444846e-17
4.394050869833033763e-16
2.168638888712822954e+00
3.798324006234523459e-02
1.914896454151371061e-10
3.681545305994636302e-05
1.789116190662560862e-12
8.492672346302215756e-09
1.819448421876553662e-15
2.842105657683912607e-15
2.204003881738098145e+09
6.425969932877580564e-16
3.909686406599934273e-19
4.735769929519451871e-17
2.938816525574427222e-11
1.553618625971892238e-11
3.235841682719805471e-12
1.597904732993406924e+03
1.440540844068864708e-17
1.656638451414062517e-14
1.072832976405653320e-10
2.786286580566976338e-10
7.034536177908805914e-12
1.783597911991837393e+01
8.077631067716383768e+02
2.600088500314371854e-09
1.796891886725471692e-18
3.956448157634379667e-13
9.110943597157646900e-01
5.516336661618022524e-17
3.484442871383297230e-16
3.195211528742961105e-02
1.922500755764235483e-04
4.848869946727653421e-04
4.875473539915791550e-19
2.072686502132076498e+02
6.252980388941404843e-01
2.434929363677606350e-12
5.002253449271183944e-14
1.022921092671260174e-09
3.837924886263311967e-10
2.954614055972614149e-08
1.662359116516582969e+00
1.516353249845081352e+00
3.131545869817929587e-07
1.949220885312689467e-04
6.411993667489223029e-09
8.704321864009256747e-10
4.485138688829465314e-02
1.886604025216091084e-15
9.759075974196177589e-03
2.730775189977620180e-04
7.803300661615656785e-04
5.220622063239216640e-07
8.818193508467889391e-18
6.004641942886256086e-12
1.548523592205170699e-11
5.225126158450752901e-08
3.142580862870288962e-03
3.813404059861650295e-07
1.409940449419755414e-04
4.470214778112355307e-18
5.267974458025671096e-17
5.336520875969077266e-17
7.752407862959963726e-14
6.868246138511194328e-10
1.158090262908535450e+01
1.546855614778663197e-13
2.451801379678474789e-10
1.302748723313832215e+02
1.683341924398848791e-02
1.270248170191403891e-07
5.922350337021973979e-15
2.079780104502934775e-03
3.979538673931325748e-10
7.622873545452783783e-02
1.004690520028583007e-07
8.159900271511744519e-07
1.059654651840300921e-10
5.606303422944728796e-17
1.163532223148452172e+00
6.671972977868157488e-13
2.358461441285718774e+00
1.403278872833781793e-07
9.292572124272000876e-19
8.338170264403950774e-03
2.671465685236598533e-07
1.998791504816108085e-11
2.758830583367685848e-11
1.627899503602438323e-06
4.228456982446968729e-12
9.019059362455783546e-01
1.057335593489857223e-17
6.987278992322680793e-01
1.504217296747519100e-08
1.088761898900441114e-08
5.033534106666686623e-08
3.564052149081730034e-18
3.504440798902333119e-04
1.598554793388661210e+03
1.326821016266275118e-10
1.380908339820233444e+01
2.638886442364296678e-03
8.329056988122910452e-15
2.889996369767058263e-05
1.086300159764655177e-03
9.187517510905689037e-05
8.493306766836808034e-07
2.184651923949099801e-08
5.338858792031858869e+00
7.253979902346222272e-17
3.971146949011097656e+12
2.564133419183880454e-17
4.523255492152891688e-02
3.552294647723052146e-01
5.031359375620294117e+00
2.193259968583986857e-15
2.524565108225769166e+02
8.191675759480055483e-09
3.553051707201676292e-19
3.738916244682165136e-06
4.081867683328525202e-18
1.946366926869336417e-11
7.462202962948271338e-18
8.986643780453403630e-11
4.605568951331258125e-18
4.691692117282229447e+03
1.289877867004490391e-15
4.499520975509707406e-06
1.981702537248207177e-10
3.233171588642376748e-01
1.524465057402863939e-09
7.482181390550240121e-16
3.897868869308502240e-07
1.629820058612802374e-17
1.013370779513581799e-05
6.003111461226075749e-11
8.723952408170264610e-06
1.440665793121967226e+03
4.150921627424663020e-18
2.976553588931936248e-07
2.779435164712628392e+01
5.667327753295473181e-12
5.311620303820923587e-14
6.725384877975304598e-12
1.041594464269120831e-04
6.874328091808936092e-19
1.352916981438782640e-17
9.661987352905621745e-03
1.078807930488007647e-17
1.092490886745429179e+02
1.199757103441662686e-09
2.123842857965281108e-07
8.453534894546337053e-02
1.791347523746630310e-01
2.589315448955026791e-15
3.129124082341493271e-04
4.281772370380136294e+02
1.471097251497888788e-17
2.746152204801650408e-20
8.806051532441318316e-09
5.838122099529069345e-07
3.290144035926458432e+00
1.871553681848921114e-12
1.243015003651210197e-18
6.026684852516082068e-03
7.072926459995685110e-14
4.483351583230094595e-15
1.192044518664488827e-07
7.547301729815773061e-09
1.315035827895625062e+03
6.096725555609329205e-10
6.687283533315294279e-17
2.298888765713358201e-05
1.889322011802587245e-07
5.060170954941220760e-16
2.360687624059676126e-06
1.436647685094864751e-13
4.741579855946219624e+01
2.831454838431597187e-18
2.035862565024944359e+01
4.434022809989986843e-17
2.570205025736416360e+02
8.089518373169974045e-10
5.261061706981379503e-13
9.156182613450460916e-01
6.213399010493349494e-11
3.317210508361415067e-01
1.032943309453359336e-18
5.929735889530903477e-11
2.485119318314450566e-18
9.497325661564925736e-15
1.100555693971842267e-14
4.133508178382404585e-01
7.578779366544026823e-12
3.114592383384854214e-18
7.058289059786527559e+02
8.166155149324386002e+02
4.337362517688122352e+03
1.157068583725982842e-05
5.562484121732426454e-12
5.973123057739185654e-09
1.258702303818420940e-03
2.830800144621422021e+01
1.638802995343350201e-18
1.487062067432162239e-18
1.866739097261270872e-17
5.398306653690906217e-19
3.104980388048857433e-19
5.479713934860535362e-14
4.489155441784055678e-01
6.615381213809433666e-10
1.300851154894028028e-05
1.500303376369275382e-02
3.272441689202016101e-13
5.725559164111512911e-16
6.882136693884008394e-02
5.550533759396676815e-14
2.439481906520797605e-01
2.064581767504972078e-04
3.734512879999765496e-06
2.190854004428887519e-18
4.837348855704278625e-11
2.187849411458419713e+00
1.134098286186931746e-17
4.464482986113725918e-03
1.696364259053413496e-06
3.914833141429855538e-08
2.900722355172079325e+00
5.190557658119287061e-05
1.315126860345627967e-09
8.195979722733425996e-04
5.442978775464590797e-05
9.922580618251218576e-05
1.321357510766463205e-12
8.803013253299351567e-13
3.828333829896612066e-18
2.270804761789404005e-20
4.137027518131501935e-01
6.314298973810604565e+00
9.402975626377564181e-13
4.672170211424487955e-03
2.856750335260362372e-01
8.933295957818112662e-11
3.878143179596299844e-12
3.406621480365838958e-17
6.545915586908035178e-08
4.813819312500430339e-13
1.023905072167870716e-11
3.019207152620833199e+02
2.571480554130679733e-08
1.281201492252521609e-19
3.835040562067819727e-19
1.284510378161332710e+03
5.003940098058088840e-18
1.955572031952980069e+03
5.621668393934653346e-17
9.166645193517317634e-05
1.278531333203401086e-15
1.042624896015300351e+01
9.302240812052566917e-11
1.795043863686433908e-07
1.511531859095301764e-15
9.811493596778111562e-16
3.097126056576926460e-15
2.323129926981425425e-11
5.984945592409273269e-07
1.466590257557219079e-03
1.616945528520265158e-15
2.122772090151825076e-19
4.141918545428462800e-02
7.418005289145550010e-20
9.844481229908598648e-04
3.382735209991598602e-01
6.845473590027392971e-12
5.367264791379054889e-08
6.886351220179860158e-05
1.378948933078289396e-03
2.737173140586244813e+02
7.675782513345818643e+02
2.276402624046464211e+02
3.790913343790147132e-10
2.348930257430378531e-17
1.120787406768071246e-11
1.154292561985232217e-06
2.239999731453163431e-18
1.182564355681482614e-13
1.465094613130385394e-04
3.152401272359728805e-09
3.667081990987169615e-20
2.114002740999297636e+00
2.257866107016864314e-07
1.600060375606855933e-17
2.171553879449188430e-07
2.787065860507580435e-18
5.172781043802006249e-12
3.594561105310345397e+02
8.143008141143939609e-04
1.576618366773478824e-07
1.676126338020042198e-09
5.349077456587116898e-04
2.261741983654200863e-08
6.220449474446548832e-02
5.187443454768524836e-02
4.449337984225698161e-04
4.275602491257898005e-05
2.304785854764771283e-02
1.188530381027388606e-13
2.715833454882990736e+02
7.896094829762032026e-12
8.718164381027755378e-13
3.860791421689418606e-17
1.331587209785829256e-13
3.074956230851896477e-15
1.400463037439684361e-07
3.784463809822169851e-08
1.756467119474059712e-18
2.156944529596917590e-15
2.120916841212101605e-19
1.694564255304005714e-06
1.184604939950528643e-17
2.956310532220769963e-05
6.599393815658350137e-11
2.585200457104605576e+01
6.697543311453890702e-03
6.174438263676528004e-13
8.798264201787183182e-18
1.876420307713044135e-11
4.237940311268496574e-01
2.532211199868470596e-17
3.697860787445420017e-02
2.152510924054766761e+01
3.573523485780721150e-12
1.003205251474529112e-07
1.730638232087601441e-08
7.540422921531439897e+02
4.155800311990107687e+00
1.555891444617284636e-16
2.624217300335520245e-12
9.514169624147222253e-12
3.436119897207889153e+03
6.222367819567722336e+00
2.315830597582052519e+02
1.896332535222229177e-06
5.753675367754008569e-16
3.673715699271437769e-03
2.646698147940620510e-06
4.590841026953304191e-03
6.639670820036527970e-13
5.386928625054936415e-01
7.022158328248647194e+02
8.040770513422465626e+00
4.030337930954396342e+01
6.168293765829406528e-02
5.163468464017319560e-18
3.831812201719540553e+03
9.133255326197851033e-08
3.683757613994911253e+02
1.885129390943817106e-08
1.135044158288712245e-15
3.043280216059389358e-07
1.926979234324584489e-13
1.246815862464808908e-18
6.486549320568115308e-08
3.151996513319084787e-08
1.641636592962287011e+02
9.556626506976001467e-01
4.617195453763816172e-04
1.673325322808625037e-15
4.271504033439186276e-01
1.028666075944123298e-03
2.401495897719132730e-02
1.785025385831086461e-05
7.331247156547494740e-06
5.201545873118075747e+01
5.198059132050696659e-19
2.032565317182211987e-17
8.415116596923353309e-14
8.476755930086854419e-04
3.859213670078809173e+02
2.611819906176961833e-06
2.335892801439520827e-07
8.733630539712963041e-10
4.219357111665858889e-12
1.398340698126055831e-08
4.546470246456190544e-14
8.413956528861795595e-18
4.053220762601998318e-07
4.842915928145020163e-16
1.943698977468848104e-07
6.254243988231451263e-08
1.089825495057941396e+01
8.617774496719939141e-14
6.812999246291390372e-13
2.870775048820383216e-02
2.739180511968196808e-04
1.721929458436835915e-08
6.629379592696706970e-09
3.316461600532845256e-11
2.424712300123760544e-01
1.392468677921714182e+01
4.500244320414515584e-10
5.208004407709139352e-11
6.348045013541851335e-18
3.013945152708588284e+04
3.390881117776968949e+02
1.296961177514610304e-18
9.012325039515299287e-14
2.146466445976924717e+02
3.389813727463122025e-08
3.411699729046356566e+01
2.052862049466526728e-01
1.598687429869090515e+01
4.611097427630070911e+01
7.957505308265418731e-17
2.755524232862502920e-01
5.192654951302452721e-08
5.457164848172106986e+01
4.934146388000912060e-16
3.757530386480876541e-09
3.921195925880569268e-13
6.148288288336798857e+00
8.312190743904997348e+00
5.026055592945936901e-02
1.015541304727599789e-16
8.372378938515383595e+01
4.300782537530236145e-12
1.012261839960237531e+01
4.805257472098950581e-15
2.581697726035060599e-06
3.562039881332495991e-07
6.082001440190547998e-07
5.074347426594595618e-12
1.341359182275168250e-14
9.903091971436661460e-06
3.748039330412882464e+01
1.386228563198695616e-04
3.370918659922394545e-05
3.992237823009160844e-11
8.707049295640073378e-07
2.362819355063998588e-09
1.888649599810169705e-08
1.035393738808785092e-14
5.353045934056059707e+01
3.141097437134204453e-17
4.675533570388611809e-02
3.125877837714006821e-09
2.240657318902812925e-19
6.137229113196725437e-06
1.656057022664898284e+02
1.791509225628439728e+00
5.528067162421194773e-03
1.640962713589327670e-16
2.936942166706542512e+00
1.882264674002909561e-19
8.005665117358569689e-13
1.093508039464545902e-18
1.446363402795111314e-17
2.521568944724517758e-08
1.299115347849142074e-11
6.862310035225263765e-08
1.159531024374927100e+01
6.522165544494651089e-12
3.527138610752477285e-18
5.803723064327717747e-13
1.412546119790146770e+00
9.118150175040844047e-17
3.004362821505607762e-11
1.241546217195867463e+01
4.459973814322316876e+00
7.242299107353087664e-10
3.322987491379694889e-15
2.644576899222760846e-01
1.379733432657960611e-08
2.255816421460574174e-18
2.904439503559481067e-13
8.833413807412327391e-10
7.713509716179614201e-06
2.891253619674698328e-05
1.602927633027427265e-17
4.390224081213806701e-04
4.254666098249751806e-05
8.625294871358660487e+01
1.889693732403891022e-03
4.499185427592620603e-11
3.559824409831001071e-07
1.761922224557657016e-06
2.674829097294280020e-02
1.647491627099890089e-18
2.712643167616899831e+01
3.189057787178484628e-06
2.608917360817036534e-15
7.312364263355119316e-19
8.380913441835750025e-13
2.692543067045882594e+02
4.374690517827732801e-08
8.877026974817549981e-10
7.990530960538153548e-05
1.950637550408352100e-16
5.178596900803724592e-10
1.185271328980454175e+00
2.289955122979280607e-03
6.926406733825337670e-09
3.825945434885250407e+00
2.205478742502156672e-15
1.952411601660478634e-03
3.608408425886132842e-07
2.790692851475413491e-05
6.188334137612686199e-03
6.115214121626633231e-16
6.910751831491522945e-11
3.111096841534941522e-11
4.194274160957854747e+01
1.595272614692353724e-10
5.001577749915440755e-09
1.131709603846323912e-03
1.402991545175912731e-14
2.996606980508814639e-15
6.506895057100952868e-10
7.384768491004447379e-12
1.383875378205660457e-08
2.011301505620186406e-02
9.660232364049031688e-16
1.777778238112649456e+00
1.105800453253777247e-10
6.314926604910007721e-03
3.026086236450419969e-10
4.064878993169002727e-06
6.655792924366014077e-16
9.101940124629477675e-17
8.397570871205911613e-02
1.028463210672742999e-04
2.018128443967392039e-03
8.031190175486744023e-12
1.904017821781673562e-03
4.645270409639453580e-14
4.962057603768310448e-17
4.482115827555558374e-01
3.669099807695483556e-13
2.911182561937338586e-16
4.416767178265067053e-06
3.018244711902972023e-19
2.006384951174328341e-16
3.307850194165751728e-06
7.018146028393733825e-03
4.329025346554692404e-04
1.554615503321310857e-06
4.596204686178581404e-03
3.080910175007143127e-05
1.293554822622961727e-15
3.397017228671813521e-02
3.773734024329507628e-15
4.824768480559939032e-19
2.048611199332697579e-03
2.611856982820964581e-15
1.138029672233699528e-09
9.582140848605738938e+03
3.579231735669714665e-11
4.642362187409682974e+02
1.053625341133137994e+00
1.899273133473847956e-05
2.358583322717998934e-06
1.968391245436958408e-03
3.896896529186627374e-08
7.895287681297982510e-07
2.265961214323008503e-06
4.556166745833945930e-05
9.549731031731654923e-14
2.326753399832000761e-14
3.070731301780518190e-11
7.274926431610798615e-05
1.708542344961454740e+00
1.212661293802670741e+02
5.621480867147032712e-13
1.216148718513846010e-18
3.852489019552743834e-09
7.604544804181547229e-17
1.562973667391078596e-09
1.447633229561998235e-17
1.104409720307448822e-04
2.454320819447265854e-12
2.863097282721580386e-02
2.459305465581102939e-12
1.214332130453367675e+01
2.046261933152473489e+01
6.415742368648668627e-07
6.064871000235468321e-19
2.691919967592299226e-12
1.565027215081732518e-16
2.663046324188032913e-12
1.890031459912890225e-07
2.073652440566322322e-19
2.209019324921834427e-07
8.968424220393218690e-15
1.891339619543073669e-11
1.635926126176875981e-17
1.020852536159828168e-03
4.122154466811921205e-07
1.935486120739378021e-02
3.799702836189171899e-18
4.724979617039152480e+00
9.930748715486878769e-16
1.466909642764425037e+01
5.094919237907067972e-08
1.243551026977059553e-18
1.296977482581846157e-08
8.588198041398944268e-13
3.661104279177547483e+01
6.235767955366629727e-07
4.257776880735639376e-03
4.451122850312247405e-19
2.333033571978469290e-04
1.797229699234814959e-01
1.737911469125694148e-17
3.810763818903932232e-01
1.496228380092055620e-09
2.000892722098785178e-10
3.370010491371792233e-02
2.353318676024666876e-17
2.312233925224216352e-05
3.713339408606379584e+04
8.873744408585246634e-18
1.368017812909216162e-16
5.233060105448062416e+01
2.165672946942119381e+01
1.728158350201276861e+01
5.501835122367302522e-16
4.064595463322974716e-10
8.967236324148720428e+01
7.276309560104328609e-14
1.907859403682534913e-04
1.239293046224997854e-20
1.975096501736556409e-06
2.451718874600847864e-10
4.740693113919620476e-14
6.298762420223628832e-15
9.687296412791366373e-13
3.342812443342887162e-15
1.974372752113616838e-10
3.969225340032223892e-13
1.258965182471126137e-14
1.102787584994117205e-03
1.261156504970057085e+03
2.985037557392598804e-18
5.161559509570535553e+00
4.461605391040248987e-18
9.162068527240582227e+01
2.310994701182025159e-13
3.685363681407374088e+02
4.224436242171827113e-05
2.473557671523707672e-17
3.776394212255911743e-09
1.624832799297451210e-18
2.248039131169509020e+01
1.439144839816373376e-17
5.499523641500495807e-07
8.659274190431480633e+01
2.124529160144548836e-16
5.345304659155489369e-20
1.020818636941525028e+02
2.831536797822182121e-12
5.450863378055561955e-12
1.798044032610086635e-18
6.544135348802872620e+00
3.321526202367750980e+00
2.144097940799509911e-05
3.026896826260393902e-17
6.177645878270029434e-18
1.582744495249115132e-10
1.124584114147509350e-17
3.582042118117021931e-03
2.775489107965692028e+02
6.916901868682275023e-02
4.481340704107872157e-10
1.375405809498278562e-16
8.735339942265327168e-16
2.602643516447355765e+01
2.783675470689164628e-09
1.774137984742262697e+00
1.158437573998830680e-04
4.026944851047039481e-13
4.125299544243104396e-12
3.013075200313155218e-16
4.659870491600336451e-11
2.618759639527002627e-10
7.551531631010979629e-09
2.197400198577374765e-14
2.454366194350737768e-05
1.072329436052944681e-17
5.467622969695371695e-11
1.376675552069454125e-14
1.253565791927330214e-12
1.009699679194327786e-12
9.849444075433150345e-04
1.720837346313903165e-16
3.597998563115028386e-02
1.604181071023651087e-14
8.645850031983914619e+01
7.365147590252661588e-13
4.872102921082256011e-11
1.127187112710484939e-08
1.908225738610077746e-20
3.379568424512161806e-15
3.010879361706586010e+01
4.397659659462178168e-05
7.648609139165294705e-08
5.043214182732456141e-01
5.421583545753878147e-11
1.714457667111949182e-18
3.866892127865190063e-06
4.155294889680862009e-15
5.296931918713497113e-18
9.581042612468918154e-13
2.648043150169368184e-02
1.665339556675539061e-18
1.524877605985717421e+00
1.016307349312332250e-10
6.734706061947123290e-01
1.044505285190184907e+01
7.937456011142057832e+02
6.165558671144832383e-05
1.148903503935116890e-03
1.810256511400185842e+00
4.234506694230316042e-10
1.427205717034771946e-19
6.595134690824110302e-17
1.150361783010051868e-16
6.118046529000938927e-01
1.102871321679845841e-02
3.059268608205273658e-05
8.080549590237262603e-01
1.034649498087098885e-07
5.978885002591354555e-19
4.022948704111490325e-11
3.351072418321790392e-19
1.268581802433685866e-03
1.404090791146433807e-02
1.693629488716819509e+00
6.034897049382350356e-15
2.314754434349657254e-06
7.756713084117362075e-11
2.934295730285464782e-13
2.041709795579881546e-03
2.701077090379286599e-03
1.288792157444954706e-16
5.089277360323152255e-01
9.006836693359794310e-01
2.829907289864582838e-14
4.710934528624008291e-06
6.176064110712924038e-14
1.295834213355703335e-17
1.856784269878357691e+03
5.884051271621225130e-11
6.200237234285256712e-04
1.051936246761427469e-12
1.004180664986167827e-03
8.500863643283758375e-02
3.666240309194861576e-16
3.195267352439152274e-20
1.628808536886705756e-04
2.130056354694984009e+02
3.172900750588623139e-03
9.839737249760914062e+12
2.133868654292786967e-07
7.422528301850988142e-11
6.362859951472468832e-09
1.000345294978821754e-07
1.882720312702969765e-16
4.338103317472424402e-15
1.270209919190317111e-17
6.269345788268300637e-19
7.092631563047300039e-03
1.899122641254728405e+00
6.282224931039602325e+02
9.424357465166191360e-06
1.194197029855522852e-10
3.969161347599559401e-04
2.085329297319386786e-08
2.114698732570305013e-09
1.058441172482155722e-17
1.648209740103944299e+01
1.945313085087439361e-14
2.285126689578604427e-18
8.916604322207495671e-13
1.302206978500089658e-02
5.679180159136642324e-11
1.614538698007545520e-06
4.653312123259448196e-10
5.255463849254670154e-05
1.243383480875612006e-12
1.023841583201636884e-03
1.063707475662573298e-06
2.128152090382394784e-09
2.171864996963348237e-18
1.554600183050506845e-01
2.815040684997326430e-08
8.374034722931177260e-08
1.780816709562011479e-13
1.129203266201755527e-16
1.101848749345199177e-17
4.119919649027478778e-04
2.765388935624241295e-20
7.053196762222411427e-10
5.388514257167023071e-13
9.868487968985017176e-06
4.053393380329240836e-04
2.311001559524696744e-05
1.168722847268520864e-15
3.683130686065449327e-02
1.230315517636933510e-13
5.710742146335502350e-07
3.211011082018506296e-02
1.231448169563606545e-18
1.320083288723035654e-14
2.772749200395227490e+03
6.691593358595883077e-17
1.073518281665805781e-17
5.340375353399419377e-09
7.438730558974060720e-13
2.628898316910108145e-16
4.771030605883639617e-16
2.569168546545606258e-15
2.079315912679626877e+02
2.181796515927762320e-08
1.565951004014776111e-19
5.424592295743477139e-09
6.512258362276397058e-07
1.965651447051419254e+00
5.136075961752228133e-07
1.455549909608301527e-12
5.618716735416183331e-11
4.131055007902718901e-02
1.697668111092595853e-05
4.272723026719469010e-06
8.900193917002351895e+01
5.967267476387949775e-16
4.531779777458112141e-02
1.194193236408909715e-08
1.614149878353856133e-14
4.585593327580074256e-09
7.829387002105771173e-14
1.233417961012251897e-12
1.927394242801157986e+02
3.108826403654432426e-07
1.611498712611616376e-05
1.742854599499854189e-09
4.476537444535315599e-09
1.182838312938935670e-05
1.557962118886731752e-14
2.493306736321075659e-10
2.547130952101727335e-11
4.962579382040093953e-03
2.530884919347833276e-03
6.125993454972144675e-15
1.605743329592012048e+00
2.503341563736648823e+01
9.487325251910341719e-05
1.937097018089988444e-10
1.611808505431549285e-13
1.970776102182094508e-02
6.250833126148485471e-14
2.559111326904924336e-04
3.740241515508709065e-06
2.092863503349632557e-10
5.087454486061129321e-08
3.472950155531900334e-07
1.485771232092816460e-13
7.327067645479613052e-05
1.638854645076420005e-09
3.604367562263812453e-20
7.516718366485157606e-20
4.508909052521961557e-06
8.185292287541416689e-16
2.710600009595520200e-03
7.034093722838939486e-18
5.892454430427185040e-13
1.723728195381348375e-07
3.947274173626226641e-14
4.298501424620682199e-11
2.836405508512187573e-12
5.246483961550915551e-07
6.679384141605962100e+01
1.583803318101183711e-16
3.453084094025681838e-01
5.226798512659759643e-02
5.101102118101048295e-07
4.324713027223540006e-20
1.389838660484862717e-13
1.498366611533348091e-07
9.052930307564741952e+02
8.889112022096478042e-08
2.734513363060111103e-04
1.386816197310041616e+02
1.496371828581310933e-14
9.580737269328806355e-18
3.174849839829483684e-17
1.156033558919276260e-15
6.773423720224224919e-05
2.129501105504311820e-12
1.655377043861656045e-19
1.519331454596549924e-04
2.928362715445111145e-13
4.148461287371483195e+02
1.696092211543532002e+01
8.712773038711895879e+01
1.261564273296280362e+03
7.774854608338617190e-01
1.612012447201021659e-01
4.981001916554904064e-18
1.498624654671451908e-02
4.652797705758800362e+00
6.719706183805392857e-11
2.927622639571566664e-03
1.456504825003939914e+02
9.244250886995044339e-15
1.188953176366655652e-10
1.343623181727439671e-15
7.902776058113623857e-15
6.069136774848297746e-16
1.216196886767737460e-07
3.311076961753247988e-09
1.619362598039267596e+02
4.403704346353270229e-16
3.125374168584709377e-10
1.009188477683715156e-17
1.615304588755811984e-07
3.968262301018099640e-16
1.429880478307837564e+02
7.105235151226449442e-03
4.544496583969954748e-08
2.215122711941880597e-10
3.460785987234938260e-18
3.414081831018970240e-09
3.389278172198728658e-06
1.095755826919736720e-04
3.186149898908957026e-04
1.231541726651800422e-03
4.842520957451505563e-03
7.661525476262787732e-15
1.362988045938482742e+02
5.540443354265818521e-02
1.970657409812392575e-12
1.061345674330453015e+00
1.155781687537160461e-19
2.616404396425644693e-02
2.984168710447332191e-05
2.063176515421620972e-04
6.041864180749082839e-09
3.413856019025508459e+01
5.614357682717187345e+03
2.690472445251787114e-06
1.357697641249685031e-15
3.633617128903007057e-16
8.471639868693198436e-08
5.628591335628747644e-18
4.274153035041254232e-04
6.194434060487723085e-05
7.578303884604450230e-03
1.468940922376165586e-05
8.632559985443757672e-05
1.246139873592917030e-01
3.944964164243610488e-02
1.146858872390478339e-02
2.098347217196755597e-13
3.924744171776334952e+03
1.561263266306618647e-04
4.632256496824530978e-09
2.376393270551320992e-14
7.080656477795711519e-17
1.470938428016913165e-02
3.107978937743383600e-13
4.632470315391940076e-13
2.728945470782333872e-17
9.322514027130125669e+00
5.220038087069943248e-04
1.339760382820961659e+00
4.376068379104788164e+01
2.352367561163472734e-07
4.561822762401318410e-10
5.385350426490178023e-11
2.801646545944224598e-18
4.206269149961011059e-19
5.290158576967322543e-03
3.650336033271046891e-17
1.181099464107791022e+02
6.572656632156991122e-11
6.372654057085019169e-03
1.387487410301821745e-16
2.073515128822876338e-14
9.148944066571285810e-03
1.037381992677059285e-13
1.359509827386186378e-08
7.242055755244923887e+01
5.694145449636619118e-11
7.512685091173900524e-08
2.110997725533561109e+01
1.426484425349809726e+02
6.101627890835803214e+01
4.927140676349517964e-18
2.500216520097682895e-04
1.152456880865894719e-19
4.043148776535912767e-07
3.628388090268672347e-19
1.820588511588704661e-01
8.881963552379873222e-11
1.943841922796459546e-16
3.934118503526004283e-11
7.340173937491700391e-11
2.160425284831586320e-04
1.348027488753923795e-17
4.551027342394436886e-19
1.517629686108951773e+03
9.990954233147978863e-14
2.760110362150694098e-15
2.040660553283130168e-18
3.562625500357593894e-16
1.271125652736737176e-03
1.048819321797613203e-04
5.167129303383965859e-03
2.006475701694839658e-02
7.039071832930318724e-13
1.059868127572061392e-05
1.084294478464090616e+02
9.874522129064454610e-14
2.511955142375885356e-17
1.381465728099249620e-08
6.326198136318991042e-14
5.386996932540479704e-02
7.524189724692035078e-14
4.707117538455510697e-06
3.083837301735460019e-10
4.038808128265947319e-13
6.614405812178888715e-10
1.720105609373153769e-06
2.225654623731610843e-17
1.874791474306992322e-16
6.367282611735588734e-14
4.671431454905267110e-13
6.490896581958068012e-03
4.705192554378006831e-07
2.954617525731373464e-14
7.142835735901612582e-01
1.339055028587892923e-02
6.385300235158056548e-07
3.275038549668697220e-13
1.512218827754530824e-19
7.735535960226094247e-16
1.768385532222303658e+00
4.690571051938590536e-13
9.384501587327402626e-18
3.335220050625317472e-12
1.110091123053110079e-12
1.627338258884056478e-19
1.041508402088957119e+01
1.662730708213236487e-09
9.803529013029081074e-14
7.454150227589236985e-17
3.231895552113662262e+01
5.001125071063639780e+02
1.172527332952607790e-03
4.380960541273648131e-11
1.761398153891575191e+02
5.618109189987217178e+02
8.368800968353725438e-16
3.785428095785253019e-08
1.145641933127808237e-01
9.231381264310168433e+01
3.409027630917294549e-01
3.454340725806384800e-03
3.847465793430014221e-14
1.854447067059777854e-20
3.513449757223290879e-12
1.512040655332131701e-02
1.056078316286820779e-01
1.758961434267481848e-13
1.369859191092250512e+03
5.179878264693438856e-06
2.306070292566596525e-19
3.584623914311095703e-16
7.239967705456706870e-02
8.743762615476159986e-14
1.014851210695648844e-09
1.912437992772808155e-15
4.739643848208033526e-08
5.893871101629397683e-06
1.380897017902484091e-13
1.288562817027588770e-08
1.859985189504831295e-03
3.051331811513460361e-10
1.880460972022505663e-15
2.749470900056743057e-18
4.892154216504756015e+00
8.311585295507612274e-09
7.116374608476963422e-08
1.230258953133441924e-14
1.215523839390496903e+02
5.471761119831166067e-07
1.062928592790437159e-12
2.521304878198506631e-20
6.001127300028360843e-19
4.270625519764316885e-12
3.725669816966028495e-18
7.576318619031045116e-06
2.190278748481128236e-18
4.256103520458133858e+02
1.334912500687540557e-08
1.655961852692869248e-15
9.689791871321757234e-17
1.578433415185815609e-07
5.431073050018074255e-21
1.373835952931408179e-18
2.430972615259003788e+01
9.907193675432421701e-03
6.341613074968374675e-02
3.586482061766696349e-07
5.085070885257610485e+02
3.294163357695052631e-04
4.271902326639470960e-10
1.510962499435435091e-02
2.014693269748694338e+00
1.047627679126083011e-01
1.255983204351996588e-07
2.586677947727335151e-15
7.530621870477523759e-04
1.500283650383592318e-12
3.749255804731906384e-16
4.783708278493034095e-09
7.290779677231636003e-15
1.673190749594754667e+00
2.349971523020967902e-18
9.842289864247902642e+01
2.171273549096983457e-15
1.240680695673937592e-03
4.783590851524797516e-17
1.026857576963616402e-13
1.076838377481667146e-04
7.239944705624188259e+01
4.743829521230791357e+01
2.777708120708108481e+02
2.261980926167782409e-16
1.000122436117589864e+01
2.010088087418706803e-09
1.068396739985573829e+00
5.121857489059199823e-12
8.981216386692110919e-17
1.107673291805747236e-17
5.685049098794259689e-20
2.041156176721930656e-17
2.299578131527468372e+00
5.485242671880122054e-09
3.393130759240065864e-08
4.327061935103145842e-04
5.158117365238637493e-15
9.622953149135142389e-12
1.627101584153704356e-13
1.275457778571897297e-03
2.192046985706349801e-02
1.468990565384424574e-02
6.610862573990914319e-08
5.384411635339449336e-14
1.235650772933333008e-05
3.623293609892944914e+03
9.642997823883481709e-07
4.433110321190806476e-06
3.106609625389145535e+00
1.197121040211993450e-03
1.811788269290937675e-18
2.700539363082530211e-07
1.241226670874936039e-05
4.401663504273716632e-13
3.478425705995653150e+00
3.896112295077877376e-13
7.308192311954448929e-06
2.069739504685102182e-15
1.068609097699548586e-14
6.101558934392628863e+00
1.812194604448472925e-06
1.480297912751327510e-10
4.722427162058467215e-02
1.690789565359672539e-14
8.713666095046491478e+01
1.913449744309163036e-01
1.678555431487786775e-16
1.132496434603869534e-13
1.491529820528061522e-04
2.422400734206714645e+00
2.889682558759940066e-11
8.027551063604901729e-09
6.439177692378501331e-10
8.910229894119151258e-16
1.414178239194651809e-03
3.832589709291258447e-15
1.053229566269574389e+04
2.016874299134994758e-14
7.791118048849450452e-05
1.562690225571950550e-17
1.330918653201887125e-01
9.974498353296592839e-13
7.150158425620864358e-10
4.368522264880838801e-11
9.791479024672742671e-11
3.615398401057164611e-04
1.774834192931602050e+00
5.728364513533816057e-17
1.507645580104272917e-08
8.681928243738174444e+01
4.074229781096039376e-06
9.429709640154244426e+02
5.465484945123288952e-18
1.433239154648245442e-17
4.399970717075165179e-11
1.452359719798787012e-07
3.102135649611256475e-13
3.194398185779108933e-19
8.424853635845397548e+01
2.615758762998899100e-07
1.095530480061580027e-08
2.848259400739537643e-18
7.682490610283880607e-18
1.400514047925646354e-11
1.539865103629997733e+00
3.215042436017712557e+00
1.643017804136738036e+01
8.129926686487384295e-12
2.088164564529133231e-05
1.617864093454817560e-03
4.028037460091433331e+03
2.551160217016679166e-01
2.624507448092518925e-17
1.749389900696645222e-05
5.307487550311114077e-01
1.365717391803741793e-10
1.879728198923557738e-17
7.637828394758362435e-03
9.472316790799633832e-03
1.605183649421343112e-08
3.380269101839796842e-11
5.619583245078125533e-15
1.519471840679145873e-06
4.611708223743701858e-20
5.955748981944972674e-04
7.824606665033976818e-11
1.486117774891763362e-08
7.824880313011515338e-12
4.358349248159729090e-05
1.468200215285453756e-11
1.716882318083040124e-16
4.006662942842380260e-05
8.749593586902330232e-12
5.199885916717773467e-21
3.614090865636149230e-02
5.471862957657043156e-04
5.108567516277871676e-12
1.365168967482936415e-18
1.668626473003164104e-13
2.064151128463477005e-13
6.946189875831706682e-19
2.413351363523609423e-19
1.612024793388206298e-14
7.419726607681774349e-17
6.574854978906520715e-05
3.911737234426651427e-08
7.459659505573718027e-17
3.344723749489170928e+02
6.183296905510712375e-14
2.927856955345182900e-11
5.241987209176804692e-08
2.393850800560283460e-14
7.470991786834724768e-17
2.859396071135907267e-08
4.445740881369964967e-04
2.726549927995595146e-01
2.203371431225624424e-13
7.665655652633485563e-06
6.986393439823710909e-07
8.634900749767820116e+01
1.282126129025817012e-19
1.264302010798968272e-06
3.096222720929381442e-04
1.501975805107170163e+04
2.683650703853449419e-11
3.653663880463557134e-15
3.988609066037233138e-04
8.872517927672762025e-05
1.021335501083330090e-11
4.411691778066942031e-13
2.320423763983923623e-02
4.740535964652026511e-05
1.395241842894932571e-11
2.150560706765842311e-12
3.148211802719869112e-02
5.788129501397608010e+02
2.165006836992404213e-10
5.276937567729199287e-12
3.032025861887282722e-03
1.305240229954781171e+03
5.335627390433821809e-02
7.739102855077792483e-16
1.215345275563650888e-09
3.467435640821389070e-07
2.036799091758255756e-02
9.901979886787714236e+01
1.189281774914833179e+01
7.263810606562146046e-13
2.152130224308503966e+04
7.334152270168889530e-09
3.282159493610229446e-07
1.252730745717122628e-07
6.753825636941062152e-03
7.729308482562170168e-16
9.417805346364676922e+00
8.380262809772671684e-01
2.960016165423574110e-05
2.008421846041300010e-06
1.210016300660509650e-15
8.796556199992433583e-06
3.482105913553368846e-20
2.160600809672757932e-05
8.379433040335611951e-20
6.349965298004151215e+00
1.580834797178211559e+01
1.569071956300407062e-11
3.425653036895491255e+01
2.117888788275276260e-17
1.745124114358114311e-05
1.314482114576859484e+00
7.853529073606967614e+00
1.312681302700889158e-10
1.766085599218060356e-13
5.967895756604305824e+00
1.105839982496549471e-09
9.217685450627177488e+02
5.298296663315659606e-10
7.930691903499349847e-15
6.661150382974863533e+03
1.140655289701001098e-05
1.952157983763899360e-02
2.224397343104521781e-09
1.283099041748157394e-12
5.181955903998517083e-07
6.271567063829742204e-15
1.394872260557866383e-08
6.544036297773401678e+00
6.436827575931838858e-10
2.487305548356041678e-18
1.334774160177666118e-05
1.589229046466029247e-07
2.078407562363247513e-10
4.802782347291326064e-15
7.662178648555116207e-13
3.687321222011334105e-14
2.253452915498262241e-03
3.200779939205623380e-03
8.543189462326698557e-13
8.931190255527695223e-07
8.703620558352281478e+01
5.316082298606315996e-08
3.947061240906567295e-16
1.812967762689702899e-08
4.444190952038778703e-07
6.862926792136196354e+02
2.616291470518298112e+01
1.342836099700225220e-18
4.604456627020475645e-02
2.400629444852241110e-12
3.010464601906047466e-06
2.048238131299771845e-10
1.205494124683046548e-17
1.741456292854083465e-06
9.479824373957285015e-19
3.375915233975716546e+03
1.942892984011784915e-04
2.030804930882858272e+01
7.383966523392090594e-17
1.033119898361802269e-15
3.081875504430333201e+00
2.569334607363027119e-09
7.296512102443762805e-20
5.273269389094872738e-12
5.613371326734538067e-13
1.628460918035003061e-06
4.735161278966650640e-12
1.133017601556802568e-18
2.245272695012702441e-15
9.878088935451100728e-19
1.977994888912989424e-10
5.992896861444314993e+00
1.861436496683899566e-05
2.319300497756298686e-03
1.136004662126167968e-09
4.319796570210188724e-12
3.489099990051118323e-17
1.082243584479553461e-01
3.721036912313621729e-16
5.301373282831909635e-07
1.141854531626457814e-14
3.028610169015037812e+01
3.181054568581792585e-02
1.658289234011489561e-06
2.956977226168798640e-08
4.207697818179250118e-10
3.730854380325000254e-03
2.015490253149362913e-10
1.958993677079117618e-02
2.749584665470819118e-13
1.175513191054337215e-16
1.337243945006011273e-04
6.011547881908959612e-01
1.729937486917939705e-17
4.557999412889143542e+01
5.485412636505121828e-17
2.710858430411992417e-07
2.376136925029261369e-16
8.213114864083903964e-14
2.363936339977287560e+01
4.468315670971245951e-05
4.405838981510861174e+00
2.110726070950398025e-16
5.636930078168220226e-03
1.196173050589372724e+04
1.170111359931772692e-03
1.324019204035258850e-19
2.600046736110509588e-12
1.710253276413890682e-17
1.879288507912198156e+02
1.756837971453368063e-12
4.512250079122816543e-15
1.666987119665637511e-06
2.478796324828396327e-17
1.296729908846472601e-01
1.805116920129173810e-04
2.062926335819313846e-03
1.114769315819452178e-10
4.272524326560821601e-18
5.845067085816242297e-14
4.206805832840832657e-15
7.518730877731990407e-07
2.611957324183948671e-16
5.758877886088542243e-09
4.320509378151076471e-04
4.468297812443534059e-09
1.874115161047834044e-01
6.290974203850348608e-15
1.671374780564140624e-10
3.292095752367637757e-06
1.116880351316149608e+04
2.670034582487416756e-03
1.970376590431245609e-16
3.282990316824154031e-07
3.376376227530673191e+01
6.782361952183205365e-15
7.902555052984589282e-03
4.812824584750199666e-17
8.405011141496247546e+02
9.497718561334379257e-19
1.662142835048988329e-08
1.882682869907936991e-12
4.447900301835145565e-16
1.371103403943873866e+00
1.937958405158037976e+03
2.449775210606778611e-16
4.556331249683207574e-01
2.059023264136868292e+01
1.560230562663112200e-17
5.896028202667391167e-08
5.418334983847337277e-03
8.128189488287476200e-15
1.274243242387847903e-14
2.359533905270346915e-11
6.363299938035822120e-20
2.964985109450272205e+01
2.214952954841337617e-08
1.858788842396001150e-13
1.196634524687537722e-10
1.149394672043068030e-07
2.274909259320501143e+00
3.951278261309676957e-10
1.812269565829764003e-05
2.970403115184724104e-04
nan
2.403411896278046365e-15
3.963183516706218333e-18
1.174152528409010678e-08
7.897923689974795103e+00
1.897363932495693325e-17
2.403832856976989610e-14
3.000430727723136442e+04
7.161069158280134693e-12
4.846561207488951362e-01
4.065535462938984547e-17
1.030764379187651497e-08
4.324706196854892840e-03
9.224506199936760737e-13
1.160399105328781586e-12
1.224644676711188458e-07
1.068097677570576526e-03
9.965699843379930435e-08
2.827202183356528526e-17
1.263385131988978023e-03
1.634584311802939711e-03
1.053352032501004439e-18
3.291974131735519996e-16
9.931891759087573490e+00
5.722071908949579366e-09
2.211518093819214337e-17
1.907913923199227875e-16
4.058659987416408604e-06
1.124078135497654190e-16
8.143424408615089942e-18
3.636100163360471939e-18
7.630172924401894532e-07
3.890500723635308648e-13
2.572495461486423274e+00
6.271169127186586868e-07
4.808472316368775923e-01
4.929088615154270077e-16
5.403420136873268503e-04
3.843540179062777118e-01
2.311724756195550259e-07
1.176270391014312054e+03
4.903230412652812222e-07
1.922182370293579537e-02
2.269649085668968075e-10
5.899253929701388188e+03
1.941426434024101257e-19
1.442228973832876306e+02
2.592333638004620488e-17
4.252993259165134543e-02
1.239438281710517121e-07
2.309211694439456422e-14
2.356931684592499405e-09
1.653216323259865950e-01
4.034723824040636984e-04
2.800583166931602462e-06
1.536781546817109887e-10
1.618960207997598613e-16
5.407984419056491276e+01
2.195907597796611891e-09
1.341313720339213474e-12
4.494753263993814872e-11
1.159388922583523492e-19
2.243086857857171766e-16
5.913536867186296753e-11
3.831816953540538885e-17
3.273510430634205687e-03
9.098087311963509328e-14
1.072653548735204765e-08
1.242256911489279815e-19
2.221179730244577313e-11
1.585736192436390700e-07
2.271494320734129714e-10
2.857099713024589569e-10
1.994910658940730947e-10
1.472539222956436222e-11
2.632578206521954053e-03
4.129350044665935776e-09
1.687179950747814643e-09
3.950635044378402794e-14
2.141314018622108057e-05
4.114411946909607565e+01
8.723752472049576780e-09
6.630815915095560287e-18
6.210471990045509649e-01
1.753899762335111842e-08
1.506140393438952784e-13
1.067511128776080856e-09
8.670574490682099622e+02
1.275620733375490381e-10
3.039790301046096991e-15
1.593384855566839065e+01
9.450687994218968967e-05
1.451133090233079183e-17
4.265817178750932961e-11
4.869072250064417767e-02
3.493175565869210566e-12
4.465762776454521161e-09
1.373431712048872155e+00
1.016319795745777681e-02
1.170545028392631963e-05
2.312746150407640187e+02
5.221556013454142775e-03
2.021128739891341120e+00
1.447071783934518116e-02
2.553023719129695458e-15
8.430243048103889386e-03
1.465210602786558292e-03
1.016676037413019200e-14
1.691735874152094227e-03
1.730128084718953038e-03
1.583119516364644596e+03
4.008716497241701557e-19
8.985911019076879254e-04
1.517231054268226590e-19
1.490388309938494147e-15
5.884097305024587861e-04
1.017573436135585097e-01
4.146963312588591510e-06
8.258584504501241747e-13
3.643961008271233568e-11
1.891116723874711251e-13
1.313250928800594508e+01
1.020920189828697510e-05
1.528851645635330936e+00
3.327630457138011089e+00
1.109114245267041721e+00
5.423839757836115934e-19
3.171666389830135107e+08
5.650099180056860460e-05
2.973786661477026456e-08
2.702501665097616932e-15
4.061099698499472385e-07
7.124262241049583294e-16
5.855010470516177734e-05
1.245401577807634386e+00
3.980257727172856749e-15
7.714659953100661482e+01
1.911872308621595698e-07
2.358620987334696835e-16
2.629692996795396396e-11
1.152524463461631967e+05
5.984389113250790054e-19
1.327229538164246322e-03
3.075441012322096604e-09
2.104751011044647593e-04
9.401142875076602401e-01
1.765487646933495194e-18
8.893389900794883350e-09
6.095458702246496572e-05
5.410616098845907346e-09
1.394810371286545570e-15
6.553391339550166386e-10
7.394090279879569905e-11
3.443539459307727737e-06
1.245443563899914409e-13
4.551373386027780958e-06
4.943054187042880546e-12
9.921972385694465046e+00
6.994360125604837108e-02
4.193256336761883141e+00
8.837967648077604821e-02
2.805875844644583362e-16
1.377632314250963595e-16
6.386859357869126486e-15
8.943173774554947329e-06
1.225919619739424937e-03
5.334375613039014752e+03
4.820624378613041977e-07
3.460263468748887086e-12
8.467192348012726200e+01
4.372230432557972982e-05
4.272544884532039380e-10
4.196242574530795962e-06
9.158700346106051168e-17
5.055456116813725011e-09
1.033771219802048986e-06
6.185851596517183506e-19
7.440317916976797556e-03
4.490165314716232414e-10
1.500062708035205066e-17
3.335333319450349447e-09
4.734482580356110495e-12
5.978001888159710445e-07
3.647858596542794540e-01
3.382609562198717751e-02
3.837322220009140239e-07
3.093247647525118528e-06
1.407678021718296880e-19
3.715936185304344930e-10
6.439001745703896709e-14
4.224027263889067521e-11
5.484540968184922427e+00
1.318743972475631132e-01
4.222815755390106482e-11
2.615211191735909892e+02
8.676101943263839457e-14
1.551890377652465292e+00
9.081872862311593173e-03
7.894284100640610105e-03
1.312889967541673807e-05
2.568600648242728539e+02
6.749560031708321099e-17
7.067293928620543773e-16
1.711174449354301196e-17
2.539123633003177360e+01
1.532924626120910538e+01
1.229576937734992161e-04
2.577056191970221828e-16
1.463611265048177317e-12
8.155329899695923021e-04
2.313229386213769746e-06
4.942216200359935435e-20
1.029847733037322799e-14
2.862865017319861138e+01
5.897213229836139683e-20
1.290493708329868046e-03
1.266151350794032897e-07
1.681128693915252097e-08
6.245493846178141099e-18
5.818080979408558778e-13
1.200801383627940434e-04
1.773615818991826050e-04
1.671316970488819903e-17
1.316100855900524669e-03
2.726449203857652722e-08
2.582443666966126391e-11
7.567512853510327349e-16
1.062675336443737981e-04
4.497732333325012146e-13
2.976366589684988225e-15
3.537714987955138832e+07
3.345658030880113643e+01
9.601078545616747836e-07
8.740829400629672818e+02
4.253296255679538385e-16
1.101147050922760473e-14
1.693906033597761956e-02
5.082668230941512070e-08
3.499547814196928631e-14
6.231538928844512526e+01
1.050831813298796968e-18
3.363366714599641938e+01
5.066339490562101553e-16
8.832115405757917648e-02
9.668493639671353828e-16
2.875490929415407425e-05
2.410994250740701066e-07
3.216634025317682852e-11
4.409353877186328536e-04
2.131864573821245102e-03
7.586983955862684584e-10
8.583721372419384821e+00
1.518956727976353510e-09
2.756769236578552140e-13
4.726812018558205961e-14
5.343014184546608031e-12
1.356527846964898356e-08
4.453124823305169566e-01
4.016630307379116804e-02
4.203783433908449297e+03
8.061579055944375466e-05
7.296068241307650624e+02
2.667926655475727146e-02
5.394070824058997657e-05
8.888371048080376231e-11
2.046144068508657424e-10
2.301593210032305932e-08
6.067476152331421593e-12
5.983322340140599512e-11
2.474009232674251564e+02
2.487208789784438761e-13
2.415570760921954699e-04
1.145773720601520847e-10
5.755088183091432841e-10
8.048055987891811788e-05
7.812399612771375241e-08
3.634319076481339899e-13
3.196416775768093999e+01
1.826844397483536243e-17
6.020985702200430723e+00
7.616863900349599554e-08
2.376105792500729785e-01
7.260933744886734118e-15
4.071822389194833391e+01
4.545326228652543310e-20
6.941970823440062704e-10
5.222736528948351657e-04
8.909256296325108644e-14
9.341679484420933877e-02
1.849189576588688005e-06
6.774665548337240786e-09
2.974995768134104379e-01
2.462629321731476042e-09
1.531628128114043591e-05
6.563569105035573411e-12
2.211677486622132953e-13
4.589786333444725983e+02
3.426009881082240841e-19
1.415582008866165012e-08
3.661444837393546957e-14
1.389805599607295906e-19
2.914389623169631916e-14
3.491470915828045030e+00
8.549298541529752098e-11
1.697555693750034794e-10
1.947228244093862149e-10
3.374517885289299466e-06
6.789982803087134082e-04
2.239456535748545430e+05
5.510084663182046583e-08
1.112261931706311734e-02
2.474474414256028544e-10
9.278420787730917949e-14
8.261553767595548360e-05
7.429672889282191667e-19
3.648761055767574257e-02
1.705593697666048670e-03
5.443707745696170138e-06
6.201034662296949928e-12
8.567711188716398354e-14
6.194451469607891170e+01
3.026521909408031955e-09
5.498997007554446093e+00
4.387618473674099016e-13
1.295460701500384396e-14
3.218527754242333572e+02
2.946905077758997749e+01
1.022743364026785444e-06
3.271900785735885512e-19
2.324691678938951758e-03
6.581912942506250872e-04
3.755867196094176826e-10
1.581342615443951771e-09
4.446565485748903939e+02
2.228523137112267336e-03
3.586604767602960115e-06
1.362317985177305053e-09
1.886090097053835635e+01
8.713459722434483105e-07
1.479420925495753050e-09
1.576444185146830823e-01
3.674820592109297379e-12
1.315532818128981205e+02
8.046539940312356975e+01
3.584422276589403782e-08
7.902433761918888085e-13
3.536924494212277670e-02
1.323528474823848836e-05
1.442733315533160786e-11
1.477965748710041838e-15
1.387387368321680289e-14
8.432073789550702090e-07
6.427568964727835716e-16
2.456742676996140351e-02
3.116000288128508032e-19
1.170956968088198574e-01
5.538106530892780363e-03
1.471708023431695515e-12
9.171475995275788943e-10
4.263576405994304231e-07
1.007907597792154220e-02
5.496196494948146093e-15
3.807258161415797981e-01
3.878148371580637792e-09
8.006388791295568888e-15
9.873110798769376473e+00
1.290782974540427802e-11
9.801420163609200330e-04
2.475734491200561454e-06
1.325409097977625221e-11
2.912584074982227963e-04
1.396802378327722582e+00
1.528928039738073540e+10
5.443640163300121930e-04
1.034732819476295695e+00
2.995099273072604841e-06
1.408768765112477905e-19
1.081406775489173847e-18
9.104789986555028019e-06
1.742455718906850495e-16
2.625882465980476054e-10
2.552246213145798120e-15
3.144576629463324804e-12
9.813640488229065398e-10
2.546428411282859621e-14
1.452208864564777908e-05
9.049789161747930636e-07
7.589003360056859211e-07
4.601953595654389218e-16
1.631363822227855365e-01
9.882972513733655944e-08
4.362438320424023375e-10
1.501624719188091962e-14
2.522280126076457411e-11
2.422886257622421624e+01
3.213741947033691381e-15
2.540110304891510737e-17
6.055853918804607582e-12
1.669027031104265694e-17
1.084673668649670297e+00
1.530806173925436326e-18
2.635263676556762877e-08
8.775449152805266939e-01
5.670906506221841284e-11
1.005028485955911620e-03
5.078976523143751620e-13
7.891308409889920272e-02
1.805398882894136106e-05
3.472247364495034526e-05
4.642588606677747198e-02
2.887378824563643146e-19
2.703056655338847655e-05
1.650594745336715352e-01
7.422027965421037977e-20
1.644312486138963223e-06
1.217677870530404105e+00
1.167061026752443347e-15
5.082735543029503339e-02
3.024081276400702819e-05
1.474299852733316207e+00
1.948799414744149888e-12
2.340107576553828578e-07
6.575268169433459258e-12
4.970134522734097100e-17
1.555711000275312311e-03
6.934541016756154406e-19
3.212915289131340029e-14
5.585362156350648702e-17
7.860518834937967048e-02
4.786883426516923086e-15
6.829434726144766231e-14
8.817263083003737734e+01
1.815524287561594427e-10
1.318806182223739455e-15
1.431527674923313493e-07
1.314006254828431016e-09
5.137546420979738309e-15
4.297844457205140261e-17
7.664089626984911624e-15
1.309050304983673920e-03
8.582181173583579340e-11
3.748469020252046707e-15
3.026925036297248177e-17
9.673135171710634262e-14
4.751064760885128231e-15
1.433319627989607562e-15
5.363120496307068067e-12
5.357602712920445312e+12
1.448076685923660391e-06
5.108240945642667365e-05
4.837227962109476737e-11
4.185070448784909344e-03
1.264294511847246647e-15
7.959363414222968280e-02
7.455991502310395500e-13
2.584411047612135359e+00
6.561111430006021152e-08
4.759369869481524596e-13
5.271732245624095187e-07
1.166089194902041936e-06
7.326635641344915505e-06
1.510548799489806659e-05
3.822666346545610702e-11
8.776897604413806195e-09
7.805661845381894182e+01
7.690894396265564037e-01
9.194928913223507014e-03
3.150697722885320634e-12
1.304796215736556437e-08
4.365800322645293219e-08
7.416887009639353892e+02
8.151378446846789590e-18
4.650748118457023786e-19
1.505244252669294731e-16
5.891604625153150453e-10
5.327415866341775562e-17
4.369952117619936516e+00
6.441316833200396878e-19
1.242205272642948888e+00
1.512994635288350525e-12
8.914156963092459624e-20
4.231008345402479019e-08
1.052374028044027041e-14
2.694666688419757364e-13
9.240978646593801931e-15
1.294098121729471198e-10
3.205107305822895634e-06
7.888744564361443778e+00
1.733283733453521725e-08
2.717381160763013192e-17
2.312981276444532608e-02
3.038441376365768178e+02
5.097689264725721531e-12
3.467536441412664983e-02
2.554355012249488971e-08
1.892450712626311220e-06
5.172933522727202968e-15
2.428955205580142756e-03
1.292714362933890839e-10
1.092943570553318080e-04
5.798829243631476356e-06
3.931432154134445987e-03
1.089027313813265365e-04
2.593587878329676726e-05
3.117343288694222891e-05
8.776321428144776064e-11
1.510203895779017450e-11
2.870450897048696937e-01
1.038257550921320532e-12
2.986600945430345104e-06
5.809162351899495115e-09
1.058064235694389947e-14
8.636598105509860029e-19
4.147380521751432362e-10
2.160806500469741257e-05
3.386157459531601299e-01
6.342305440645433983e-11
3.502757801338571087e-19
5.840809598399283498e-11
3.097227778148418318e-05
1.588768105730282333e-06
1.617545362155589080e-14
4.072124365719408597e-09
2.375347444468866953e-15
6.619312057396435002e-10
7.019064308594333607e-15
2.473645971801874081e-15
2.644305006853018419e-02
8.381782886801665456e-08
4.196821906885490726e-08
1.242148034643754020e-12
8.180841401086503595e+00
8.953603780804339015e-11
8.242105629513047132e-20
6.259424355340164021e-14
3.785657938404146661e-02
1.576374285939005780e-14
1.415554518929701007e-14
4.297877461887541896e-10
1.241406100430173237e-07
8.200360992650885389e-03
9.832885471671998195e-11
7.190170668208072584e+02
2.137811002804076210e+00
1.039827788924654783e-12
2.423641051677618195e-08
9.339877742362650791e-14
9.874695801659273860e-05
7.092272171374185141e-02
5.250391065508217845e-11
2.069169087228727400e-18
3.594905803759891114e+02
3.223017581274967678e-11
7.272158161436417391e-07
2.861751340570064016e-19
7.325974169127764255e-11
1.645965102012956669e-17
1.554576677601435378e-07
1.818045581995124053e-19
6.018046210744768802e-09
1.358603296645874369e-06
1.914683314425265337e+01
1.129978016846550752e-17
7.783072299857929829e-19
1.778654680534334093e-02
5.217101861631191184e+01
9.649249380901833856e-13
1.635080033452813685e-05
8.184031210530497447e+01
2.973958528705058058e+00
4.727009715511741250e-11
2.354311025386352412e+03
3.444636664934749491e-07
4.959054968845406920e+07
7.871301966144709357e-13
5.754881196639984265e-05
7.186956194046935149e-12
4.420753842794080944e-07
5.653844908640291411e-10
5.842308742979231424e-10
5.549732918161329768e-14
2.276985616153280703e-13
2.554789427537369153e-19
1.403235790700731104e-18
9.516061171707510582e-13
1.030715332756350427e-12
1.572437098886464543e-04
2.429520472121799818e-12
7.925022591679894158e-14
4.817460601451030553e-04
1.076731248382536137e+02
1.999206791965486840e-02
2.551591728169402568e-03
2.032290782631642607e-07
2.303453206118223195e-03
5.320700041044593090e-06
3.657088565701315530e-17
6.338636563148069366e-16
1.678377756169402455e-16
3.778724066825500023e-08
2.238949421845761888e-04
5.664029188370787384e-09
2.092522249264881827e-04
4.564207382755487430e-01
3.654743298982043864e-02
4.625314632283996730e+01
1.017224832598146383e-04
2.275694160691134989e-15
7.465334129090210236e-14
1.148160829596730705e-09
4.790417330594384778e-11
3.280974233432532515e-17
3.942002008037913185e+01
2.124117734153004527e-14
5.022444825385055391e-18
4.039114891544849373e-01
1.795058738489378373e-18
1.774565681125680723e-10
5.304626760798588627e-04
2.060192054623215480e-04
7.256289016448498330e+00
3.435671000735307956e+01
3.506790588172383708e-03
2.777982149394858050e-04
1.785823705938918638e-16
3.287178492387823336e-01
1.199585251544765171e-13
4.993155471545455271e+02
1.828892243527887873e-01
4.036083558351406531e-01
1.203838714717331721e-08
5.075710173259851549e-03
4.164071396580169154e-07
2.318972080329386812e-15
4.988763270740346166e-03
4.384732417907985268e-16
1.746743484922883461e-04
9.087329396782784034e-16
4.715092972701184347e-05
5.985932142845456182e-03
5.938973467187494372e-04
8.575054476262624055e-10
1.016180318299183538e+00
2.758521792578016996e-03
7.831945585942676749e-15
2.255627940759083921e-10
3.253535329671184122e-09
1.447122678827531732e-13
1.585142160039381132e-01
2.023032506087866449e-06
5.422599461662338085e-04
3.936671916096369342e-08
4.553609989790366823e-08
2.781729946908459251e-08
7.640433163940801933e+02
2.961683696531272440e-08
1.140269726891609020e-08
6.899845939091661667e-11
4.590609252235471871e+01
4.293597844479567167e-18
1.329938278093925058e-06
9.853758639109215900e-19
1.057536889698654640e-09
5.200071854892148786e-09
1.943318359654230226e-16
1.177142670002183367e-02
6.381147188080380396e-18
1.074089726754723841e-17
3.952134409261955625e-09
1.995311714800542932e-11
2.183601218962223674e-08
2.571693212206688273e+01
2.938557340442598761e-04
3.174165687604856793e-03
1.584677641149418326e-03
2.543114114538044597e-10
2.555835239954116179e-17
1.208490412129178370e-17
2.165034740927281910e-03
1.856763317146419689e-16
5.586030931155106004e-04
7.822933503347751004e-15
5.200139892714864785e-18
7.361143104495078660e+03
1.515874661991460575e-12
4.685338064833152738e-01
3.814011883707303969e-16
6.883000449195965592e-04
2.891244471192157736e-08
4.057087146141688506e-04
7.517054603604703005e-14
2.540262445118792495e-20
9.457295921485615509e+01
8.781859258382120892e-01
1.866553861690733486e-03
4.679724114736695974e-07
1.290018995759160016e-07
5.551696683929990666e-17
1.712884607883251206e-15
9.344633844184328577e-08
1.729293914529185159e-15
9.187601370192021236e-03
4.410011562663682821e-04
2.579951253864249590e-07
9.098652530360170207e-15
6.586379997331595951e-05
6.929294742301114542e-20
1.315979969152576861e-08
1.033872493333594161e-03
1.449201778860207955e-05
4.848912695756354596e-14
4.909367155463423084e-06
1.468606994920348797e-14
1.485682960791639418e-01
4.116703419642395165e-20
6.611024696238320786e+00
5.510523292311992781e-04
2.076921125766354760e-05
2.767135095836433054e-07
6.949705303843362048e-02
2.679353451077590246e-17
2.389220134914703480e-08
7.217248418530255214e-11
4.832942342163598441e-14
1.469159411991953051e-09
6.191621528497009132e-14
7.696893224855402297e-18
1.583482335781625422e-07
9.614017121709453643e-05
2.590430403615223515e-10
6.335740375685716042e-18
9.569297545994220400e+01
1.178596985415147385e-08
1.808692677171496750e-08
7.065757081689976599e-03
4.745319302854499877e-01
8.638360987027584106e-04
3.186219839488610471e-10
1.650710202288260460e-08
1.711371806773437143e+01
1.957814697643446913e-03
1.387468813640928352e-16
9.054681420371096578e+00
1.526937807719311471e-13
1.249043153735538056e-17
1.402550258171780172e-05
3.748697011677974469e-08
1.481949866834489698e-18
8.576230183718278066e-06
7.250297550091029917e-14
1.634971426713541862e-12
2.502532973477608355e-13
2.596276630333743808e-14
3.795542800746454132e-19
8.324416795795061883e-06
4.450135719150461895e-11
2.467898930212794519e-11
3.010088111112347795e-04
1.516938011384998473e-16
4.741969190714310718e-14
1.722195132877281159e-04
9.564561878698332009e+01
2.079518372054010949e-06
6.695286566618698088e-02
9.561684235921969063e-07
4.538139123604514973e-08
5.163686647694473582e-07
1.260322559649397078e+01
1.288769624379759682e-18
2.582700794958154287e-09
5.311423378208636150e-13
2.332007250978744562e-16
3.736589552076150511e+01
3.155052700000895993e-03
1.394891998244580407e+02
2.599108045433408676e-01
1.615689930602052438e-13
1.718536720699054002e-12
8.173611501481417574e-02
1.618972458643357131e-20
5.047615633684920944e-01
4.745647706124811807e-05
1.664105262232082295e-09
4.437328677926317278e-08
2.327740481225918489e-16
2.563683855810085102e-04
5.187352972859745901e-12
2.341953776477186451e-14
1.398401348651398970e-10
4.479673903539764801e+00
1.204243289251276832e-07
7.305883110809921117e-13
8.939470393384636131e-16
2.955026325636259597e-16
3.043433799211129109e+00
8.280011507141663560e-05
5.159280635949659921e-16
4.110348341694482106e-14
9.998631973462144122e-12
5.494742392274021751e-08
2.285301228065664603e+00
8.870522894655041011e-05
9.673742342650239765e-18
2.542783450233990659e-06
7.153814712860223417e-18
9.783049088450360697e-01
2.210518191160260812e+02
1.297020886868873127e-18
1.586637970387937804e-12
1.352981738563409494e-03
2.048504854755457623e-09
7.758483773483376740e-11
6.357824157040865526e-11
2.285872806186354709e-11
1.988676683627395303e-01
1.181079986991372656e+13
2.429834487009624205e-15
1.171180336325698432e-11
2.008428262679937581e-07
1.376223001768795751e+00
1.744148246819003845e+01
3.063692635161177014e-17
1.279732007068581658e-15
9.556352571781851696e-15
3.412058568131211683e-10
2.725790801599160208e-15
6.289905484335993606e+03
4.097586518430382537e-14
2.491678387687766788e-12
1.762511656276217975e+00
1.613879634807206668e-14
5.651277158379758650e-03
1.923512266278904143e-03
2.088751375454186726e-12
9.582841941448681862e-09
5.184517557092178193e-04
4.288615041555949215e-14
9.346601165655138798e-06
6.487518942994234178e-07
2.975425546817624003e-17
1.213027400864762958e-14
2.067294160605285356e+02
1.204709079473461134e-02
1.385383759504315754e-16
6.164968252812880920e-12
6.588045360493053337e+00
1.314207197933709872e-08
2.624089645474393954e-05
6.065919996622689054e-09
3.652517354579706661e-19
2.714947407860657904e+02
6.158497971592810870e-19
1.153705241492359293e-11
2.023316430028181180e-16
3.018582187900493352e-17
3.999015904693036059e-11
1.988069078880692268e-07
5.426211644513128431e-17
1.067916212357108593e-15
2.534254245624382367e-19
2.938509151775419353e-08
2.851045559884432136e-16
4.102375144579393932e-04
6.742176111977794539e-01
3.954199341156264952e-03
1.410417139390499216e-04
4.359275207510473004e-10
4.570426476623512662e-16
1.730688676540999722e+03
2.449370283968741089e-06
1.573817769794672929e-09
5.586221475059714336e+00
6.859677176142339603e-16
5.662903683718793555e-16
3.552417900610024015e-13
2.139573007572747152e-17
9.394198587619592791e-09
1.668941252007531554e-03
2.623786274608299891e+02
1.474764487316951539e-16
2.857740134574227060e-10
2.271767811181554714e-17
1.848259476144966843e-08
3.463707113346982091e-08
1.553524033131316859e-10
4.133646938060148835e-19
1.978721622846759587e+01
8.320856678478468270e-08
3.821255976029059070e-17
1.349453170279548135e-16
1.286132741530560441e-08
1.098705528075461422e-17
1.027813455285187657e-17
1.366445871045153170e-07
2.918359095035636841e+00
2.830933285473703681e-18
4.883231591491312557e-03
1.918842128933206492e+00
8.837064888931273309e-16
1.026614465698311029e-15
1.430970166191661250e-08
2.834770865851578492e+01
1.040180049406907725e-01
2.405970091576473515e-04
9.602302057985473027e+01
3.496604479955884573e-15
1.204940405896390060e-04
1.190048288174465042e-11
3.383677159319689721e-13
1.662056185505529762e-11
5.374737720263175947e-13
4.530783389560388343e-15
2.370298276579610424e-17
3.364664311982704797e-02
2.379182811449612402e-15
5.516858741424389567e-11
1.777117189487508456e-11
1.807744776168170731e+01
3.400366174399598175e-11
7.885409708441048679e+03
6.547433669703814178e-03
1.654070081183826243e-11
1.910097706919801075e-01
3.489349752263473405e-17
3.013431227450678962e-18
5.822059041469808562e+02
4.633886038780366832e-13
1.511640703213054886e-05
4.714995171878797464e+01
3.313408162251437339e-12
2.688001226578229300e-07
6.744840525029701458e-08
7.764694663138677351e-11
9.732013351495538425e-09
6.926737863926864872e-06
2.855340064621705309e+01
6.785511874440338044e-16
8.731414189844595834e-16
3.432154582347271898e-07
3.493248163508943516e-01
3.520660552794356590e+01
1.579760601984057152e-03
1.041174031600299656e+02
7.456169438719712488e-09
5.995745330349049312e-09
3.160455688539330657e-10
1.168236259788865905e-13
2.799009076226620808e-03
3.914756202785340073e-13
4.202374814068794186e-03
1.558745402554148769e-15
6.640941736138858517e-12
3.860399669330426174e-11
3.910529275237866864e-09
2.443613808794341757e+00
4.286871079333795526e-13
6.465366660387072777e-05
4.037310586686199588e-18
7.198636528739183713e-19
1.073383783238576841e-10
3.582808864978837171e-10
4.631862235668633529e-13
1.758738264084245708e-10
1.153371836500082133e-02
5.688426154209993001e-16
3.282667029563037164e-18
4.216008954365196596e-06
5.597646799156846174e-17
7.443408938458698110e+00
5.524110712843601778e-01
5.379230000987603458e-13
3.290581593182884078e-07
2.113832576882879768e-10
4.031314324407902094e-10
3.214612874771207957e-11
7.114453609168120885e-08
3.721366052744409137e-07
9.476084154071922299e-13
3.131084147590782358e-05
2.086529073656619373e-12
4.794396553770470746e+02
3.760587810942993985e-04
2.597099659710552094e-03
9.371800092067552111e-14
4.251625355911360734e-10
1.260672332672199900e+02
2.678022032727416651e-04
4.605802609699972787e-03
1.917550019400981026e-10
2.074019114533416576e-19
1.184233634009159916e-02
1.471826484074617363e-09
1.159090028943478146e+01
6.166323566536484613e+00
1.017406131742381754e-09
1.235120993001019087e+03
3.559422054148297434e+02
3.737152201862811590e-13
2.402976089005906601e+01
1.855799449872711504e-01
1.935301841608542896e-04
2.215973333267328599e+03
2.271551610673401278e-01
1.199002829061489912e-19
9.930005336847374841e-14
6.486841318362209017e-08
4.589653032218007508e-17
7.819820477351611565e+00
2.984310236443011438e-02
2.703248664965330133e-17
1.117688213022683169e-10
5.622460680607312082e-06
9.315358821042279928e-09
1.070675195104295341e+02
7.816859687487410658e-08
8.511465229874165346e-13
1.885629973140147131e+00
1.858831954266638149e+03
2.296649131702888433e-14
3.354867437397639378e+02
1.733750243169239163e+07
1.504294674208970541e-03
3.261114637651894160e-02
1.149403069471687742e-19
2.137141755826016920e-08
1.564166386900942219e-05
2.777587844265431042e-08
1.467166281939803221e-14
6.846314612590706776e-05
5.529085019253472712e-14
1.668962764531176465e-16
2.620482127486747359e+00
2.352249982905175171e+11
8.568885644581774077e-10
1.813657908715291369e-04
9.004363335876391840e-05
9.010770829698130851e-10
3.090326341192141738e-02
1.329239599522691383e-04
3.182719584779738253e-16
3.811412016537801950e-12
8.787106017889111342e+01
1.541931657311294146e-05
6.025454527867145967e-19
4.616440372942656677e-08
2.015137114856826728e-01
3.009306999494444881e+02
3.798458967217387960e-01
1.515893780258764388e-10
5.796253379377273862e-02
5.413360821160488612e-02
7.346251862808169771e-09
1.305252003626013767e-10
7.171566423167078028e+02
1.501080389982990537e+00
5.049014100497585874e-07
3.119797337839848694e+00
1.819621970085512375e-17
2.661856982667395576e-03
1.540120089851393898e-18
1.039334869360769131e+00
2.321895335473010422e-05
1.401230307910669177e-05
1.846075796265932156e-02
6.215630977637551911e-15
1.003235195685589150e-17
4.701248076298483167e-15
5.250200244294714238e-04
3.504960392835912319e+00
8.821074121160231931e-11
1.806647489165034294e-17
1.150577916501611622e-06
7.632362228109279840e+02
5.068138543779695318e-12
1.914329402127652778e-03
1.504859517880948260e+03
3.759633907406949106e-08
5.482874888711187409e-14
6.612418344085323474e-01
1.053661173378026404e-06
1.191577944972730119e-01
4.817556685185165948e-08
8.286269847130220322e-08
2.387799536780661396e-06
2.667951462361188852e-01
1.021545968697431653e-07
6.308247232239777656e-05
5.847038567097943182e-06
2.949532466714441077e-06
2.875816433048320846e+02
4.748199367831542716e-05
2.819654901804489718e-16
2.895784488918821838e-19
5.098233085387221105e-09
5.520396897967323119e-17
5.275410010122360660e+01
7.063371095365583718e-02
3.750318108769863331e-04
1.267858222521707905e-16
5.918685062067011644e-16
3.649804174973375181e-03
1.484483398106786632e-12
3.133900892224571796e-03
4.445511046782627318e+02
2.323582956135426798e+02
2.149513200320486259e-10
1.540682185900307533e-01
6.005604530263032205e-10
2.450926467561718461e-06
9.442875366167765703e-17
3.697608293911961681e-16
8.103814351861377691e-03
1.614988402452777827e-13
3.356266051552252496e-14
2.436353160750536727e-09
5.243267443627716961e-08
5.750044348892249101e-09
2.104603542857649886e-15
3.718001979371175968e-10
2.242120566219954370e+00
2.540146449074971880e-18
4.641661388273018354e-19
5.610066111045014745e-14
1.981277286487135328e-13
6.663400982312969845e+00
3.374649555059424766e-10
1.707887419049893264e-16
3.260479807396657326e-02
4.849031228020643880e+02
6.791487783842815418e+01
9.909441317081938649e+00
2.400811431825374681e-09
2.401228375668414738e+00
3.366628600670791596e-15
3.283968563538317416e-17
3.223281122760569828e-02
2.755334856575333818e-07
6.584590495631871031e-13
2.347010505270538425e-15
4.829292777134942236e-11
1.244148267496335905e+02
4.400291369936673549e-20
2.359263910892393858e-15
1.222165862807752181e-07
3.660237485998244460e-16
1.746589395860026528e+01
4.095854950973542779e-09
1.322470340919358879e-09
1.687116206381410207e-14
1.062810354773346691e-12
6.279155042915775098e-07
9.583168830641794145e+00
2.221339247478047488e-17
9.307388626790369379e-03
2.536204552421416803e-05
4.545446847685304675e-12
3.406676632866012717e-04
2.563223755161749599e-13
4.759136019915060668e-03
1.542150525245442166e-15
1.219759323670107767e-06
1.776809394528853226e-19
4.710481346338585062e+00
1.179521823835737449e-01
5.486133667446382729e-11
2.985987511957823576e-07
2.503968544288306841e+00
1.251068192501276366e-08
1.875967857046263775e-18
5.666264233064671751e-01
4.534291807546859121e-01
1.053792837341213996e-11
1.992961404824072515e-07
5.160493608325040695e-14
4.760257431274037259e-04
1.918032556629444940e+01
2.113634841719849927e-17
3.075304698256065165e-06
5.686969826522682812e-03
1.419914593275754084e-04
4.358846701655914133e-09
4.790769911514835400e+01
2.506865306098758350e-01
7.677585659680155004e+03
3.315407560778224140e-17
7.476380188528892502e-03
1.420344274764570716e-15
6.241872375252140214e-04
8.079765613466501479e-19
2.137453356146890935e-08
1.920933861941429647e-07
5.093949804769984349e-08
2.640727754367468704e-10
1.517706265273398839e-09
9.211160685998095366e-13
1.099200656872713211e-05
2.517120033642689967e-20
9.187850155092791855e-12
3.828419623966138493e-08
3.718528169466210051e-05
1.248757734675525338e-18
4.438780250121590925e-09
1.583706271836050117e-08
3.962723268889935643e-08
3.757812847360578864e-08
4.413551135427188447e-09
1.743886356276798506e-06
1.236093664686372590e-19
1.040928507098352553e-11
9.680105689862169711e-13
2.113992455399433986e-05
1.679924540159718344e-02
1.133532327492071878e-09
1.013107349732874177e-07
1.536686154712317922e-11
2.452040275080683432e-08
1.955224960578557828e-15
4.905289875985404535e+01
1.183628427327551081e-18
3.280831531528855205e+00
3.261800355489945049e-10
5.860976964628735974e-13
4.556819856812604485e+03
7.856783539213382138e-10
3.126720882480068138e-09
3.249329349264592715e+00
4.484191212790959113e+00
8.182903357146432872e-08
6.368021631087610381e-07
9.028033862054587902e-06
1.912413230251123808e-11
4.595539184511621045e+01
6.462032737905702455e-19
2.632351038202128413e-10
6.247218120745981701e-04
4.897919277918745445e-14
8.453726308234518427e-13
5.118665938097854868e-06
5.729735676146986807e-10
9.615350027824104018e+01
4.799534526934167572e-02
1.257724929857119092e-10
1.433140854986697349e-17
6.398885098828991002e-19
3.975683640554166510e-17
1.186437232910971237e-11
2.808867809173160750e-20
3.797017789015952591e-08
1.347892953463068962e-15
5.736619739477722576e-15
2.932621692443781283e-19
4.548084888361647753e-07
9.716267225403944427e-04
3.160772129653075806e-17
2.494432653116580498e-06
5.960256489790174841e-20
1.080657209374636006e-07
1.936401533830466563e-15
1.001134584581064640e-03
2.577773440774613651e-18
6.334967683384691919e-17
5.617576954828800669e-19
2.504129840066395954e-09
1.378357586747959838e-06
1.073814869660318548e-06
1.678131637420072209e-01
3.108015668498442525e-05
1.951429312942018452e-15
3.807833059811215686e-08
5.970724361513713233e-03
3.157064849531355469e-16
4.108310196521817366e-16
1.079942688528911763e-19
9.924279161422800342e-15
2.774046945543056708e+01
4.806536186745557570e-10
1.013738117049668127e-16
2.766282096928221133e-08
1.170745182996200856e+04
5.150763421269258841e-12
2.564504854326351908e-15
1.769777696424796098e-09
1.689981081371167839e-08
3.925672377981699601e-02
4.294916804164990332e+00
1.359248188526540199e-14
6.884558808365406715e-11
1.121620483169861581e-03
3.866945241960191137e-03
3.426255670369718342e-02
2.758460188943288813e+03
1.503204444411129822e-08
5.419321347636058661e+00
2.155906372108070532e-12
9.797768016300978383e-06
3.589057896291136363e+00
2.248803203228486501e-18
7.566649939043573525e+00
1.285057206084956258e-02
1.386653881279608579e-09
1.837796265248634953e+01
4.447900373970527177e+00
1.560234795812676162e-11
4.627493384929472052e-16
3.867965035951592512e+01
3.381570940096315222e-04
8.851895493213668995e-13
4.310800647231861292e-07
2.095211194689604697e-05
1.329368265882718897e-17
2.302619342917700539e-09
1.971905035019844123e-13
9.302419115612444841e-10
5.033376954071176545e-15
5.789028746571146330e-07
3.942456606116052226e-02
6.533306000957361077e-09
3.851202509669825389e-14
2.191478093597238652e-17
4.749351012170422403e-14
1.627002967004878182e-05
2.251287407920480945e-14
2.894986343483989082e-04
1.510184436586210751e-15
1.475328711071976291e-04
2.136413153683954209e-10
1.689675578366389085e-19
4.332991853475171191e-03
1.154967007670059807e-04
1.048352833078476574e-11
1.410547990927484875e-03
2.772170963365420579e-19
1.277134511711828235e-01
4.801767489831409210e-05
1.024504154306414193e+03
2.085714991290871885e-04
2.785074416614009990e-14
4.488604430304902931e-06
1.040141986156445493e-11
2.270033347415668740e-13
1.957700270299403273e-15
5.286222095862816960e-03
6.380571669521990876e-16
2.102908611925879081e-07
2.819862355770301897e-12
6.218608745590459876e+03
4.622462766521771111e-04
1.425246369064402454e-09
8.064568745254874183e-05
3.869291461458632585e-10
3.202008025354454039e-17
1.848715514242149031e-17
1.902072074769276584e-07
3.740444261849917424e-12
1.742060455481993458e-04
2.186862750379860859e-02
2.478223616699535666e-06
5.193785802362721631e-06
3.123402531908091796e-14
6.143088832528589907e-17
2.287729798479615486e-06
3.650531272323712106e-01
1.094858535564342442e-11
4.155496862205139481e-08
2.798036566838508765e+00
4.120897100400160440e+01
5.233908946769097098e-10
2.642195550952128880e-01
6.407968103960019612e-09
2.235532079310440690e-16
1.274860617154588683e-16
1.203642025186444325e-13
2.342198806033865890e-02
3.827318316723989671e-18
4.155488678925823606e-07
3.640600712682407373e-17
9.525474090824467055e+00
9.742601348087606846e-05
2.072192885705827114e-07
2.299743149102810490e-07
1.196741160059488746e-06
2.346331249210183780e-19
2.128037750088513424e-09
2.693252450565155332e-05
2.066040573288788522e-09
1.632133381108157828e-13
6.329286972286023091e-12
1.022229950580314672e-04
5.075245980115323588e-12
8.356426470802443873e+01
6.215323467616834201e-15
2.498659678732167830e-12
7.890557316690419631e-04
6.424363713484627479e-14
2.951662643533195971e-06
4.721560490133467594e-14
3.830985395180974175e-03
6.919966426882200039e-02
2.699830098318076284e-15
2.700410366171308276e-13
2.165544808066136731e-18
5.449073157424678904e+00
2.365858323854681811e-02
4.048124270349532549e-16
4.758808388364676547e-18
7.470764282929512249e-09
6.218894159122458692e-07
2.089208225318892431e+01
3.653079690903876514e-06
1.893026295429966410e+01
4.257677590366809902e-13
2.098661267274284787e-13
3.895712525281135097e+00
5.123102424074279919e-12
5.321142725218525218e-19
3.014356332094482213e-16
1.319989568729665588e-15
2.922942385065874065e-20
9.471195626081049812e-02
1.615320836752560439e-15
1.333106045744632809e-06
7.946214647707763867e-02
7.721915372751397659e-03
1.073519813138260391e-08
8.732678815284193072e-08
2.245914234887146564e-12
3.148090917198284838e-15
4.057320463632514002e-02
2.141141151152582767e-14
2.603405355847953224e-06
5.437034525407864471e+00
1.178547901703846216e-13
5.194815130726546724e-10
2.150532306986961177e-07
1.706344784811349713e-14
2.032736061431567620e+01
1.135207231589654465e-04
2.410643144803794047e-01
3.561131773597896177e-03
1.605182800922809558e-14
2.142316208523963931e-07
1.286508839999875704e+02
6.363122845410953256e-09
1.741303958482545690e-06
4.127016150856388252e-10
1.103599771282330286e-10
3.925052858285705174e-12
2.405878024704296084e-02
1.935458833561656585e-07
1.863015722617725188e-10
1.893993274624853452e-08
3.180914779635458310e-12
3.187695765835621699e-07
1.094995274650731060e-03
